npm warn tar TAR_ENTRY_ERROR ENOENT: no such file or directory, open '/mnt/data/pickinvoice/pickinvoice-step4/node_modules/next/dist/compiled/@edge-runtime/primitives/crypto.js.text.js'
npm warn tar TAR_ENTRY_ERROR ENOENT: no such file or directory, open '/mnt/data/pickinvoice/pickinvoice-step4/node_modules/next/dist/esm/server/app-render/csrf-protection.js'
npm warn tar TAR_ENTRY_ERROR ENOENT: no such file or directory, open '/mnt/data/pickinvoice/pickinvoice-step4/node_modules/next/dist/server/app-render/csrf-protection.js'
npm warn tar TAR_ENTRY_ERROR ENOENT: no such file or directory, open '/mnt/data/pickinvoice/pickinvoice-step4/node_modules/next/dist/build/webpack/plugins/css-chunking-plugin.js'
npm warn tar TAR_ENTRY_ERROR ENOENT: no such file or directory, open '/mnt/data/pickinvoice/pickinvoice-step4/node_modules/next/dist/esm/build/webpack/plugins/css-chunking-plugin.js'
npm warn tar TAR_ENTRY_ERROR ENOENT: no such file or directory, open '/mnt/data/pickinvoice/pickinvoice-step4/node_modules/next/dist/build/webpack/plugins/css-minimizer-plugin.js'
npm warn tar TAR_ENTRY_ERROR ENOENT: no such file or directory, open '/mnt/data/pickinvoice/pickinvoice-step4/node_modules/next/dist/esm/build/webpack/plugins/css-minimizer-plugin.js'
npm warn tar TAR_ENTRY_ERROR ENOENT: no such file or directory, open '/mnt/data/pickinvoice/pickinvoice-step4/node_modules/next/dist/client/components/react-dev-overlay/internal/styles/CssReset.js'
npm warn tar TAR_ENTRY_ERROR ENOENT: no such file or directory, open '/mnt/data/pickinvoice/pickinvoice-step4/node_modules/next/dist/esm/client/components/react-dev-overlay/internal/styles/CssReset.js'
npm warn tar TAR_ENTRY_ERROR ENOENT: no such file or directory, open '/mnt/data/pickinvoice/pickinvoice-step4/node_modules/next/dist/build/webpack/loaders/css-loader/src/CssSyntaxError.js'
npm warn tar TAR_ENTRY_ERROR ENOENT: no such file or directory, open '/mnt/data/pickinvoice/pickinvoice-step4/node_modules/next/dist/esm/build/webpack/loaders/css-loader/src/CssSyntaxError.js'
npm warn tar TAR_ENTRY_ERROR ENOENT: no such file or directory, lstat '/mnt/data/pickinvoice/pickinvoice-step4/node_modules/next/dist/esm/lib/eslint'
npm warn tar TAR_ENTRY_ERROR ENOENT: no such file or directory, lstat '/mnt/data/pickinvoice/pickinvoice-step4/node_modules/next/dist/lib/eslint'
npm warn tar TAR_ENTRY_ERROR ENOENT: no such file or directory, open '/mnt/data/pickinvoice/pickinvoice-step4/node_modules/next/dist/compiled/@babel/runtime/helpers/decorate.js'
npm warn tar TAR_ENTRY_ERROR ENOENT: no such file or directory, open '/mnt/data/pickinvoice/pickinvoice-step4/node_modules/next/dist/compiled/@babel/runtime/helpers/esm/decorate.js'
npm warn tar TAR_ENTRY_ERROR ENOENT: no such file or directory, open '/mnt/data/pickinvoice/pickinvoice-step4/node_modules/next/dist/esm/server/lib/dedupe-fetch.js'
npm warn tar TAR_ENTRY_ERROR ENOENT: no such file or directory, open '/mnt/data/pickinvoice/pickinvoice-step4/node_modules/next/dist/server/lib/dedupe-fetch.js'
npm warn tar TAR_ENTRY_ERROR ENOENT: no such file or directory, open '/mnt/data/pickinvoice/pickinvoice-step4/node_modules/next/dist/esm/shared/lib/deep-freeze.js'
npm warn tar TAR_ENTRY_ERROR ENOENT: no such file or directory, open '/mnt/data/pickinvoice/pickinvoice-step4/node_modules/next/dist/shared/lib/deep-freeze.js'
npm warn tar TAR_ENTRY_ERROR ENOENT: no such file or directory, open '/mnt/data/pickinvoice/pickinvoice-step4/node_modules/next/dist/esm/shared/lib/deep-readonly.js'
npm warn tar TAR_ENTRY_ERROR ENOENT: no such file or directory, open '/mnt/data/pickinvoice/pickinvoice-step4/node_modules/next/dist/shared/lib/deep-readonly.js'
npm warn tar TAR_ENTRY_ERROR ENOENT: no such file or directory, open '/mnt/data/pickinvoice/pickinvoice-step4/node_modules/next/dist/esm/server/future/route-matcher-providers/dev/helpers/file-reader/default-file-reader.js'
npm warn tar TAR_ENTRY_ERROR ENOENT: no such file or directory, open '/mnt/data/pickinvoice/pickinvoice-step4/node_modules/next/dist/server/future/route-matcher-providers/dev/helpers/file-reader/default-file-reader.js'
npm warn tar TAR_ENTRY_ERROR ENOENT: no such file or directory, open '/mnt/data/pickinvoice/pickinvoice-step4/node_modules/next/dist/client/components/default-layout.js'
npm warn tar TAR_ENTRY_ERROR ENOENT: no such file or directory, open '/mnt/data/pickinvoice/pickinvoice-step4/node_modules/next/dist/esm/client/components/default-layout.js'
npm warn tar TAR_ENTRY_ERROR ENOENT: no such file or directory, open '/mnt/data/pickinvoice/pickinvoice-step4/node_modules/next/dist/esm/lib/metadata/default-metadata.js'
npm warn tar TAR_ENTRY_ERROR ENOENT: no such file or directory, open '/mnt/data/pickinvoice/pickinvoice-step4/node_modules/next/dist/lib/metadata/default-metadata.js'
npm warn tar TAR_ENTRY_ERROR ENOENT: no such file or directory, lstat '/mnt/data/pickinvoice/pickinvoice-step4/node_modules/next/dist/esm/server/future'
npm warn tar TAR_ENTRY_ERROR ENOENT: no such file or directory, lstat '/mnt/data/pickinvoice/pickinvoice-step4/node_modules/next/dist/server/future'
npm warn tar TAR_ENTRY_ERROR ENOENT: no such file or directory, open '/mnt/data/pickinvoice/pickinvoice-step4/node_modules/next/dist/compiled/@babel/runtime/helpers/defaults.js'
npm warn tar TAR_ENTRY_ERROR ENOENT: no such file or directory, open '/mnt/data/pickinvoice/pickinvoice-step4/node_modules/next/dist/compiled/@babel/runtime/helpers/esm/defaults.js'
npm warn tar TAR_ENTRY_ERROR ENOENT: no such file or directory, open '/mnt/data/pickinvoice/pickinvoice-step4/node_modules/next/dist/build/webpack/plugins/define-env-plugin.js'
npm warn tar TAR_ENTRY_ERROR ENOENT: no such file or directory, open '/mnt/data/pickinvoice/pickinvoice-step4/node_modules/next/dist/esm/build/webpack/plugins/define-env-plugin.js'
npm warn tar TAR_ENTRY_ERROR ENOENT: no such file or directory, open '/mnt/data/pickinvoice/pickinvoice-step4/node_modules/next/dist/compiled/@babel/runtime/helpers/defineAccessor.js'
npm warn tar TAR_ENTRY_ERROR ENOENT: no such file or directory, open '/mnt/data/pickinvoice/pickinvoice-step4/node_modules/next/dist/compiled/@babel/runtime/helpers/esm/defineAccessor.js'
npm warn tar TAR_ENTRY_ERROR ENOENT: no such file or directory, open '/mnt/data/pickinvoice/pickinvoice-step4/node_modules/next/dist/compiled/@babel/runtime/helpers/defineEnumerableProperties.js'
npm warn tar TAR_ENTRY_ERROR ENOENT: no such file or directory, open '/mnt/data/pickinvoice/pickinvoice-step4/node_modules/next/dist/compiled/@babel/runtime/helpers/esm/defineEnumerableProperties.js'
npm warn tar TAR_ENTRY_ERROR ENOENT: no such file or directory, open '/mnt/data/pickinvoice/pickinvoice-step4/node_modules/next/dist/compiled/@babel/runtime/helpers/defineProperty.js'
npm warn tar TAR_ENTRY_ERROR ENOENT: no such file or directory, open '/mnt/data/pickinvoice/pickinvoice-step4/node_modules/next/dist/compiled/@babel/runtime/helpers/esm/defineProperty.js'
npm warn tar TAR_ENTRY_ERROR ENOENT: no such file or directory, open '/mnt/data/pickinvoice/pickinvoice-step4/node_modules/next/dist/esm/shared/lib/page-path/denormalize-app-path.js'
npm warn tar TAR_ENTRY_ERROR ENOENT: no such file or directory, open '/mnt/data/pickinvoice/pickinvoice-step4/node_modules/next/dist/shared/lib/page-path/denormalize-app-path.js'
npm warn tar TAR_ENTRY_ERROR ENOENT: no such file or directory, open '/mnt/data/pickinvoice/pickinvoice-step4/node_modules/next/dist/esm/shared/lib/page-path/denormalize-page-path.js'
npm warn tar TAR_ENTRY_ERROR ENOENT: no such file or directory, open '/mnt/data/pickinvoice/pickinvoice-step4/node_modules/next/dist/shared/lib/page-path/denormalize-page-path.js'
npm warn tar TAR_ENTRY_ERROR ENOENT: no such file or directory, open '/mnt/data/pickinvoice/pickinvoice-step4/node_modules/next/dist/build/deployment-id.js'
npm warn tar TAR_ENTRY_ERROR ENOENT: no such file or directory, open '/mnt/data/pickinvoice/pickinvoice-step4/node_modules/next/dist/esm/build/deployment-id.js'
npm warn tar TAR_ENTRY_ERROR ENOENT: no such file or directory, open '/mnt/data/pickinvoice/pickinvoice-step4/node_modules/next/dist/telemetry/detached-flush.js'
npm warn tar TAR_ENTRY_ERROR ENOENT: no such file or directory, open '/mnt/data/pickinvoice/pickinvoice-step4/node_modules/next/dist/esm/lib/detached-promise.js'
npm warn tar TAR_ENTRY_ERROR ENOENT: no such file or directory, open '/mnt/data/pickinvoice/pickinvoice-step4/node_modules/next/dist/lib/detached-promise.js'
npm warn tar TAR_ENTRY_ERROR ENOENT: no such file or directory, open '/mnt/data/pickinvoice/pickinvoice-step4/node_modules/next/dist/client/detect-domain-locale.js'
npm warn tar TAR_ENTRY_ERROR ENOENT: no such file or directory, open '/mnt/data/pickinvoice/pickinvoice-step4/node_modules/next/dist/esm/client/detect-domain-locale.js'
npm warn tar TAR_ENTRY_ERROR ENOENT: no such file or directory, lstat '/mnt/data/pickinvoice/pickinvoice-step4/node_modules/next/dist/esm/shared/lib/i18n'
npm warn tar TAR_ENTRY_ERROR ENOENT: no such file or directory, lstat '/mnt/data/pickinvoice/pickinvoice-step4/node_modules/next/dist/shared/lib/i18n'
npm warn tar TAR_ENTRY_ERROR ENOENT: no such file or directory, open '/mnt/data/pickinvoice/pickinvoice-step4/node_modules/next/dist/esm/lib/detect-typo.js'
npm warn tar TAR_ENTRY_ERROR ENOENT: no such file or directory, open '/mnt/data/pickinvoice/pickinvoice-step4/node_modules/next/dist/lib/detect-typo.js'
npm warn tar TAR_ENTRY_ERROR ENOENT: no such file or directory, lstat '/mnt/data/pickinvoice/pickinvoice-step4/node_modules/next/dist/esm/server/future'
npm warn tar TAR_ENTRY_ERROR ENOENT: no such file or directory, lstat '/mnt/data/pickinvoice/pickinvoice-step4/node_modules/next/dist/server/future'
npm warn tar TAR_ENTRY_ERROR ENOENT: no such file or directory, lstat '/mnt/data/pickinvoice/pickinvoice-step4/node_modules/next/dist/esm/server/future'
npm warn tar TAR_ENTRY_ERROR ENOENT: no such file or directory, lstat '/mnt/data/pickinvoice/pickinvoice-step4/node_modules/next/dist/server/future'
npm warn tar TAR_ENTRY_ERROR ENOENT: no such file or directory, open '/mnt/data/pickinvoice/pickinvoice-step4/node_modules/next/dist/client/dev/dev-build-watcher.js'
npm warn tar TAR_ENTRY_ERROR ENOENT: no such file or directory, open '/mnt/data/pickinvoice/pickinvoice-step4/node_modules/next/dist/esm/client/dev/dev-build-watcher.js'
npm warn tar TAR_ENTRY_ERROR ENOENT: no such file or directory, open '/mnt/data/pickinvoice/pickinvoice-step4/node_modules/next/dist/esm/server/lib/dev-bundler-service.js'
npm warn tar TAR_ENTRY_ERROR ENOENT: no such file or directory, open '/mnt/data/pickinvoice/pickinvoice-step4/node_modules/next/dist/server/lib/dev-bundler-service.js'
npm warn tar TAR_ENTRY_ERROR ENOENT: no such file or directory, lstat '/mnt/data/pickinvoice/pickinvoice-step4/node_modules/next/dist/esm/server/future'
npm warn tar TAR_ENTRY_ERROR ENOENT: no such file or directory, lstat '/mnt/data/pickinvoice/pickinvoice-step4/node_modules/next/dist/server/future'
npm warn tar TAR_ENTRY_ERROR ENOENT: no such file or directory, lstat '/mnt/data/pickinvoice/pickinvoice-step4/node_modules/next/dist/esm/server/future'
npm warn tar TAR_ENTRY_ERROR ENOENT: no such file or directory, lstat '/mnt/data/pickinvoice/pickinvoice-step4/node_modules/next/dist/server/future'
npm warn tar TAR_ENTRY_ERROR ENOENT: no such file or directory, open '/mnt/data/pickinvoice/pickinvoice-step4/node_modules/next/dist/client/components/dev-root-not-found-boundary.js'
npm warn tar TAR_ENTRY_ERROR ENOENT: no such file or directory, open '/mnt/data/pickinvoice/pickinvoice-step4/node_modules/next/dist/esm/client/components/dev-root-not-found-boundary.js'
npm warn tar TAR_ENTRY_ERROR ENOENT: no such file or directory, lstat '/mnt/data/pickinvoice/pickinvoice-step4/node_modules/next/dist/esm/server/future'
npm warn tar TAR_ENTRY_ERROR ENOENT: no such file or directory, lstat '/mnt/data/pickinvoice/pickinvoice-step4/node_modules/next/dist/server/future'
npm warn tar TAR_ENTRY_ERROR ENOENT: no such file or directory, open '/mnt/data/pickinvoice/pickinvoice-step4/node_modules/next/dist/compiled/devalue/devalue.umd.js'
npm warn tar TAR_ENTRY_ERROR ENOENT: no such file or directory, lstat '/mnt/data/pickinvoice/pickinvoice-step4/node_modules/next/dist/esm/lib/typescript'
npm warn tar TAR_ENTRY_ERROR ENOENT: no such file or directory, lstat '/mnt/data/pickinvoice/pickinvoice-step4/node_modules/next/dist/lib/typescript'
npm warn tar TAR_ENTRY_ERROR ENOENT: no such file or directory, lstat '/mnt/data/pickinvoice/pickinvoice-step4/node_modules/next/dist/client/components/react-dev-overlay'
npm warn tar TAR_ENTRY_ERROR ENOENT: no such file or directory, lstat '/mnt/data/pickinvoice/pickinvoice-step4/node_modules/next/dist/esm/client/components/react-dev-overlay'
npm warn tar TAR_ENTRY_ERROR ENOENT: no such file or directory, lstat '/mnt/data/pickinvoice/pickinvoice-step4/node_modules/next/dist/client/components/react-dev-overlay'
npm warn tar TAR_ENTRY_ERROR ENOENT: no such file or directory, lstat '/mnt/data/pickinvoice/pickinvoice-step4/node_modules/next/dist/esm/client/components/react-dev-overlay'
npm warn tar TAR_ENTRY_ERROR ENOENT: no such file or directory, lstat '/mnt/data/pickinvoice/pickinvoice-step4/node_modules/next/dist/client/components/react-dev-overlay'
npm warn tar TAR_ENTRY_ERROR ENOENT: no such file or directory, lstat '/mnt/data/pickinvoice/pickinvoice-step4/node_modules/next/dist/esm/client/components/react-dev-overlay'
npm warn tar TAR_ENTRY_ERROR ENOENT: no such file or directory, lstat '/mnt/data/pickinvoice/pickinvoice-step4/node_modules/next/dist/client/components/react-dev-overlay'
npm warn tar TAR_ENTRY_ERROR ENOENT: no such file or directory, lstat '/mnt/data/pickinvoice/pickinvoice-step4/node_modules/next/dist/esm/client/components/react-dev-overlay'
npm warn tar TAR_ENTRY_ERROR ENOENT: no such file or directory, lstat '/mnt/data/pickinvoice/pickinvoice-step4/node_modules/next/dist/build/webpack'
npm warn tar TAR_ENTRY_ERROR ENOENT: no such file or directory, lstat '/mnt/data/pickinvoice/pickinvoice-step4/node_modules/next/dist/esm/build/webpack'
npm warn tar TAR_ENTRY_ERROR ENOENT: no such file or directory, open '/mnt/data/pickinvoice/pickinvoice-step4/node_modules/next/dist/compiled/@babel/runtime/helpers/dispose.js'
npm warn tar TAR_ENTRY_ERROR ENOENT: no such file or directory, open '/mnt/data/pickinvoice/pickinvoice-step4/node_modules/next/dist/compiled/@babel/runtime/helpers/esm/dispose.js'
npm warn tar TAR_ENTRY_ERROR ENOENT: no such file or directory, open '/mnt/data/pickinvoice/pickinvoice-step4/node_modules/next/dist/api/document.js'
npm warn tar TAR_ENTRY_ERROR ENOENT: no such file or directory, open '/mnt/data/pickinvoice/pickinvoice-step4/node_modules/next/dist/esm/api/document.js'
npm warn tar TAR_ENTRY_ERROR ENOENT: no such file or directory, open '/mnt/data/pickinvoice/pickinvoice-step4/node_modules/next/dist/esm/lib/download-swc.js'
npm warn tar TAR_ENTRY_ERROR ENOENT: no such file or directory, open '/mnt/data/pickinvoice/pickinvoice-step4/node_modules/next/dist/lib/download-swc.js'
npm warn tar TAR_ENTRY_ERROR ENOENT: no such file or directory, open '/mnt/data/pickinvoice/pickinvoice-step4/node_modules/next/dist/esm/server/async-storage/draft-mode-provider.js'
npm warn tar TAR_ENTRY_ERROR ENOENT: no such file or directory, open '/mnt/data/pickinvoice/pickinvoice-step4/node_modules/next/dist/server/async-storage/draft-mode-provider.js'
npm warn tar TAR_ENTRY_ERROR ENOENT: no such file or directory, open '/mnt/data/pickinvoice/pickinvoice-step4/node_modules/next/dist/client/components/draft-mode.js'
npm warn tar TAR_ENTRY_ERROR ENOENT: no such file or directory, open '/mnt/data/pickinvoice/pickinvoice-step4/node_modules/next/dist/esm/client/components/draft-mode.js'
npm warn tar TAR_ENTRY_ERROR ENOENT: no such file or directory, open '/mnt/data/pickinvoice/pickinvoice-step4/node_modules/next/dist/esm/shared/lib/lazy-dynamic/dynamic-bailout-to-csr.js'
npm warn tar TAR_ENTRY_ERROR ENOENT: no such file or directory, open '/mnt/data/pickinvoice/pickinvoice-step4/node_modules/next/dist/shared/lib/lazy-dynamic/dynamic-bailout-to-csr.js'
npm warn tar TAR_ENTRY_ERROR ENOENT: no such file or directory, open '/mnt/data/pickinvoice/pickinvoice-step4/node_modules/next/dist/esm/server/app-render/dynamic-rendering.js'
npm warn tar TAR_ENTRY_ERROR ENOENT: no such file or directory, open '/mnt/data/pickinvoice/pickinvoice-step4/node_modules/next/dist/server/app-render/dynamic-rendering.js'
npm warn tar TAR_ENTRY_ERROR ENOENT: no such file or directory, open '/mnt/data/pickinvoice/pickinvoice-step4/node_modules/next/dist/api/dynamic.js'
npm warn tar TAR_ENTRY_ERROR ENOENT: no such file or directory, open '/mnt/data/pickinvoice/pickinvoice-step4/node_modules/next/dist/esm/api/dynamic.js'
npm warn tar TAR_ENTRY_ERROR ENOENT: no such file or directory, open '/mnt/data/pickinvoice/pickinvoice-step4/node_modules/next/dist/esm/shared/lib/dynamic.js'
npm warn tar TAR_ENTRY_ERROR ENOENT: no such file or directory, open '/mnt/data/pickinvoice/pickinvoice-step4/node_modules/next/dist/shared/lib/dynamic.js'
npm warn tar TAR_ENTRY_ERROR ENOENT: no such file or directory, open '/mnt/data/pickinvoice/pickinvoice-step4/node_modules/next/dist/build/templates/edge-app-route.js'
npm warn tar TAR_ENTRY_ERROR ENOENT: no such file or directory, open '/mnt/data/pickinvoice/pickinvoice-step4/node_modules/next/dist/esm/build/templates/edge-app-route.js'
npm warn tar TAR_ENTRY_ERROR ENOENT: no such file or directory, open '/mnt/data/pickinvoice/pickinvoice-step4/node_modules/next/dist/esm/server/web/edge-route-module-wrapper.js'
npm warn tar TAR_ENTRY_ERROR ENOENT: no such file or directory, open '/mnt/data/pickinvoice/pickinvoice-step4/node_modules/next/dist/server/web/edge-route-module-wrapper.js'
npm warn tar TAR_ENTRY_ERROR ENOENT: no such file or directory, open '/mnt/data/pickinvoice/pickinvoice-step4/node_modules/next/dist/build/templates/edge-ssr-app.js'
npm warn tar TAR_ENTRY_ERROR ENOENT: no such file or directory, open '/mnt/data/pickinvoice/pickinvoice-step4/node_modules/next/dist/esm/build/templates/edge-ssr-app.js'
npm warn tar TAR_ENTRY_ERROR ENOENT: no such file or directory, open '/mnt/data/pickinvoice/pickinvoice-step4/node_modules/next/dist/build/templates/edge-ssr.js'
npm warn tar TAR_ENTRY_ERROR ENOENT: no such file or directory, open '/mnt/data/pickinvoice/pickinvoice-step4/node_modules/next/dist/esm/build/templates/edge-ssr.js'
npm warn tar TAR_ENTRY_ERROR ENOENT: no such file or directory, lstat '/mnt/data/pickinvoice/pickinvoice-step4/node_modules/next/dist/client/components/react-dev-overlay'
npm warn tar TAR_ENTRY_ERROR ENOENT: no such file or directory, lstat '/mnt/data/pickinvoice/pickinvoice-step4/node_modules/next/dist/esm/client/components/react-dev-overlay'
npm warn tar TAR_ENTRY_ERROR ENOENT: no such file or directory, lstat '/mnt/data/pickinvoice/pickinvoice-step4/node_modules/next/dist/build/webpack'
npm warn tar TAR_ENTRY_ERROR ENOENT: no such file or directory, lstat '/mnt/data/pickinvoice/pickinvoice-step4/node_modules/next/dist/esm/build/webpack'
npm warn tar TAR_ENTRY_ERROR ENOENT: no such file or directory, lstat '/mnt/data/pickinvoice/pickinvoice-step4/node_modules/next/dist/build/jest'
npm warn tar TAR_ENTRY_ERROR ENOENT: no such file or directory, open '/mnt/data/pickinvoice/pickinvoice-step4/node_modules/next/dist/esm/server/lib/squoosh/emscripten-utils.js'
npm warn tar TAR_ENTRY_ERROR ENOENT: no such file or directory, open '/mnt/data/pickinvoice/pickinvoice-step4/node_modules/next/dist/server/lib/squoosh/emscripten-utils.js'
npm warn tar TAR_ENTRY_ERROR ENOENT: no such file or directory, open '/mnt/data/pickinvoice/pickinvoice-step4/node_modules/next/dist/esm/shared/lib/encode-uri-path.js'
npm warn tar TAR_ENTRY_ERROR ENOENT: no such file or directory, open '/mnt/data/pickinvoice/pickinvoice-step4/node_modules/next/dist/shared/lib/encode-uri-path.js'
npm warn tar TAR_ENTRY_ERROR ENOENT: no such file or directory, lstat '/mnt/data/pickinvoice/pickinvoice-step4/node_modules/next/dist/esm/server/stream-utils'
npm warn tar TAR_ENTRY_ERROR ENOENT: no such file or directory, lstat '/mnt/data/pickinvoice/pickinvoice-step4/node_modules/next/dist/server/stream-utils'
npm warn tar TAR_ENTRY_ERROR ENOENT: no such file or directory, open '/mnt/data/pickinvoice/pickinvoice-step4/node_modules/next/dist/esm/server/app-render/encryption-utils.js'
npm warn tar TAR_ENTRY_ERROR ENOENT: no such file or directory, open '/mnt/data/pickinvoice/pickinvoice-step4/node_modules/next/dist/server/app-render/encryption-utils.js'
npm warn tar TAR_ENTRY_ERROR ENOENT: no such file or directory, open '/mnt/data/pickinvoice/pickinvoice-step4/node_modules/next/dist/esm/server/app-render/encryption.js'
npm warn tar TAR_ENTRY_ERROR ENOENT: no such file or directory, open '/mnt/data/pickinvoice/pickinvoice-step4/node_modules/next/dist/server/app-render/encryption.js'
npm warn tar TAR_ENTRY_ERROR ENOENT: no such file or directory, open '/mnt/data/pickinvoice/pickinvoice-step4/node_modules/next/dist/esm/shared/lib/page-path/ensure-leading-slash.js'
npm warn tar TAR_ENTRY_ERROR ENOENT: no such file or directory, open '/mnt/data/pickinvoice/pickinvoice-step4/node_modules/next/dist/shared/lib/page-path/ensure-leading-slash.js'
npm warn tar TAR_ENTRY_ERROR ENOENT: no such file or directory, open '/mnt/data/pickinvoice/pickinvoice-step4/node_modules/next/dist/build/entries.js'
npm warn tar TAR_ENTRY_ERROR ENOENT: no such file or directory, open '/mnt/data/pickinvoice/pickinvoice-step4/node_modules/next/dist/esm/build/entries.js'
npm warn tar TAR_ENTRY_ERROR ENOENT: no such file or directory, open '/mnt/data/pickinvoice/pickinvoice-step4/node_modules/next/dist/esm/server/app-render/entry-base.js'
npm warn tar TAR_ENTRY_ERROR ENOENT: no such file or directory, open '/mnt/data/pickinvoice/pickinvoice-step4/node_modules/next/dist/server/app-render/entry-base.js'
npm warn tar TAR_ENTRY_ERROR ENOENT: no such file or directory, lstat '/mnt/data/pickinvoice/pickinvoice-step4/node_modules/next/dist/esm/server/dev'
npm warn tar TAR_ENTRY_ERROR ENOENT: no such file or directory, lstat '/mnt/data/pickinvoice/pickinvoice-step4/node_modules/next/dist/server/dev'
npm warn tar TAR_ENTRY_ERROR ENOENT: no such file or directory, open '/mnt/data/pickinvoice/pickinvoice-step4/node_modules/next/dist/esm/server/typescript/rules/entry.js'
npm warn tar TAR_ENTRY_ERROR ENOENT: no such file or directory, open '/mnt/data/pickinvoice/pickinvoice-step4/node_modules/next/dist/server/typescript/rules/entry.js'
npm warn tar TAR_ENTRY_ERROR ENOENT: no such file or directory, open '/mnt/data/pickinvoice/pickinvoice-step4/node_modules/next/dist/esm/server/future/route-modules/app-page/vendored/contexts/entrypoints.js'
npm warn tar TAR_ENTRY_ERROR ENOENT: no such file or directory, lstat '/mnt/data/pickinvoice/pickinvoice-step4/node_modules/next/dist/esm/server/future'
npm warn tar TAR_ENTRY_ERROR ENOENT: no such file or directory, lstat '/mnt/data/pickinvoice/pickinvoice-step4/node_modules/next/dist/esm/server/future'
npm warn tar TAR_ENTRY_ERROR ENOENT: no such file or directory, open '/mnt/data/pickinvoice/pickinvoice-step4/node_modules/next/dist/esm/server/future/route-modules/pages/vendored/contexts/entrypoints.js'
npm warn tar TAR_ENTRY_ERROR ENOENT: no such file or directory, open '/mnt/data/pickinvoice/pickinvoice-step4/node_modules/next/dist/server/future/route-modules/app-page/vendored/contexts/entrypoints.js'
npm warn tar TAR_ENTRY_ERROR ENOENT: no such file or directory, lstat '/mnt/data/pickinvoice/pickinvoice-step4/node_modules/next/dist/server/future'
npm warn tar TAR_ENTRY_ERROR ENOENT: no such file or directory, lstat '/mnt/data/pickinvoice/pickinvoice-step4/node_modules/next/dist/server/future'
npm warn tar TAR_ENTRY_ERROR ENOENT: no such file or directory, open '/mnt/data/pickinvoice/pickinvoice-step4/node_modules/next/dist/server/future/route-modules/pages/vendored/contexts/entrypoints.js'
npm warn tar TAR_ENTRY_ERROR ENOENT: no such file or directory, lstat '/mnt/data/pickinvoice/pickinvoice-step4/node_modules/next/dist/build/turborepo-access-trace'
npm warn tar TAR_ENTRY_ERROR ENOENT: no such file or directory, lstat '/mnt/data/pickinvoice/pickinvoice-step4/node_modules/next/dist/esm/build/turborepo-access-trace'
npm warn tar TAR_ENTRY_ERROR ENOENT: no such file or directory, open '/mnt/data/pickinvoice/pickinvoice-step4/node_modules/next/dist/client/components/error-boundary.js'
npm warn tar TAR_ENTRY_ERROR ENOENT: no such file or directory, open '/mnt/data/pickinvoice/pickinvoice-step4/node_modules/next/dist/esm/client/components/error-boundary.js'
npm warn tar TAR_ENTRY_ERROR ENOENT: no such file or directory, lstat '/mnt/data/pickinvoice/pickinvoice-step4/node_modules/next/dist/build/webpack'
npm warn tar TAR_ENTRY_ERROR ENOENT: no such file or directory, lstat '/mnt/data/pickinvoice/pickinvoice-step4/node_modules/next/dist/esm/build/webpack'
npm warn tar TAR_ENTRY_ERROR ENOENT: no such file or directory, open '/mnt/data/pickinvoice/pickinvoice-step4/node_modules/next/dist/esm/shared/lib/error-source.js'
npm warn tar TAR_ENTRY_ERROR ENOENT: no such file or directory, open '/mnt/data/pickinvoice/pickinvoice-step4/node_modules/next/dist/shared/lib/error-source.js'
npm warn tar TAR_ENTRY_ERROR ENOENT: no such file or directory, lstat '/mnt/data/pickinvoice/pickinvoice-step4/node_modules/next/dist/build/webpack'
npm warn tar TAR_ENTRY_ERROR ENOENT: no such file or directory, lstat '/mnt/data/pickinvoice/pickinvoice-step4/node_modules/next/dist/esm/build/webpack'
npm warn tar TAR_ENTRY_ERROR ENOENT: no such file or directory, open '/mnt/data/pickinvoice/pickinvoice-step4/node_modules/next/dist/esm/server/typescript/rules/error.js'
npm warn tar TAR_ENTRY_ERROR ENOENT: no such file or directory, open '/mnt/data/pickinvoice/pickinvoice-step4/node_modules/next/dist/esm/server/web/error.js'
npm warn tar TAR_ENTRY_ERROR ENOENT: no such file or directory, open '/mnt/data/pickinvoice/pickinvoice-step4/node_modules/next/dist/server/typescript/rules/error.js'
npm warn tar TAR_ENTRY_ERROR ENOENT: no such file or directory, open '/mnt/data/pickinvoice/pickinvoice-step4/node_modules/next/dist/server/web/error.js'
npm warn tar TAR_ENTRY_ERROR ENOENT: no such file or directory, open '/mnt/data/pickinvoice/pickinvoice-step4/node_modules/next/dist/client/components/react-dev-overlay/pages/ErrorBoundary.js'
npm warn tar TAR_ENTRY_ERROR ENOENT: no such file or directory, open '/mnt/data/pickinvoice/pickinvoice-step4/node_modules/next/dist/esm/client/components/react-dev-overlay/pages/ErrorBoundary.js'
npm warn tar TAR_ENTRY_ERROR ENOENT: no such file or directory, open '/mnt/data/pickinvoice/pickinvoice-step4/node_modules/next/dist/client/components/react-dev-overlay/internal/container/Errors.js'
npm warn tar TAR_ENTRY_ERROR ENOENT: no such file or directory, open '/mnt/data/pickinvoice/pickinvoice-step4/node_modules/next/dist/esm/client/components/react-dev-overlay/internal/container/Errors.js'
npm warn tar TAR_ENTRY_ERROR ENOENT: no such file or directory, open '/mnt/data/pickinvoice/pickinvoice-step4/node_modules/next/dist/esm/shared/lib/router/utils/escape-path-delimiters.js'
npm warn tar TAR_ENTRY_ERROR ENOENT: no such file or directory, open '/mnt/data/pickinvoice/pickinvoice-step4/node_modules/next/dist/shared/lib/router/utils/escape-path-delimiters.js'
npm warn tar TAR_ENTRY_ERROR ENOENT: no such file or directory, open '/mnt/data/pickinvoice/pickinvoice-step4/node_modules/next/dist/esm/shared/lib/escape-regexp.js'
npm warn tar TAR_ENTRY_ERROR ENOENT: no such file or directory, open '/mnt/data/pickinvoice/pickinvoice-step4/node_modules/next/dist/shared/lib/escape-regexp.js'
npm warn tar TAR_ENTRY_ERROR ENOENT: no such file or directory, open '/mnt/data/pickinvoice/pickinvoice-step4/node_modules/next/dist/compiled/babel/eslint-parser.js'
npm warn tar TAR_ENTRY_ERROR ENOENT: no such file or directory, open '/mnt/data/pickinvoice/pickinvoice-step4/node_modules/next/dist/esm/server/lib/etag.js'
npm warn tar TAR_ENTRY_ERROR ENOENT: no such file or directory, open '/mnt/data/pickinvoice/pickinvoice-step4/node_modules/next/dist/server/lib/etag.js'
npm warn tar TAR_ENTRY_ERROR ENOENT: no such file or directory, open '/mnt/data/pickinvoice/pickinvoice-step4/node_modules/next/dist/compiled/events/events.js'
npm warn tar TAR_ENTRY_ERROR ENOENT: no such file or directory, open '/mnt/data/pickinvoice/pickinvoice-step4/node_modules/next/dist/compiled/@edge-runtime/primitives/events.js.text.js'
npm warn tar TAR_ENTRY_ERROR ENOENT: no such file or directory, open '/mnt/data/pickinvoice/pickinvoice-step4/node_modules/next/dist/compiled/@babel/runtime/helpers/esm/extends.js'
npm warn tar TAR_ENTRY_ERROR ENOENT: no such file or directory, open '/mnt/data/pickinvoice/pickinvoice-step4/node_modules/next/dist/compiled/@babel/runtime/helpers/extends.js'
npm warn tar TAR_ENTRY_ERROR ENOENT: no such file or directory, open '/mnt/data/pickinvoice/pickinvoice-step4/node_modules/next/dist/compiled/webpack/ExternalsPlugin.js'
npm warn tar TAR_ENTRY_ERROR ENOENT: no such file or directory, open '/mnt/data/pickinvoice/pickinvoice-step4/node_modules/next/dist/esm/lib/metadata/types/extra-types.js'
npm warn tar TAR_ENTRY_ERROR ENOENT: no such file or directory, open '/mnt/data/pickinvoice/pickinvoice-step4/node_modules/next/dist/lib/metadata/types/extra-types.js'
npm warn tar TAR_ENTRY_ERROR ENOENT: no such file or directory, lstat '/mnt/data/pickinvoice/pickinvoice-step4/node_modules/next/dist/build/analysis'
npm warn tar TAR_ENTRY_ERROR ENOENT: no such file or directory, lstat '/mnt/data/pickinvoice/pickinvoice-step4/node_modules/next/dist/esm/build/analysis'
npm warn tar TAR_ENTRY_ERROR ENOENT: no such file or directory, lstat '/mnt/data/pickinvoice/pickinvoice-step4/node_modules/next/dist/esm/server/dev'
npm warn tar TAR_ENTRY_ERROR ENOENT: no such file or directory, lstat '/mnt/data/pickinvoice/pickinvoice-step4/node_modules/next/dist/server/dev'
npm warn tar TAR_ENTRY_ERROR ENOENT: no such file or directory, lstat '/mnt/data/pickinvoice/pickinvoice-step4/node_modules/next/dist/client/components/router-reducer/reducers'
npm warn tar TAR_ENTRY_ERROR ENOENT: no such file or directory, lstat '/mnt/data/pickinvoice/pickinvoice-step4/node_modules/next/dist/esm/client/components/router-reducer/reducers'
npm warn tar TAR_ENTRY_ERROR ENOENT: no such file or directory, open '/mnt/data/pickinvoice/pickinvoice-step4/node_modules/next/dist/esm/lib/fatal-error.js'
npm warn tar TAR_ENTRY_ERROR ENOENT: no such file or directory, open '/mnt/data/pickinvoice/pickinvoice-step4/node_modules/next/dist/lib/fatal-error.js'
npm warn tar TAR_ENTRY_ERROR ENOENT: no such file or directory, lstat '/mnt/data/pickinvoice/pickinvoice-step4/node_modules/next/dist/experimental/testmode/proxy'
npm warn tar TAR_ENTRY_ERROR ENOENT: no such file or directory, lstat '/mnt/data/pickinvoice/pickinvoice-step4/node_modules/next/dist/esm/server/lib/incremental-cache'
npm warn tar TAR_ENTRY_ERROR ENOENT: no such file or directory, lstat '/mnt/data/pickinvoice/pickinvoice-step4/node_modules/next/dist/server/lib/incremental-cache'
npm warn tar TAR_ENTRY_ERROR ENOENT: no such file or directory, lstat '/mnt/data/pickinvoice/pickinvoice-step4/node_modules/next/dist/compiled/@next/font/dist/google'
npm warn tar TAR_ENTRY_ERROR ENOENT: no such file or directory, open '/mnt/data/pickinvoice/pickinvoice-step4/node_modules/next/dist/esm/server/web/spec-extension/fetch-event.js'
npm warn tar TAR_ENTRY_ERROR ENOENT: no such file or directory, open '/mnt/data/pickinvoice/pickinvoice-step4/node_modules/next/dist/server/web/spec-extension/fetch-event.js'
npm warn tar TAR_ENTRY_ERROR ENOENT: no such file or directory, lstat '/mnt/data/pickinvoice/pickinvoice-step4/node_modules/next/dist/compiled/@next/font/dist/google'
npm warn tar TAR_ENTRY_ERROR ENOENT: no such file or directory, open '/mnt/data/pickinvoice/pickinvoice-step4/node_modules/next/dist/esm/server/web/sandbox/fetch-inline-assets.js'
npm warn tar TAR_ENTRY_ERROR ENOENT: no such file or directory, open '/mnt/data/pickinvoice/pickinvoice-step4/node_modules/next/dist/server/web/sandbox/fetch-inline-assets.js'
npm warn tar TAR_ENTRY_ERROR ENOENT: no such file or directory, open '/mnt/data/pickinvoice/pickinvoice-step4/node_modules/next/dist/client/components/router-reducer/fetch-server-response.js'
npm warn tar TAR_ENTRY_ERROR ENOENT: no such file or directory, open '/mnt/data/pickinvoice/pickinvoice-step4/node_modules/next/dist/esm/client/components/router-reducer/fetch-server-response.js'
npm warn tar TAR_ENTRY_ERROR ENOENT: no such file or directory, open '/mnt/data/pickinvoice/pickinvoice-step4/node_modules/next/dist/experimental/testmode/fetch.js'
npm warn tar TAR_ENTRY_ERROR ENOENT: no such file or directory, open '/mnt/data/pickinvoice/pickinvoice-step4/node_modules/next/dist/compiled/@edge-runtime/primitives/fetch.js.text.js'
npm warn tar TAR_ENTRY_ERROR ENOENT: no such file or directory, open '/mnt/data/pickinvoice/pickinvoice-step4/node_modules/next/dist/compiled/webpack/FetchCompileAsyncWasmPlugin.js'
npm warn tar TAR_ENTRY_ERROR ENOENT: no such file or directory, open '/mnt/data/pickinvoice/pickinvoice-step4/node_modules/next/dist/compiled/webpack/FetchCompileWasmPlugin.js'
npm warn tar TAR_ENTRY_ERROR ENOENT: no such file or directory, open '/mnt/data/pickinvoice/pickinvoice-step4/node_modules/next/dist/compiled/webpack/FetchCompileWasmTemplatePlugin.js'
npm warn tar TAR_ENTRY_ERROR ENOENT: no such file or directory, open '/mnt/data/pickinvoice/pickinvoice-step4/node_modules/next/dist/compiled/sass-loader/fibers.js'
npm warn tar TAR_ENTRY_ERROR ENOENT: no such file or directory, lstat '/mnt/data/pickinvoice/pickinvoice-step4/node_modules/next/dist/esm/server/future'
npm warn tar TAR_ENTRY_ERROR ENOENT: no such file or directory, lstat '/mnt/data/pickinvoice/pickinvoice-step4/node_modules/next/dist/server/future'
npm warn tar TAR_ENTRY_ERROR ENOENT: no such file or directory, open '/mnt/data/pickinvoice/pickinvoice-step4/node_modules/next/dist/esm/lib/file-exists.js'
npm warn tar TAR_ENTRY_ERROR ENOENT: no such file or directory, open '/mnt/data/pickinvoice/pickinvoice-step4/node_modules/next/dist/lib/file-exists.js'
npm warn tar TAR_ENTRY_ERROR ENOENT: no such file or directory, lstat '/mnt/data/pickinvoice/pickinvoice-step4/node_modules/next/dist/build/webpack'
npm warn tar TAR_ENTRY_ERROR ENOENT: no such file or directory, lstat '/mnt/data/pickinvoice/pickinvoice-step4/node_modules/next/dist/esm/build/webpack'
npm warn tar TAR_ENTRY_ERROR ENOENT: no such file or directory, open '/mnt/data/pickinvoice/pickinvoice-step4/node_modules/next/dist/esm/server/future/route-matcher-providers/dev/helpers/file-reader/file-reader.js'
npm warn tar TAR_ENTRY_ERROR ENOENT: no such file or directory, open '/mnt/data/pickinvoice/pickinvoice-step4/node_modules/next/dist/server/future/route-matcher-providers/dev/helpers/file-reader/file-reader.js'
npm warn tar TAR_ENTRY_ERROR ENOENT: no such file or directory, open '/mnt/data/pickinvoice/pickinvoice-step4/node_modules/next/dist/build/webpack/config/blocks/css/loaders/file-resolve.js'
npm warn tar TAR_ENTRY_ERROR ENOENT: no such file or directory, open '/mnt/data/pickinvoice/pickinvoice-step4/node_modules/next/dist/esm/build/webpack/config/blocks/css/loaders/file-resolve.js'
npm warn tar TAR_ENTRY_ERROR ENOENT: no such file or directory, lstat '/mnt/data/pickinvoice/pickinvoice-step4/node_modules/next/dist/esm/server/lib/incremental-cache'
npm warn tar TAR_ENTRY_ERROR ENOENT: no such file or directory, lstat '/mnt/data/pickinvoice/pickinvoice-step4/node_modules/next/dist/server/lib/incremental-cache'
npm warn tar TAR_ENTRY_ERROR ENOENT: no such file or directory, lstat '/mnt/data/pickinvoice/pickinvoice-step4/node_modules/next/dist/build/jest'
npm warn tar TAR_ENTRY_ERROR ENOENT: no such file or directory, open '/mnt/data/pickinvoice/pickinvoice-step4/node_modules/next/dist/esm/server/lib/router-utils/filesystem.js'
npm warn tar TAR_ENTRY_ERROR ENOENT: no such file or directory, open '/mnt/data/pickinvoice/pickinvoice-step4/node_modules/next/dist/server/lib/router-utils/filesystem.js'
npm warn tar TAR_ENTRY_ERROR ENOENT: no such file or directory, open '/mnt/data/pickinvoice/pickinvoice-step4/node_modules/next/dist/client/components/router-reducer/fill-cache-with-new-subtree-data.js'
npm warn tar TAR_ENTRY_ERROR ENOENT: no such file or directory, open '/mnt/data/pickinvoice/pickinvoice-step4/node_modules/next/dist/esm/client/components/router-reducer/fill-cache-with-new-subtree-data.js'
npm warn tar TAR_ENTRY_ERROR ENOENT: no such file or directory, open '/mnt/data/pickinvoice/pickinvoice-step4/node_modules/next/dist/client/components/router-reducer/fill-lazy-items-till-leaf-with-head.js'
npm warn tar TAR_ENTRY_ERROR ENOENT: no such file or directory, open '/mnt/data/pickinvoice/pickinvoice-step4/node_modules/next/dist/esm/client/components/router-reducer/fill-lazy-items-till-leaf-with-head.js'
npm warn tar TAR_ENTRY_ERROR ENOENT: no such file or directory, open '/mnt/data/pickinvoice/pickinvoice-step4/node_modules/next/dist/esm/lib/find-config.js'
npm warn tar TAR_ENTRY_ERROR ENOENT: no such file or directory, open '/mnt/data/pickinvoice/pickinvoice-step4/node_modules/next/dist/lib/find-config.js'
npm warn tar TAR_ENTRY_ERROR ENOENT: no such file or directory, lstat '/mnt/data/pickinvoice/pickinvoice-step4/node_modules/next/dist/compiled/@next/font/dist/google'
npm warn tar TAR_ENTRY_ERROR ENOENT: no such file or directory, lstat '/mnt/data/pickinvoice/pickinvoice-step4/node_modules/next/dist/compiled/@next/font/dist/google'
npm warn tar TAR_ENTRY_ERROR ENOENT: no such file or directory, lstat '/mnt/data/pickinvoice/pickinvoice-step4/node_modules/next/dist/client/components/router-reducer/reducers'
npm warn tar TAR_ENTRY_ERROR ENOENT: no such file or directory, lstat '/mnt/data/pickinvoice/pickinvoice-step4/node_modules/next/dist/esm/client/components/router-reducer/reducers'
npm warn tar TAR_ENTRY_ERROR ENOENT: no such file or directory, open '/mnt/data/pickinvoice/pickinvoice-step4/node_modules/next/dist/esm/server/lib/find-page-file.js'
npm warn tar TAR_ENTRY_ERROR ENOENT: no such file or directory, open '/mnt/data/pickinvoice/pickinvoice-step4/node_modules/next/dist/server/lib/find-page-file.js'
npm warn tar TAR_ENTRY_ERROR ENOENT: no such file or directory, open '/mnt/data/pickinvoice/pickinvoice-step4/node_modules/next/dist/esm/lib/find-pages-dir.js'
npm warn tar TAR_ENTRY_ERROR ENOENT: no such file or directory, open '/mnt/data/pickinvoice/pickinvoice-step4/node_modules/next/dist/lib/find-pages-dir.js'
npm warn tar TAR_ENTRY_ERROR ENOENT: no such file or directory, open '/mnt/data/pickinvoice/pickinvoice-step4/node_modules/next/dist/esm/lib/find-root.js'
npm warn tar TAR_ENTRY_ERROR ENOENT: no such file or directory, open '/mnt/data/pickinvoice/pickinvoice-step4/node_modules/next/dist/lib/find-root.js'
npm warn tar TAR_ENTRY_ERROR ENOENT: no such file or directory, open '/mnt/data/pickinvoice/pickinvoice-step4/node_modules/next/dist/build/webpack/plugins/flight-client-entry-plugin.js'
npm warn tar TAR_ENTRY_ERROR ENOENT: no such file or directory, open '/mnt/data/pickinvoice/pickinvoice-step4/node_modules/next/dist/esm/build/webpack/plugins/flight-client-entry-plugin.js'
npm warn tar TAR_ENTRY_ERROR ENOENT: no such file or directory, open '/mnt/data/pickinvoice/pickinvoice-step4/node_modules/next/dist/client/flight-data-helpers.js'
npm warn tar TAR_ENTRY_ERROR ENOENT: no such file or directory, open '/mnt/data/pickinvoice/pickinvoice-step4/node_modules/next/dist/esm/client/flight-data-helpers.js'
npm warn tar TAR_ENTRY_ERROR ENOENT: no such file or directory, open '/mnt/data/pickinvoice/pickinvoice-step4/node_modules/next/dist/build/webpack/plugins/flight-manifest-plugin.js'
npm warn tar TAR_ENTRY_ERROR ENOENT: no such file or directory, open '/mnt/data/pickinvoice/pickinvoice-step4/node_modules/next/dist/esm/build/webpack/plugins/flight-manifest-plugin.js'
npm warn tar TAR_ENTRY_ERROR ENOENT: no such file or directory, open '/mnt/data/pickinvoice/pickinvoice-step4/node_modules/next/dist/esm/server/app-render/flight-render-result.js'
npm warn tar TAR_ENTRY_ERROR ENOENT: no such file or directory, open '/mnt/data/pickinvoice/pickinvoice-step4/node_modules/next/dist/server/app-render/flight-render-result.js'
npm warn tar TAR_ENTRY_ERROR ENOENT: no such file or directory, open '/mnt/data/pickinvoice/pickinvoice-step4/node_modules/next/dist/telemetry/flush-and-exit.js'
npm warn tar TAR_ENTRY_ERROR ENOENT: no such file or directory, open '/mnt/data/pickinvoice/pickinvoice-step4/node_modules/next/dist/esm/shared/lib/fnv1a.js'
npm warn tar TAR_ENTRY_ERROR ENOENT: no such file or directory, open '/mnt/data/pickinvoice/pickinvoice-step4/node_modules/next/dist/shared/lib/fnv1a.js'
npm warn tar TAR_ENTRY_ERROR ENOENT: no such file or directory, open '/mnt/data/pickinvoice/pickinvoice-step4/node_modules/next/dist/build/webpack/plugins/font-stylesheet-gathering-plugin.js'
npm warn tar TAR_ENTRY_ERROR ENOENT: no such file or directory, open '/mnt/data/pickinvoice/pickinvoice-step4/node_modules/next/dist/esm/build/webpack/plugins/font-stylesheet-gathering-plugin.js'
npm warn tar TAR_ENTRY_ERROR ENOENT: no such file or directory, open '/mnt/data/pickinvoice/pickinvoice-step4/node_modules/next/dist/esm/server/font-utils.js'
npm warn tar TAR_ENTRY_ERROR ENOENT: no such file or directory, open '/mnt/data/pickinvoice/pickinvoice-step4/node_modules/next/dist/server/font-utils.js'
npm warn tar TAR_ENTRY_ERROR ENOENT: no such file or directory, open '/mnt/data/pickinvoice/pickinvoice-step4/node_modules/next/dist/compiled/@next/font/dist/format-available-values.js'
npm warn tar TAR_ENTRY_ERROR ENOENT: no such file or directory, open '/mnt/data/pickinvoice/pickinvoice-step4/node_modules/next/dist/esm/lib/format-cli-help-output.js'
npm warn tar TAR_ENTRY_ERROR ENOENT: no such file or directory, open '/mnt/data/pickinvoice/pickinvoice-step4/node_modules/next/dist/lib/format-cli-help-output.js'
npm warn tar TAR_ENTRY_ERROR ENOENT: no such file or directory, open '/mnt/data/pickinvoice/pickinvoice-step4/node_modules/next/dist/esm/lib/format-dynamic-import-path.js'
npm warn tar TAR_ENTRY_ERROR ENOENT: no such file or directory, open '/mnt/data/pickinvoice/pickinvoice-step4/node_modules/next/dist/lib/format-dynamic-import-path.js'
npm warn tar TAR_ENTRY_ERROR ENOENT: no such file or directory, open '/mnt/data/pickinvoice/pickinvoice-step4/node_modules/next/dist/esm/server/lib/format-hostname.js'
npm warn tar TAR_ENTRY_ERROR ENOENT: no such file or directory, open '/mnt/data/pickinvoice/pickinvoice-step4/node_modules/next/dist/server/lib/format-hostname.js'
npm warn tar TAR_ENTRY_ERROR ENOENT: no such file or directory, lstat '/mnt/data/pickinvoice/pickinvoice-step4/node_modules/next/dist/build/manifests'
npm warn tar TAR_ENTRY_ERROR ENOENT: no such file or directory, lstat '/mnt/data/pickinvoice/pickinvoice-step4/node_modules/next/dist/esm/build/manifests'
npm warn tar TAR_ENTRY_ERROR ENOENT: no such file or directory, open '/mnt/data/pickinvoice/pickinvoice-step4/node_modules/next/dist/esm/shared/lib/router/utils/format-next-pathname-info.js'
npm warn tar TAR_ENTRY_ERROR ENOENT: no such file or directory, open '/mnt/data/pickinvoice/pickinvoice-step4/node_modules/next/dist/shared/lib/router/utils/format-next-pathname-info.js'
npm warn tar TAR_ENTRY_ERROR ENOENT: no such file or directory, open '/mnt/data/pickinvoice/pickinvoice-step4/node_modules/next/dist/esm/lib/format-server-error.js'
npm warn tar TAR_ENTRY_ERROR ENOENT: no such file or directory, open '/mnt/data/pickinvoice/pickinvoice-step4/node_modules/next/dist/lib/format-server-error.js'
npm warn tar TAR_ENTRY_ERROR ENOENT: no such file or directory, open '/mnt/data/pickinvoice/pickinvoice-step4/node_modules/next/dist/esm/shared/lib/router/utils/format-url.js'
npm warn tar TAR_ENTRY_ERROR ENOENT: no such file or directory, open '/mnt/data/pickinvoice/pickinvoice-step4/node_modules/next/dist/shared/lib/router/utils/format-url.js'
npm warn tar TAR_ENTRY_ERROR ENOENT: no such file or directory, lstat '/mnt/data/pickinvoice/pickinvoice-step4/node_modules/next/dist/client/components/react-dev-overlay'
npm warn tar TAR_ENTRY_ERROR ENOENT: no such file or directory, lstat '/mnt/data/pickinvoice/pickinvoice-step4/node_modules/next/dist/esm/client/components/react-dev-overlay'
npm warn tar TAR_ENTRY_ERROR ENOENT: no such file or directory, open '/mnt/data/pickinvoice/pickinvoice-step4/node_modules/next/dist/client/dev/fouc.js'
npm warn tar TAR_ENTRY_ERROR ENOENT: no such file or directory, open '/mnt/data/pickinvoice/pickinvoice-step4/node_modules/next/dist/esm/client/dev/fouc.js'
npm warn tar TAR_ENTRY_ERROR ENOENT: no such file or directory, open '/mnt/data/pickinvoice/pickinvoice-step4/node_modules/next/dist/client/components/react-dev-overlay/internal/icons/FrameworkIcon.js'
npm warn tar TAR_ENTRY_ERROR ENOENT: no such file or directory, open '/mnt/data/pickinvoice/pickinvoice-step4/node_modules/next/dist/esm/client/components/react-dev-overlay/internal/icons/FrameworkIcon.js'
npm warn tar TAR_ENTRY_ERROR ENOENT: no such file or directory, lstat '/mnt/data/pickinvoice/pickinvoice-step4/node_modules/next/dist/esm/lib/memory'
npm warn tar TAR_ENTRY_ERROR ENOENT: no such file or directory, lstat '/mnt/data/pickinvoice/pickinvoice-step4/node_modules/next/dist/lib/memory'
npm warn tar TAR_ENTRY_ERROR ENOENT: no such file or directory, open '/mnt/data/pickinvoice/pickinvoice-step4/node_modules/next/dist/build/generate-build-id.js'
npm warn tar TAR_ENTRY_ERROR ENOENT: no such file or directory, open '/mnt/data/pickinvoice/pickinvoice-step4/node_modules/next/dist/esm/build/generate-build-id.js'
npm warn tar TAR_ENTRY_ERROR ENOENT: no such file or directory, open '/mnt/data/pickinvoice/pickinvoice-step4/node_modules/next/dist/esm/lib/generate-interception-routes-rewrites.js'
npm warn tar TAR_ENTRY_ERROR ENOENT: no such file or directory, open '/mnt/data/pickinvoice/pickinvoice-step4/node_modules/next/dist/lib/generate-interception-routes-rewrites.js'
npm warn tar TAR_ENTRY_ERROR ENOENT: no such file or directory, open '/mnt/data/pickinvoice/pickinvoice-step4/node_modules/next/dist/compiled/babel/generator.js'
npm warn tar TAR_ENTRY_ERROR ENOENT: no such file or directory, open '/mnt/data/pickinvoice/pickinvoice-step4/node_modules/next/dist/esm/server/get-app-route-from-entrypoint.js'
npm warn tar TAR_ENTRY_ERROR ENOENT: no such file or directory, open '/mnt/data/pickinvoice/pickinvoice-step4/node_modules/next/dist/server/get-app-route-from-entrypoint.js'
npm warn tar TAR_ENTRY_ERROR ENOENT: no such file or directory, open '/mnt/data/pickinvoice/pickinvoice-step4/node_modules/next/dist/esm/shared/lib/router/utils/get-asset-path-from-route.js'
npm warn tar TAR_ENTRY_ERROR ENOENT: no such file or directory, open '/mnt/data/pickinvoice/pickinvoice-step4/node_modules/next/dist/shared/lib/router/utils/get-asset-path-from-route.js'
npm warn tar TAR_ENTRY_ERROR ENOENT: no such file or directory, open '/mnt/data/pickinvoice/pickinvoice-step4/node_modules/next/dist/esm/server/app-render/get-asset-query-string.js'
npm warn tar TAR_ENTRY_ERROR ENOENT: no such file or directory, open '/mnt/data/pickinvoice/pickinvoice-step4/node_modules/next/dist/server/app-render/get-asset-query-string.js'
npm warn tar TAR_ENTRY_ERROR ENOENT: no such file or directory, open '/mnt/data/pickinvoice/pickinvoice-step4/node_modules/next/dist/build/get-babel-config-file.js'
npm warn tar TAR_ENTRY_ERROR ENOENT: no such file or directory, open '/mnt/data/pickinvoice/pickinvoice-step4/node_modules/next/dist/esm/build/get-babel-config-file.js'
npm warn tar TAR_ENTRY_ERROR ENOENT: no such file or directory, lstat '/mnt/data/pickinvoice/pickinvoice-step4/node_modules/next/dist/esm/lib/helpers'
npm warn tar TAR_ENTRY_ERROR ENOENT: no such file or directory, lstat '/mnt/data/pickinvoice/pickinvoice-step4/node_modules/next/dist/lib/helpers'
npm warn tar TAR_ENTRY_ERROR ENOENT: no such file or directory, lstat '/mnt/data/pickinvoice/pickinvoice-step4/node_modules/next/dist/build/babel'
npm warn tar TAR_ENTRY_ERROR ENOENT: no such file or directory, lstat '/mnt/data/pickinvoice/pickinvoice-step4/node_modules/next/dist/esm/build/babel'
npm warn tar TAR_ENTRY_ERROR ENOENT: no such file or directory, lstat '/mnt/data/pickinvoice/pickinvoice-step4/node_modules/next/dist/esm/server/api-utils'
npm warn tar TAR_ENTRY_ERROR ENOENT: no such file or directory, lstat '/mnt/data/pickinvoice/pickinvoice-step4/node_modules/next/dist/server/api-utils'
npm warn tar TAR_ENTRY_ERROR ENOENT: no such file or directory, open '/mnt/data/pickinvoice/pickinvoice-step4/node_modules/next/dist/esm/server/app-render/get-css-inlined-link-tags.js'
npm warn tar TAR_ENTRY_ERROR ENOENT: no such file or directory, open '/mnt/data/pickinvoice/pickinvoice-step4/node_modules/next/dist/server/app-render/get-css-inlined-link-tags.js'
npm warn tar TAR_ENTRY_ERROR ENOENT: no such file or directory, open '/mnt/data/pickinvoice/pickinvoice-step4/node_modules/next/dist/client/get-domain-locale.js'
npm warn tar ENOENT: Cannot cd into '/mnt/data/pickinvoice/pickinvoice-step4/node_modules/tailwindcss'
npm warn tarball tarball data for tailwindcss@3.4.19 (sha512-3ofp+LL8E+pK/JuPLPggVAIaEuhvIz4qNcf3nA1Xn2o/7fb7s/TYpHhwGDv1ZU3PkBluUVaF8PyCHcm48cKLWQ==) seems to be corrupted. Trying again.
npm warn tar TAR_ENTRY_ERROR ENOENT: no such file or directory, open '/mnt/data/pickinvoice/pickinvoice-step4/node_modules/next/dist/esm/client/get-domain-locale.js'
npm warn tar TAR_ENTRY_ERROR ENOENT: no such file or directory, open '/mnt/data/pickinvoice/pickinvoice-step4/node_modules/next/dist/esm/server/web/get-edge-preview-props.js'
npm warn tar TAR_ENTRY_ERROR ENOENT: no such file or directory, open '/mnt/data/pickinvoice/pickinvoice-step4/node_modules/next/dist/server/web/get-edge-preview-props.js'
npm warn tar TAR_ENTRY_ERROR ENOENT: no such file or directory, lstat '/mnt/data/pickinvoice/pickinvoice-step4/node_modules/next/dist/compiled/@next/font/dist/google'
npm warn tar TAR_ENTRY_ERROR ENOENT: no such file or directory, lstat '/mnt/data/pickinvoice/pickinvoice-step4/node_modules/next/dist/compiled/@next/font/dist/local'
npm warn tar TAR_ENTRY_ERROR ENOENT: no such file or directory, open '/mnt/data/pickinvoice/pickinvoice-step4/node_modules/next/dist/esm/lib/get-files-in-dir.js'
npm warn tar TAR_ENTRY_ERROR ENOENT: no such file or directory, open '/mnt/data/pickinvoice/pickinvoice-step4/node_modules/next/dist/lib/get-files-in-dir.js'
npm warn tar ENOENT: Cannot cd into '/mnt/data/pickinvoice/pickinvoice-step4/node_modules/tailwindcss'
npm warn tarball tarball data for tailwindcss@3.4.19 (sha512-3ofp+LL8E+pK/JuPLPggVAIaEuhvIz4qNcf3nA1Xn2o/7fb7s/TYpHhwGDv1ZU3PkBluUVaF8PyCHcm48cKLWQ==) seems to be corrupted. Trying again.
npm warn tar TAR_ENTRY_ERROR ENOENT: no such file or directory, lstat '/mnt/data/pickinvoice/pickinvoice-step4/node_modules/next/dist/compiled/@next/font/dist/google'
npm warn tar TAR_ENTRY_ERROR ENOENT: no such file or directory, lstat '/mnt/data/pickinvoice/pickinvoice-step4/node_modules/next/dist/compiled/@next/font/dist/google'
npm warn tar TAR_ENTRY_ERROR ENOENT: no such file or directory, lstat '/mnt/data/pickinvoice/pickinvoice-step4/node_modules/next/dist/compiled/@next/font/dist/google'
npm warn tar TAR_ENTRY_ERROR ENOENT: no such file or directory, open '/mnt/data/pickinvoice/pickinvoice-step4/node_modules/next/dist/esm/shared/lib/get-hostname.js'
npm warn tar TAR_ENTRY_ERROR ENOENT: no such file or directory, open '/mnt/data/pickinvoice/pickinvoice-step4/node_modules/next/dist/shared/lib/get-hostname.js'
npm warn tar TAR_ENTRY_ERROR ENOENT: no such file or directory, open '/mnt/data/pickinvoice/pickinvoice-step4/node_modules/next/dist/esm/shared/lib/get-img-props.js'
npm warn tar TAR_ENTRY_ERROR ENOENT: no such file or directory, open '/mnt/data/pickinvoice/pickinvoice-step4/node_modules/next/dist/shared/lib/get-img-props.js'
npm warn tar TAR_ENTRY_ERROR ENOENT: no such file or directory, open '/mnt/data/pickinvoice/pickinvoice-step4/node_modules/next/dist/esm/server/app-render/get-layer-assets.js'
npm warn tar TAR_ENTRY_ERROR ENOENT: no such file or directory, open '/mnt/data/pickinvoice/pickinvoice-step4/node_modules/next/dist/server/app-render/get-layer-assets.js'
npm warn tar TAR_ENTRY_ERROR ENOENT: no such file or directory, lstat '/mnt/data/pickinvoice/pickinvoice-step4/node_modules/next/dist/esm/shared/lib/i18n'
npm warn tar TAR_ENTRY_ERROR ENOENT: no such file or directory, lstat '/mnt/data/pickinvoice/pickinvoice-step4/node_modules/next/dist/shared/lib/i18n'
npm warn tar TAR_ENTRY_ERROR ENOENT: no such file or directory, open '/mnt/data/pickinvoice/pickinvoice-step4/node_modules/next/dist/esm/lib/metadata/get-metadata-route.js'
npm warn tar TAR_ENTRY_ERROR ENOENT: no such file or directory, open '/mnt/data/pickinvoice/pickinvoice-step4/node_modules/next/dist/lib/metadata/get-metadata-route.js'
npm warn tar TAR_ENTRY_ERROR ENOENT: no such file or directory, lstat '/mnt/data/pickinvoice/pickinvoice-step4/node_modules/next/dist/build/webpack'
npm warn tar TAR_ENTRY_ERROR ENOENT: no such file or directory, lstat '/mnt/data/pickinvoice/pickinvoice-step4/node_modules/next/dist/esm/build/webpack'
npm warn tar TAR_ENTRY_ERROR ENOENT: no such file or directory, open '/mnt/data/pickinvoice/pickinvoice-step4/node_modules/next/dist/esm/shared/lib/router/utils/get-next-pathname-info.js'
npm warn tar TAR_ENTRY_ERROR ENOENT: no such file or directory, open '/mnt/data/pickinvoice/pickinvoice-step4/node_modules/next/dist/shared/lib/router/utils/get-next-pathname-info.js'
npm warn tar TAR_ENTRY_ERROR ENOENT: no such file or directory, lstat '/mnt/data/pickinvoice/pickinvoice-step4/node_modules/next/dist/esm/lib/helpers'
npm warn tar TAR_ENTRY_ERROR ENOENT: no such file or directory, lstat '/mnt/data/pickinvoice/pickinvoice-step4/node_modules/next/dist/lib/helpers'
npm warn tar TAR_ENTRY_ERROR ENOENT: no such file or directory, lstat '/mnt/data/pickinvoice/pickinvoice-step4/node_modules/next/dist/esm/lib/helpers'
npm warn tar TAR_ENTRY_ERROR ENOENT: no such file or directory, lstat '/mnt/data/pickinvoice/pickinvoice-step4/node_modules/next/dist/lib/helpers'
npm warn tar TAR_ENTRY_ERROR ENOENT: no such file or directory, open '/mnt/data/pickinvoice/pickinvoice-step4/node_modules/next/dist/esm/lib/get-package-version.js'
npm warn tar TAR_ENTRY_ERROR ENOENT: no such file or directory, open '/mnt/data/pickinvoice/pickinvoice-step4/node_modules/next/dist/lib/get-package-version.js'
npm warn tar TAR_ENTRY_ERROR ENOENT: no such file or directory, open '/mnt/data/pickinvoice/pickinvoice-step4/node_modules/next/dist/esm/server/get-page-files.js'
npm warn tar TAR_ENTRY_ERROR ENOENT: no such file or directory, open '/mnt/data/pickinvoice/pickinvoice-step4/node_modules/next/dist/server/get-page-files.js'
npm warn tar TAR_ENTRY_ERROR ENOENT: no such file or directory, open '/mnt/data/pickinvoice/pickinvoice-step4/node_modules/next/dist/esm/shared/lib/page-path/get-page-paths.js'
npm warn tar TAR_ENTRY_ERROR ENOENT: no such file or directory, open '/mnt/data/pickinvoice/pickinvoice-step4/node_modules/next/dist/shared/lib/page-path/get-page-paths.js'
npm warn tar TAR_ENTRY_ERROR ENOENT: no such file or directory, lstat '/mnt/data/pickinvoice/pickinvoice-step4/node_modules/next/dist/build/analysis'
npm warn tar TAR_ENTRY_ERROR ENOENT: no such file or directory, lstat '/mnt/data/pickinvoice/pickinvoice-step4/node_modules/next/dist/esm/build/analysis'
npm warn tar TAR_ENTRY_ERROR ENOENT: no such file or directory, open '/mnt/data/pickinvoice/pickinvoice-step4/node_modules/next/dist/esm/export/helpers/get-params.js'
npm warn tar TAR_ENTRY_ERROR ENOENT: no such file or directory, open '/mnt/data/pickinvoice/pickinvoice-step4/node_modules/next/dist/export/helpers/get-params.js'
npm warn tar TAR_ENTRY_ERROR ENOENT: no such file or directory, open '/mnt/data/pickinvoice/pickinvoice-step4/node_modules/next/dist/esm/server/future/route-modules/app-route/helpers/get-pathname-from-absolute-path.js'
npm warn tar TAR_ENTRY_ERROR ENOENT: no such file or directory, open '/mnt/data/pickinvoice/pickinvoice-step4/node_modules/next/dist/server/future/route-modules/app-route/helpers/get-pathname-from-absolute-path.js'
npm warn tar TAR_ENTRY_ERROR ENOENT: no such file or directory, lstat '/mnt/data/pickinvoice/pickinvoice-step4/node_modules/next/dist/esm/lib/helpers'
npm warn tar TAR_ENTRY_ERROR ENOENT: no such file or directory, lstat '/mnt/data/pickinvoice/pickinvoice-step4/node_modules/next/dist/lib/helpers'
npm warn tar TAR_ENTRY_ERROR ENOENT: no such file or directory, open '/mnt/data/pickinvoice/pickinvoice-step4/node_modules/next/dist/esm/server/app-render/get-preloadable-fonts.js'
npm warn tar TAR_ENTRY_ERROR ENOENT: no such file or directory, open '/mnt/data/pickinvoice/pickinvoice-step4/node_modules/next/dist/server/app-render/get-preloadable-fonts.js'
npm warn tar TAR_ENTRY_ERROR ENOENT: no such file or directory, open '/mnt/data/pickinvoice/pickinvoice-step4/node_modules/next/dist/esm/lib/get-project-dir.js'
npm warn tar TAR_ENTRY_ERROR ENOENT: no such file or directory, open '/mnt/data/pickinvoice/pickinvoice-step4/node_modules/next/dist/lib/get-project-dir.js'
npm warn tar TAR_ENTRY_ERROR ENOENT: no such file or directory, lstat '/mnt/data/pickinvoice/pickinvoice-step4/node_modules/next/dist/compiled/@next/font/dist/google'
npm warn tar TAR_ENTRY_ERROR ENOENT: no such file or directory, lstat '/mnt/data/pickinvoice/pickinvoice-step4/node_modules/next/dist/esm/lib/helpers'
npm warn tar TAR_ENTRY_ERROR ENOENT: no such file or directory, lstat '/mnt/data/pickinvoice/pickinvoice-step4/node_modules/next/dist/lib/helpers'
npm warn tar TAR_ENTRY_ERROR ENOENT: no such file or directory, lstat '/mnt/data/pickinvoice/pickinvoice-step4/node_modules/next/dist/esm/lib/helpers'
npm warn tar TAR_ENTRY_ERROR ENOENT: no such file or directory, lstat '/mnt/data/pickinvoice/pickinvoice-step4/node_modules/next/dist/lib/helpers'
npm warn tar TAR_ENTRY_ERROR ENOENT: no such file or directory, open '/mnt/data/pickinvoice/pickinvoice-step4/node_modules/next/dist/esm/shared/lib/router/utils/get-route-from-asset-path.js'
npm warn tar TAR_ENTRY_ERROR ENOENT: no such file or directory, open '/mnt/data/pickinvoice/pickinvoice-step4/node_modules/next/dist/shared/lib/router/utils/get-route-from-asset-path.js'
npm warn tar TAR_ENTRY_ERROR ENOENT: no such file or directory, open '/mnt/data/pickinvoice/pickinvoice-step4/node_modules/next/dist/esm/server/get-route-from-entrypoint.js'
npm warn tar TAR_ENTRY_ERROR ENOENT: no such file or directory, open '/mnt/data/pickinvoice/pickinvoice-step4/node_modules/next/dist/server/get-route-from-entrypoint.js'
npm warn tar TAR_ENTRY_ERROR ENOENT: no such file or directory, open '/mnt/data/pickinvoice/pickinvoice-step4/node_modules/next/dist/esm/server/app-render/get-script-nonce-from-header.js'
npm warn tar TAR_ENTRY_ERROR ENOENT: no such file or directory, open '/mnt/data/pickinvoice/pickinvoice-step4/node_modules/next/dist/server/app-render/get-script-nonce-from-header.js'
npm warn tar TAR_ENTRY_ERROR ENOENT: no such file or directory, open '/mnt/data/pickinvoice/pickinvoice-step4/node_modules/next/dist/esm/server/app-render/get-segment-param.js'
npm warn tar TAR_ENTRY_ERROR ENOENT: no such file or directory, open '/mnt/data/pickinvoice/pickinvoice-step4/node_modules/next/dist/server/app-render/get-segment-param.js'
npm warn tar TAR_ENTRY_ERROR ENOENT: no such file or directory, lstat '/mnt/data/pickinvoice/pickinvoice-step4/node_modules/next/dist/client/components/router-reducer/reducers'
npm warn tar TAR_ENTRY_ERROR ENOENT: no such file or directory, lstat '/mnt/data/pickinvoice/pickinvoice-step4/node_modules/next/dist/esm/client/components/router-reducer/reducers'
npm warn tar TAR_ENTRY_ERROR ENOENT: no such file or directory, open '/mnt/data/pickinvoice/pickinvoice-step4/node_modules/next/dist/esm/server/app-render/get-short-dynamic-param-type.js'
npm warn tar TAR_ENTRY_ERROR ENOENT: no such file or directory, open '/mnt/data/pickinvoice/pickinvoice-step4/node_modules/next/dist/server/app-render/get-short-dynamic-param-type.js'
npm warn tar TAR_ENTRY_ERROR ENOENT: no such file or directory, lstat '/mnt/data/pickinvoice/pickinvoice-step4/node_modules/next/dist/client/components/react-dev-overlay'
npm warn tar TAR_ENTRY_ERROR ENOENT: no such file or directory, lstat '/mnt/data/pickinvoice/pickinvoice-step4/node_modules/next/dist/esm/client/components/react-dev-overlay'
npm warn tar TAR_ENTRY_ERROR ENOENT: no such file or directory, open '/mnt/data/pickinvoice/pickinvoice-step4/node_modules/next/dist/compiled/@babel/runtime/helpers/esm/get.js'
npm warn tar TAR_ENTRY_ERROR ENOENT: no such file or directory, open '/mnt/data/pickinvoice/pickinvoice-step4/node_modules/next/dist/compiled/@babel/runtime/helpers/get.js'
npm warn tar TAR_ENTRY_ERROR ENOENT: no such file or directory, open '/mnt/data/pickinvoice/pickinvoice-step4/node_modules/next/dist/build/webpack/config/blocks/css/loaders/getCssModuleLocalIdent.js'
npm warn tar TAR_ENTRY_ERROR ENOENT: no such file or directory, open '/mnt/data/pickinvoice/pickinvoice-step4/node_modules/next/dist/esm/build/webpack/config/blocks/css/loaders/getCssModuleLocalIdent.js'
npm warn tar TAR_ENTRY_ERROR ENOENT: no such file or directory, lstat '/mnt/data/pickinvoice/pickinvoice-step4/node_modules/next/dist/client/components/react-dev-overlay'
npm warn tar TAR_ENTRY_ERROR ENOENT: no such file or directory, lstat '/mnt/data/pickinvoice/pickinvoice-step4/node_modules/next/dist/esm/client/components/react-dev-overlay'
npm warn tar TAR_ENTRY_ERROR ENOENT: no such file or directory, lstat '/mnt/data/pickinvoice/pickinvoice-step4/node_modules/next/dist/esm/lib/eslint'
npm warn tar TAR_ENTRY_ERROR ENOENT: no such file or directory, lstat '/mnt/data/pickinvoice/pickinvoice-step4/node_modules/next/dist/lib/eslint'
npm warn tar TAR_ENTRY_ERROR ENOENT: no such file or directory, lstat '/mnt/data/pickinvoice/pickinvoice-step4/node_modules/next/dist/build/webpack'
npm warn tar TAR_ENTRY_ERROR ENOENT: no such file or directory, lstat '/mnt/data/pickinvoice/pickinvoice-step4/node_modules/next/dist/esm/build/webpack'
npm warn tar TAR_ENTRY_ERROR ENOENT: no such file or directory, open '/mnt/data/pickinvoice/pickinvoice-step4/node_modules/next/dist/compiled/@babel/runtime/helpers/esm/getPrototypeOf.js'
npm warn tar TAR_ENTRY_ERROR ENOENT: no such file or directory, open '/mnt/data/pickinvoice/pickinvoice-step4/node_modules/next/dist/compiled/@babel/runtime/helpers/getPrototypeOf.js'
npm warn tar TAR_ENTRY_ERROR ENOENT: no such file or directory, lstat '/mnt/data/pickinvoice/pickinvoice-step4/node_modules/next/dist/client/components/react-dev-overlay'
npm warn tar TAR_ENTRY_ERROR ENOENT: no such file or directory, lstat '/mnt/data/pickinvoice/pickinvoice-step4/node_modules/next/dist/esm/client/components/react-dev-overlay'
npm warn tar TAR_ENTRY_ERROR ENOENT: no such file or directory, lstat '/mnt/data/pickinvoice/pickinvoice-step4/node_modules/next/dist/client/components/react-dev-overlay'
npm warn tar TAR_ENTRY_ERROR ENOENT: no such file or directory, lstat '/mnt/data/pickinvoice/pickinvoice-step4/node_modules/next/dist/esm/client/components/react-dev-overlay'
npm warn tar TAR_ENTRY_ERROR ENOENT: no such file or directory, lstat '/mnt/data/pickinvoice/pickinvoice-step4/node_modules/next/dist/esm/lib/typescript'
npm warn tar TAR_ENTRY_ERROR ENOENT: no such file or directory, lstat '/mnt/data/pickinvoice/pickinvoice-step4/node_modules/next/dist/lib/typescript'
npm warn tar TAR_ENTRY_ERROR ENOENT: no such file or directory, lstat '/mnt/data/pickinvoice/pickinvoice-step4/node_modules/next/dist/esm/lib/typescript'
npm warn tar TAR_ENTRY_ERROR ENOENT: no such file or directory, lstat '/mnt/data/pickinvoice/pickinvoice-step4/node_modules/next/dist/lib/typescript'
npm warn tar TAR_ENTRY_ERROR ENOENT: no such file or directory, open '/mnt/data/pickinvoice/pickinvoice-step4/node_modules/next/dist/build/webpack/loaders/css-loader/src/runtime/getUrl.js'
npm warn tar TAR_ENTRY_ERROR ENOENT: no such file or directory, open '/mnt/data/pickinvoice/pickinvoice-step4/node_modules/next/dist/esm/build/webpack/loaders/css-loader/src/runtime/getUrl.js'
npm warn tar TAR_ENTRY_ERROR ENOENT: no such file or directory, open '/mnt/data/pickinvoice/pickinvoice-step4/node_modules/next/dist/compiled/glob/glob.js'
npm warn tar TAR_ENTRY_ERROR ENOENT: no such file or directory, open '/mnt/data/pickinvoice/pickinvoice-step4/node_modules/next/dist/build/webpack/config/blocks/css/loaders/global.js'
npm warn tar TAR_ENTRY_ERROR ENOENT: no such file or directory, open '/mnt/data/pickinvoice/pickinvoice-step4/node_modules/next/dist/esm/build/webpack/config/blocks/css/loaders/global.js'
npm warn tar TAR_ENTRY_ERROR ENOENT: no such file or directory, open '/mnt/data/pickinvoice/pickinvoice-step4/node_modules/next/dist/esm/server/web/globals.js'
npm warn tar TAR_ENTRY_ERROR ENOENT: no such file or directory, open '/mnt/data/pickinvoice/pickinvoice-step4/node_modules/next/dist/server/web/globals.js'
npm warn tar TAR_ENTRY_ERROR ENOENT: no such file or directory, lstat '/mnt/data/pickinvoice/pickinvoice-step4/node_modules/next/dist/compiled/@next/font/dist/google'
npm warn tar TAR_ENTRY_ERROR ENOENT: no such file or directory, open '/mnt/data/pickinvoice/pickinvoice-step4/node_modules/next/dist/compiled/webpack/GraphHelpers.js'
npm warn tar TAR_ENTRY_ERROR ENOENT: no such file or directory, lstat '/mnt/data/pickinvoice/pickinvoice-step4/node_modules/next/dist/client/components/react-dev-overlay'
npm warn tar TAR_ENTRY_ERROR ENOENT: no such file or directory, lstat '/mnt/data/pickinvoice/pickinvoice-step4/node_modules/next/dist/esm/client/components/react-dev-overlay'
npm warn tar TAR_ENTRY_ERROR ENOENT: no such file or directory, open '/mnt/data/pickinvoice/pickinvoice-step4/node_modules/next/dist/client/components/react-dev-overlay/internal/container/RuntimeError/GroupedStackFrames.js'
npm warn tar TAR_ENTRY_ERROR ENOENT: no such file or directory, open '/mnt/data/pickinvoice/pickinvoice-step4/node_modules/next/dist/esm/client/components/react-dev-overlay/internal/container/RuntimeError/GroupedStackFrames.js'
npm warn tar TAR_ENTRY_ERROR ENOENT: no such file or directory, open '/mnt/data/pickinvoice/pickinvoice-step4/node_modules/next/dist/build/handle-externals.js'
npm warn tar TAR_ENTRY_ERROR ENOENT: no such file or directory, open '/mnt/data/pickinvoice/pickinvoice-step4/node_modules/next/dist/esm/build/handle-externals.js'
npm warn tar TAR_ENTRY_ERROR ENOENT: no such file or directory, open '/mnt/data/pickinvoice/pickinvoice-step4/node_modules/next/dist/client/components/router-reducer/handle-mutable.js'
npm warn tar TAR_ENTRY_ERROR ENOENT: no such file or directory, open '/mnt/data/pickinvoice/pickinvoice-step4/node_modules/next/dist/esm/client/components/router-reducer/handle-mutable.js'
npm warn tar TAR_ENTRY_ERROR ENOENT: no such file or directory, open '/mnt/data/pickinvoice/pickinvoice-step4/node_modules/next/dist/client/components/router-reducer/handle-segment-mismatch.js'
npm warn tar TAR_ENTRY_ERROR ENOENT: no such file or directory, open '/mnt/data/pickinvoice/pickinvoice-step4/node_modules/next/dist/esm/client/components/router-reducer/handle-segment-mismatch.js'
npm warn tar TAR_ENTRY_ERROR ENOENT: no such file or directory, open '/mnt/data/pickinvoice/pickinvoice-step4/node_modules/next/dist/esm/shared/lib/router/utils/handle-smooth-scroll.js'
npm warn tar TAR_ENTRY_ERROR ENOENT: no such file or directory, open '/mnt/data/pickinvoice/pickinvoice-step4/node_modules/next/dist/shared/lib/router/utils/handle-smooth-scroll.js'
npm warn tar TAR_ENTRY_ERROR ENOENT: no such file or directory, open '/mnt/data/pickinvoice/pickinvoice-step4/node_modules/next/dist/client/has-base-path.js'
npm warn tar TAR_ENTRY_ERROR ENOENT: no such file or directory, open '/mnt/data/pickinvoice/pickinvoice-step4/node_modules/next/dist/esm/client/has-base-path.js'
npm warn tar TAR_ENTRY_ERROR ENOENT: no such file or directory, lstat '/mnt/data/pickinvoice/pickinvoice-step4/node_modules/next/dist/client/components/router-reducer/reducers'
npm warn tar TAR_ENTRY_ERROR ENOENT: no such file or directory, lstat '/mnt/data/pickinvoice/pickinvoice-step4/node_modules/next/dist/esm/client/components/router-reducer/reducers'
npm warn tar TAR_ENTRY_ERROR ENOENT: no such file or directory, open '/mnt/data/pickinvoice/pickinvoice-step4/node_modules/next/dist/esm/server/app-render/has-loading-component-in-tree.js'
npm warn tar TAR_ENTRY_ERROR ENOENT: no such file or directory, open '/mnt/data/pickinvoice/pickinvoice-step4/node_modules/next/dist/server/app-render/has-loading-component-in-tree.js'
npm warn tar TAR_ENTRY_ERROR ENOENT: no such file or directory, open '/mnt/data/pickinvoice/pickinvoice-step4/node_modules/next/dist/esm/lib/has-necessary-dependencies.js'
npm warn tar TAR_ENTRY_ERROR ENOENT: no such file or directory, open '/mnt/data/pickinvoice/pickinvoice-step4/node_modules/next/dist/lib/has-necessary-dependencies.js'
npm warn tar TAR_ENTRY_ERROR ENOENT: no such file or directory, lstat '/mnt/data/pickinvoice/pickinvoice-step4/node_modules/next/dist/esm/lib/eslint'
npm warn tar TAR_ENTRY_ERROR ENOENT: no such file or directory, lstat '/mnt/data/pickinvoice/pickinvoice-step4/node_modules/next/dist/lib/eslint'
npm warn tar TAR_ENTRY_ERROR ENOENT: no such file or directory, open '/mnt/data/pickinvoice/pickinvoice-step4/node_modules/next/dist/esm/shared/lib/hash.js'
npm warn tar TAR_ENTRY_ERROR ENOENT: no such file or directory, open '/mnt/data/pickinvoice/pickinvoice-step4/node_modules/next/dist/shared/lib/hash.js'
npm warn tar TAR_ENTRY_ERROR ENOENT: no such file or directory, open '/mnt/data/pickinvoice/pickinvoice-step4/node_modules/next/dist/esm/server/future/route-modules/app-page/vendored/contexts/head-manager-context.js'
npm warn tar TAR_ENTRY_ERROR ENOENT: no such file or directory, open '/mnt/data/pickinvoice/pickinvoice-step4/node_modules/next/dist/esm/server/future/route-modules/pages/vendored/contexts/head-manager-context.js'
npm warn tar TAR_ENTRY_ERROR ENOENT: no such file or directory, open '/mnt/data/pickinvoice/pickinvoice-step4/node_modules/next/dist/server/future/route-modules/app-page/vendored/contexts/head-manager-context.js'
npm warn tar TAR_ENTRY_ERROR ENOENT: no such file or directory, open '/mnt/data/pickinvoice/pickinvoice-step4/node_modules/next/dist/server/future/route-modules/pages/vendored/contexts/head-manager-context.js'
npm warn tar TAR_ENTRY_ERROR ENOENT: no such file or directory, open '/mnt/data/pickinvoice/pickinvoice-step4/node_modules/next/dist/esm/shared/lib/head-manager-context.shared-runtime.js'
npm warn tar TAR_ENTRY_ERROR ENOENT: no such file or directory, open '/mnt/data/pickinvoice/pickinvoice-step4/node_modules/next/dist/shared/lib/head-manager-context.shared-runtime.js'
npm warn tar TAR_ENTRY_ERROR ENOENT: no such file or directory, open '/mnt/data/pickinvoice/pickinvoice-step4/node_modules/next/dist/client/head-manager.js'
npm warn tar TAR_ENTRY_ERROR ENOENT: no such file or directory, open '/mnt/data/pickinvoice/pickinvoice-step4/node_modules/next/dist/esm/client/head-manager.js'
npm warn tar TAR_ENTRY_ERROR ENOENT: no such file or directory, open '/mnt/data/pickinvoice/pickinvoice-step4/node_modules/next/dist/api/head.js'
npm warn tar TAR_ENTRY_ERROR ENOENT: no such file or directory, open '/mnt/data/pickinvoice/pickinvoice-step4/node_modules/next/dist/esm/api/head.js'
npm warn tar TAR_ENTRY_ERROR ENOENT: no such file or directory, open '/mnt/data/pickinvoice/pickinvoice-step4/node_modules/next/dist/esm/shared/lib/head.js'
npm warn tar TAR_ENTRY_ERROR ENOENT: no such file or directory, open '/mnt/data/pickinvoice/pickinvoice-step4/node_modules/next/dist/shared/lib/head.js'
npm warn tar TAR_ENTRY_ERROR ENOENT: no such file or directory, open '/mnt/data/pickinvoice/pickinvoice-step4/node_modules/next/dist/api/headers.js'
npm warn tar TAR_ENTRY_ERROR ENOENT: no such file or directory, open '/mnt/data/pickinvoice/pickinvoice-step4/node_modules/next/dist/client/components/headers.js'
npm warn tar TAR_ENTRY_ERROR ENOENT: no such file or directory, open '/mnt/data/pickinvoice/pickinvoice-step4/node_modules/next/dist/esm/api/headers.js'
npm warn tar TAR_ENTRY_ERROR ENOENT: no such file or directory, open '/mnt/data/pickinvoice/pickinvoice-step4/node_modules/next/dist/esm/client/components/headers.js'
npm warn tar TAR_ENTRY_ERROR ENOENT: no such file or directory, lstat '/mnt/data/pickinvoice/pickinvoice-step4/node_modules/next/dist/esm/server/web/spec-extension/adapters'
npm warn tar TAR_ENTRY_ERROR ENOENT: no such file or directory, lstat '/mnt/data/pickinvoice/pickinvoice-step4/node_modules/next/dist/server/web/spec-extension/adapters'
npm warn tar TAR_ENTRY_ERROR ENOENT: no such file or directory, lstat '/mnt/data/pickinvoice/pickinvoice-step4/node_modules/next/dist/build/swc'
npm warn tar TAR_ENTRY_ERROR ENOENT: no such file or directory, open '/mnt/data/pickinvoice/pickinvoice-step4/node_modules/next/dist/build/templates/helpers.js'
npm warn tar TAR_ENTRY_ERROR ENOENT: no such file or directory, lstat '/mnt/data/pickinvoice/pickinvoice-step4/node_modules/next/dist/build/turborepo-access-trace'
npm warn tar TAR_ENTRY_ERROR ENOENT: no such file or directory, lstat '/mnt/data/pickinvoice/pickinvoice-step4/node_modules/next/dist/build/webpack'
npm warn tar TAR_ENTRY_ERROR ENOENT: no such file or directory, lstat '/mnt/data/pickinvoice/pickinvoice-step4/node_modules/next/dist/esm/build/swc'
npm warn tar TAR_ENTRY_ERROR ENOENT: no such file or directory, open '/mnt/data/pickinvoice/pickinvoice-step4/node_modules/next/dist/esm/build/templates/helpers.js'
npm warn tar TAR_ENTRY_ERROR ENOENT: no such file or directory, lstat '/mnt/data/pickinvoice/pickinvoice-step4/node_modules/next/dist/esm/build/turborepo-access-trace'
npm warn tar TAR_ENTRY_ERROR ENOENT: no such file or directory, lstat '/mnt/data/pickinvoice/pickinvoice-step4/node_modules/next/dist/esm/build/webpack'
npm warn tar TAR_ENTRY_ERROR ENOENT: no such file or directory, open '/mnt/data/pickinvoice/pickinvoice-step4/node_modules/next/dist/esm/server/future/route-modules/app-page/vendored/contexts/hooks-client-context.js'
npm warn tar TAR_ENTRY_ERROR ENOENT: no such file or directory, open '/mnt/data/pickinvoice/pickinvoice-step4/node_modules/next/dist/esm/server/future/route-modules/pages/vendored/contexts/hooks-client-context.js'
npm warn tar TAR_ENTRY_ERROR ENOENT: no such file or directory, open '/mnt/data/pickinvoice/pickinvoice-step4/node_modules/next/dist/server/future/route-modules/app-page/vendored/contexts/hooks-client-context.js'
npm warn tar TAR_ENTRY_ERROR ENOENT: no such file or directory, open '/mnt/data/pickinvoice/pickinvoice-step4/node_modules/next/dist/server/future/route-modules/pages/vendored/contexts/hooks-client-context.js'
npm warn tar TAR_ENTRY_ERROR ENOENT: no such file or directory, open '/mnt/data/pickinvoice/pickinvoice-step4/node_modules/next/dist/esm/shared/lib/hooks-client-context.shared-runtime.js'
npm warn tar TAR_ENTRY_ERROR ENOENT: no such file or directory, open '/mnt/data/pickinvoice/pickinvoice-step4/node_modules/next/dist/shared/lib/hooks-client-context.shared-runtime.js'
npm warn tar TAR_ENTRY_ERROR ENOENT: no such file or directory, open '/mnt/data/pickinvoice/pickinvoice-step4/node_modules/next/dist/client/components/hooks-server-context.js'
npm warn tar TAR_ENTRY_ERROR ENOENT: no such file or directory, open '/mnt/data/pickinvoice/pickinvoice-step4/node_modules/next/dist/esm/client/components/hooks-server-context.js'
npm warn tar TAR_ENTRY_ERROR ENOENT: no such file or directory, open '/mnt/data/pickinvoice/pickinvoice-step4/node_modules/next/dist/client/dev/hot-middleware-client.js'
npm warn tar TAR_ENTRY_ERROR ENOENT: no such file or directory, open '/mnt/data/pickinvoice/pickinvoice-step4/node_modules/next/dist/esm/client/dev/hot-middleware-client.js'
npm warn tar TAR_ENTRY_ERROR ENOENT: no such file or directory, lstat '/mnt/data/pickinvoice/pickinvoice-step4/node_modules/next/dist/esm/server/dev'
npm warn tar TAR_ENTRY_ERROR ENOENT: no such file or directory, lstat '/mnt/data/pickinvoice/pickinvoice-step4/node_modules/next/dist/server/dev'
npm warn tar TAR_ENTRY_ERROR ENOENT: no such file or directory, lstat '/mnt/data/pickinvoice/pickinvoice-step4/node_modules/next/dist/client/components/react-dev-overlay'
npm warn tar TAR_ENTRY_ERROR ENOENT: no such file or directory, open '/mnt/data/pickinvoice/pickinvoice-step4/node_modules/next/dist/client/components/react-dev-overlay/pages/hot-reloader-client.js'
npm warn tar TAR_ENTRY_ERROR ENOENT: no such file or directory, lstat '/mnt/data/pickinvoice/pickinvoice-step4/node_modules/next/dist/esm/client/components/react-dev-overlay'
npm warn tar TAR_ENTRY_ERROR ENOENT: no such file or directory, open '/mnt/data/pickinvoice/pickinvoice-step4/node_modules/next/dist/esm/client/components/react-dev-overlay/pages/hot-reloader-client.js'
npm warn tar TAR_ENTRY_ERROR ENOENT: no such file or directory, lstat '/mnt/data/pickinvoice/pickinvoice-step4/node_modules/next/dist/esm/server/dev'
npm warn tar TAR_ENTRY_ERROR ENOENT: no such file or directory, lstat '/mnt/data/pickinvoice/pickinvoice-step4/node_modules/next/dist/server/dev'
npm warn tar TAR_ENTRY_ERROR ENOENT: no such file or directory, lstat '/mnt/data/pickinvoice/pickinvoice-step4/node_modules/next/dist/esm/server/dev'
npm warn tar TAR_ENTRY_ERROR ENOENT: no such file or directory, lstat '/mnt/data/pickinvoice/pickinvoice-step4/node_modules/next/dist/server/dev'
npm warn tar TAR_ENTRY_ERROR ENOENT: no such file or directory, lstat '/mnt/data/pickinvoice/pickinvoice-step4/node_modules/next/dist/esm/server/dev'
npm warn tar TAR_ENTRY_ERROR ENOENT: no such file or directory, lstat '/mnt/data/pickinvoice/pickinvoice-step4/node_modules/next/dist/server/dev'
npm warn tar TAR_ENTRY_ERROR ENOENT: no such file or directory, lstat '/mnt/data/pickinvoice/pickinvoice-step4/node_modules/next/dist/compiled/mini-css-extract-plugin/hmr'
npm warn tar TAR_ENTRY_ERROR ENOENT: no such file or directory, open '/mnt/data/pickinvoice/pickinvoice-step4/node_modules/next/dist/compiled/webpack/HotModuleReplacement.runtime.js'
npm warn tar TAR_ENTRY_ERROR ENOENT: no such file or directory, open '/mnt/data/pickinvoice/pickinvoice-step4/node_modules/next/dist/esm/server/future/route-modules/app-page/vendored/contexts/html-context.js'
npm warn tar TAR_ENTRY_ERROR ENOENT: no such file or directory, open '/mnt/data/pickinvoice/pickinvoice-step4/node_modules/next/dist/esm/server/future/route-modules/pages/vendored/contexts/html-context.js'
npm warn tar TAR_ENTRY_ERROR ENOENT: no such file or directory, open '/mnt/data/pickinvoice/pickinvoice-step4/node_modules/next/dist/server/future/route-modules/app-page/vendored/contexts/html-context.js'
npm warn tar TAR_ENTRY_ERROR ENOENT: no such file or directory, open '/mnt/data/pickinvoice/pickinvoice-step4/node_modules/next/dist/server/future/route-modules/pages/vendored/contexts/html-context.js'
npm warn tar TAR_ENTRY_ERROR ENOENT: no such file or directory, open '/mnt/data/pickinvoice/pickinvoice-step4/node_modules/next/dist/esm/shared/lib/html-context.shared-runtime.js'
npm warn tar TAR_ENTRY_ERROR ENOENT: no such file or directory, open '/mnt/data/pickinvoice/pickinvoice-step4/node_modules/next/dist/shared/lib/html-context.shared-runtime.js'
npm warn tar TAR_ENTRY_ERROR ENOENT: no such file or directory, open '/mnt/data/pickinvoice/pickinvoice-step4/node_modules/next/dist/esm/server/htmlescape.js'
npm warn tar TAR_ENTRY_ERROR ENOENT: no such file or directory, open '/mnt/data/pickinvoice/pickinvoice-step4/node_modules/next/dist/server/htmlescape.js'
npm warn tar TAR_ENTRY_ERROR ENOENT: no such file or directory, open '/mnt/data/pickinvoice/pickinvoice-step4/node_modules/next/dist/esm/server/web/http.js'
npm warn tar TAR_ENTRY_ERROR ENOENT: no such file or directory, open '/mnt/data/pickinvoice/pickinvoice-step4/node_modules/next/dist/server/web/http.js'
npm warn tar TAR_ENTRY_ERROR ENOENT: no such file or directory, open '/mnt/data/pickinvoice/pickinvoice-step4/node_modules/next/dist/experimental/testmode/httpget.js'
npm warn tar TAR_ENTRY_ERROR ENOENT: no such file or directory, lstat '/mnt/data/pickinvoice/pickinvoice-step4/node_modules/next/dist/client/components/react-dev-overlay'
npm warn tar TAR_ENTRY_ERROR ENOENT: no such file or directory, lstat '/mnt/data/pickinvoice/pickinvoice-step4/node_modules/next/dist/esm/client/components/react-dev-overlay'
npm warn tar TAR_ENTRY_ERROR ENOENT: no such file or directory, lstat '/mnt/data/pickinvoice/pickinvoice-step4/node_modules/next/dist/esm/server/future'
npm warn tar TAR_ENTRY_ERROR ENOENT: no such file or directory, lstat '/mnt/data/pickinvoice/pickinvoice-step4/node_modules/next/dist/server/future'
npm warn tar TAR_ENTRY_ERROR ENOENT: no such file or directory, open '/mnt/data/pickinvoice/pickinvoice-step4/node_modules/next/dist/esm/lib/metadata/generate/icons.js'
npm warn tar TAR_ENTRY_ERROR ENOENT: no such file or directory, open '/mnt/data/pickinvoice/pickinvoice-step4/node_modules/next/dist/esm/lib/metadata/types/icons.js'
npm warn tar TAR_ENTRY_ERROR ENOENT: no such file or directory, open '/mnt/data/pickinvoice/pickinvoice-step4/node_modules/next/dist/lib/metadata/generate/icons.js'
npm warn tar TAR_ENTRY_ERROR ENOENT: no such file or directory, open '/mnt/data/pickinvoice/pickinvoice-step4/node_modules/next/dist/lib/metadata/types/icons.js'
npm warn tar TAR_ENTRY_ERROR ENOENT: no such file or directory, open '/mnt/data/pickinvoice/pickinvoice-step4/node_modules/next/dist/compiled/@babel/runtime/helpers/esm/identity.js'
npm warn tar TAR_ENTRY_ERROR ENOENT: no such file or directory, open '/mnt/data/pickinvoice/pickinvoice-step4/node_modules/next/dist/compiled/@babel/runtime/helpers/identity.js'
npm warn tar TAR_ENTRY_ERROR ENOENT: no such file or directory, open '/mnt/data/pickinvoice/pickinvoice-step4/node_modules/next/dist/esm/server/lib/squoosh/image_data.js'
npm warn tar TAR_ENTRY_ERROR ENOENT: no such file or directory, open '/mnt/data/pickinvoice/pickinvoice-step4/node_modules/next/dist/server/lib/squoosh/image_data.js'
npm warn tar TAR_ENTRY_ERROR ENOENT: no such file or directory, open '/mnt/data/pickinvoice/pickinvoice-step4/node_modules/next/dist/esm/shared/lib/image-blur-svg.js'
npm warn tar TAR_ENTRY_ERROR ENOENT: no such file or directory, open '/mnt/data/pickinvoice/pickinvoice-step4/node_modules/next/dist/shared/lib/image-blur-svg.js'
npm warn tar TAR_ENTRY_ERROR ENOENT: no such file or directory, open '/mnt/data/pickinvoice/pickinvoice-step4/node_modules/next/dist/client/image-component.js'
npm warn tar TAR_ENTRY_ERROR ENOENT: no such file or directory, open '/mnt/data/pickinvoice/pickinvoice-step4/node_modules/next/dist/esm/client/image-component.js'
npm warn tar TAR_ENTRY_ERROR ENOENT: no such file or directory, open '/mnt/data/pickinvoice/pickinvoice-step4/node_modules/next/dist/esm/server/future/route-modules/app-page/vendored/contexts/image-config-context.js'
npm warn tar TAR_ENTRY_ERROR ENOENT: no such file or directory, open '/mnt/data/pickinvoice/pickinvoice-step4/node_modules/next/dist/esm/server/future/route-modules/pages/vendored/contexts/image-config-context.js'
npm warn tar TAR_ENTRY_ERROR ENOENT: no such file or directory, open '/mnt/data/pickinvoice/pickinvoice-step4/node_modules/next/dist/server/future/route-modules/app-page/vendored/contexts/image-config-context.js'
npm warn tar TAR_ENTRY_ERROR ENOENT: no such file or directory, open '/mnt/data/pickinvoice/pickinvoice-step4/node_modules/next/dist/server/future/route-modules/pages/vendored/contexts/image-config-context.js'
npm warn tar TAR_ENTRY_ERROR ENOENT: no such file or directory, open '/mnt/data/pickinvoice/pickinvoice-step4/node_modules/next/dist/esm/shared/lib/image-config-context.shared-runtime.js'
npm warn tar TAR_ENTRY_ERROR ENOENT: no such file or directory, open '/mnt/data/pickinvoice/pickinvoice-step4/node_modules/next/dist/shared/lib/image-config-context.shared-runtime.js'
npm warn tar TAR_ENTRY_ERROR ENOENT: no such file or directory, open '/mnt/data/pickinvoice/pickinvoice-step4/node_modules/next/dist/esm/shared/lib/image-config.js'
npm warn tar TAR_ENTRY_ERROR ENOENT: no such file or directory, open '/mnt/data/pickinvoice/pickinvoice-step4/node_modules/next/dist/shared/lib/image-config.js'
npm warn tar TAR_ENTRY_ERROR ENOENT: no such file or directory, open '/mnt/data/pickinvoice/pickinvoice-step4/node_modules/next/dist/esm/shared/lib/image-external.js'
npm warn tar TAR_ENTRY_ERROR ENOENT: no such file or directory, open '/mnt/data/pickinvoice/pickinvoice-step4/node_modules/next/dist/shared/lib/image-external.js'
npm warn tar TAR_ENTRY_ERROR ENOENT: no such file or directory, open '/mnt/data/pickinvoice/pickinvoice-step4/node_modules/next/dist/esm/shared/lib/image-loader.js'
npm warn tar TAR_ENTRY_ERROR ENOENT: no such file or directory, open '/mnt/data/pickinvoice/pickinvoice-step4/node_modules/next/dist/shared/lib/image-loader.js'
npm warn tar TAR_ENTRY_ERROR ENOENT: no such file or directory, open '/mnt/data/pickinvoice/pickinvoice-step4/node_modules/next/dist/esm/server/image-optimizer.js'
npm warn tar TAR_ENTRY_ERROR ENOENT: no such file or directory, open '/mnt/data/pickinvoice/pickinvoice-step4/node_modules/next/dist/server/image-optimizer.js'
npm warn tar TAR_ENTRY_ERROR ENOENT: no such file or directory, lstat '/mnt/data/pickinvoice/pickinvoice-step4/node_modules/next/dist/esm/server/og'
npm warn tar TAR_ENTRY_ERROR ENOENT: no such file or directory, open '/mnt/data/pickinvoice/pickinvoice-step4/node_modules/next/dist/esm/server/web/spec-extension/image-response.js'
npm warn tar TAR_ENTRY_ERROR ENOENT: no such file or directory, lstat '/mnt/data/pickinvoice/pickinvoice-step4/node_modules/next/dist/server/og'
npm warn tar TAR_ENTRY_ERROR ENOENT: no such file or directory, open '/mnt/data/pickinvoice/pickinvoice-step4/node_modules/next/dist/server/web/spec-extension/image-response.js'
npm warn tar TAR_ENTRY_ERROR ENOENT: no such file or directory, open '/mnt/data/pickinvoice/pickinvoice-step4/node_modules/next/dist/api/image.js'
npm warn tar TAR_ENTRY_ERROR ENOENT: no such file or directory, lstat '/mnt/data/pickinvoice/pickinvoice-step4/node_modules/next/dist/client/legacy'
npm warn tar TAR_ENTRY_ERROR ENOENT: no such file or directory, open '/mnt/data/pickinvoice/pickinvoice-step4/node_modules/next/dist/esm/api/image.js'
npm warn tar TAR_ENTRY_ERROR ENOENT: no such file or directory, lstat '/mnt/data/pickinvoice/pickinvoice-step4/node_modules/next/dist/esm/client/legacy'
npm warn tar TAR_ENTRY_ERROR ENOENT: no such file or directory, lstat '/mnt/data/pickinvoice/pickinvoice-step4/node_modules/next/dist/build/webpack-build'
npm warn tar TAR_ENTRY_ERROR ENOENT: no such file or directory, lstat '/mnt/data/pickinvoice/pickinvoice-step4/node_modules/next/dist/esm/build/webpack-build'
npm warn tar TAR_ENTRY_ERROR ENOENT: no such file or directory, open '/mnt/data/pickinvoice/pickinvoice-step4/node_modules/next/dist/esm/server/lib/squoosh/impl.js'
npm warn tar TAR_ENTRY_ERROR ENOENT: no such file or directory, open '/mnt/data/pickinvoice/pickinvoice-step4/node_modules/next/dist/server/lib/squoosh/impl.js'
npm warn tar TAR_ENTRY_ERROR ENOENT: no such file or directory, open '/mnt/data/pickinvoice/pickinvoice-step4/node_modules/next/dist/build/polyfills/object.assign/implementation.js'
npm warn tar TAR_ENTRY_ERROR ENOENT: no such file or directory, open '/mnt/data/pickinvoice/pickinvoice-step4/node_modules/next/dist/esm/build/polyfills/object.assign/implementation.js'
npm warn tar TAR_ENTRY_ERROR ENOENT: no such file or directory, open '/mnt/data/pickinvoice/pickinvoice-step4/node_modules/next/dist/esm/lib/import-next-warning.js'
npm warn tar TAR_ENTRY_ERROR ENOENT: no such file or directory, open '/mnt/data/pickinvoice/pickinvoice-step4/node_modules/next/dist/lib/import-next-warning.js'
npm warn tar TAR_ENTRY_ERROR ENOENT: no such file or directory, open '/mnt/data/pickinvoice/pickinvoice-step4/node_modules/next/dist/esm/server/lib/incremental-cache-server.js'
npm warn tar TAR_ENTRY_ERROR ENOENT: no such file or directory, open '/mnt/data/pickinvoice/pickinvoice-step4/node_modules/next/dist/server/lib/incremental-cache-server.js'
npm warn tar TAR_ENTRY_ERROR ENOENT: no such file or directory, open '/mnt/data/pickinvoice/pickinvoice-step4/node_modules/next/dist/compiled/@vercel/og/index.edge.js'
npm warn tar TAR_ENTRY_ERROR ENOENT: no such file or directory, lstat '/mnt/data/pickinvoice/pickinvoice-step4/node_modules/next/dist/build/babel'
npm warn tar TAR_ENTRY_ERROR ENOENT: no such file or directory, open '/mnt/data/pickinvoice/pickinvoice-step4/node_modules/next/dist/build/index.js'
npm warn tar TAR_ENTRY_ERROR ENOENT: no such file or directory, lstat '/mnt/data/pickinvoice/pickinvoice-step4/node_modules/next/dist/build/output'
npm warn tar TAR_ENTRY_ERROR ENOENT: no such file or directory, lstat '/mnt/data/pickinvoice/pickinvoice-step4/node_modules/next/dist/build/polyfills'
npm warn tar TAR_ENTRY_ERROR ENOENT: no such file or directory, open '/mnt/data/pickinvoice/pickinvoice-step4/node_modules/next/dist/build/polyfills/object.assign/index.js'
npm warn tar TAR_ENTRY_ERROR ENOENT: no such file or directory, lstat '/mnt/data/pickinvoice/pickinvoice-step4/node_modules/next/dist/build/swc'
npm warn tar TAR_ENTRY_ERROR ENOENT: no such file or directory, lstat '/mnt/data/pickinvoice/pickinvoice-step4/node_modules/next/dist/build/turborepo-access-trace'
npm warn tar TAR_ENTRY_ERROR ENOENT: no such file or directory, lstat '/mnt/data/pickinvoice/pickinvoice-step4/node_modules/next/dist/build/webpack-build'
npm warn tar TAR_ENTRY_ERROR ENOENT: no such file or directory, lstat '/mnt/data/pickinvoice/pickinvoice-step4/node_modules/next/dist/build/webpack'
npm warn tar TAR_ENTRY_ERROR ENOENT: no such file or directory, open '/mnt/data/pickinvoice/pickinvoice-step4/node_modules/next/dist/build/webpack/config/blocks/css/loaders/index.js'
npm warn tar TAR_ENTRY_ERROR ENOENT: no such file or directory, lstat '/mnt/data/pickinvoice/pickinvoice-step4/node_modules/next/dist/build/webpack'
npm warn tar TAR_ENTRY_ERROR ENOENT: no such file or directory, lstat '/mnt/data/pickinvoice/pickinvoice-step4/node_modules/next/dist/build/webpack'
npm warn tar TAR_ENTRY_ERROR ENOENT: no such file or directory, open '/mnt/data/pickinvoice/pickinvoice-step4/node_modules/next/dist/build/webpack/loaders/css-loader/src/index.js'
npm warn tar TAR_ENTRY_ERROR ENOENT: no such file or directory, lstat '/mnt/data/pickinvoice/pickinvoice-step4/node_modules/next/dist/build/webpack'
npm warn tar TAR_ENTRY_ERROR ENOENT: no such file or directory, open '/mnt/data/pickinvoice/pickinvoice-step4/node_modules/next/dist/build/webpack/loaders/lightningcss-loader/src/index.js'
npm warn tar TAR_ENTRY_ERROR ENOENT: no such file or directory, lstat '/mnt/data/pickinvoice/pickinvoice-step4/node_modules/next/dist/build/webpack'
npm warn tar TAR_ENTRY_ERROR ENOENT: no such file or directory, lstat '/mnt/data/pickinvoice/pickinvoice-step4/node_modules/next/dist/build/webpack'
npm warn tar TAR_ENTRY_ERROR ENOENT: no such file or directory, open '/mnt/data/pickinvoice/pickinvoice-step4/node_modules/next/dist/build/webpack/loaders/next-flight-loader/index.js'
npm warn tar TAR_ENTRY_ERROR ENOENT: no such file or directory, lstat '/mnt/data/pickinvoice/pickinvoice-step4/node_modules/next/dist/build/webpack'
npm warn tar TAR_ENTRY_ERROR ENOENT: no such file or directory, open '/mnt/data/pickinvoice/pickinvoice-step4/node_modules/next/dist/build/webpack/loaders/next-image-loader/index.js'
npm warn tar TAR_ENTRY_ERROR ENOENT: no such file or directory, lstat '/mnt/data/pickinvoice/pickinvoice-step4/node_modules/next/dist/build/webpack'
npm warn tar TAR_ENTRY_ERROR ENOENT: no such file or directory, lstat '/mnt/data/pickinvoice/pickinvoice-step4/node_modules/next/dist/build/webpack'
npm warn tar TAR_ENTRY_ERROR ENOENT: no such file or directory, lstat '/mnt/data/pickinvoice/pickinvoice-step4/node_modules/next/dist/build/webpack'
npm warn tar TAR_ENTRY_ERROR ENOENT: no such file or directory, lstat '/mnt/data/pickinvoice/pickinvoice-step4/node_modules/next/dist/build/webpack'
npm warn tar TAR_ENTRY_ERROR ENOENT: no such file or directory, lstat '/mnt/data/pickinvoice/pickinvoice-step4/node_modules/next/dist/build/webpack'
npm warn tar TAR_ENTRY_ERROR ENOENT: no such file or directory, lstat '/mnt/data/pickinvoice/pickinvoice-step4/node_modules/next/dist/build/webpack'
npm warn tar TAR_ENTRY_ERROR ENOENT: no such file or directory, lstat '/mnt/data/pickinvoice/pickinvoice-step4/node_modules/next/dist/build/webpack'
npm warn tar TAR_ENTRY_ERROR ENOENT: no such file or directory, open '/mnt/data/pickinvoice/pickinvoice-step4/node_modules/next/dist/client/components/react-dev-overlay/internal/components/CodeFrame/index.js'
npm warn tar TAR_ENTRY_ERROR ENOENT: no such file or directory, lstat '/mnt/data/pickinvoice/pickinvoice-step4/node_modules/next/dist/client/components/react-dev-overlay'
npm warn tar TAR_ENTRY_ERROR ENOENT: no such file or directory, lstat '/mnt/data/pickinvoice/pickinvoice-step4/node_modules/next/dist/client/components/react-dev-overlay'
npm warn tar TAR_ENTRY_ERROR ENOENT: no such file or directory, lstat '/mnt/data/pickinvoice/pickinvoice-step4/node_modules/next/dist/client/components/react-dev-overlay'
npm warn tar TAR_ENTRY_ERROR ENOENT: no such file or directory, open '/mnt/data/pickinvoice/pickinvoice-step4/node_modules/next/dist/client/components/react-dev-overlay/internal/components/Overlay/index.js'
npm warn tar TAR_ENTRY_ERROR ENOENT: no such file or directory, lstat '/mnt/data/pickinvoice/pickinvoice-step4/node_modules/next/dist/client/components/react-dev-overlay'
npm warn tar TAR_ENTRY_ERROR ENOENT: no such file or directory, lstat '/mnt/data/pickinvoice/pickinvoice-step4/node_modules/next/dist/client/components/react-dev-overlay'
npm warn tar TAR_ENTRY_ERROR ENOENT: no such file or directory, lstat '/mnt/data/pickinvoice/pickinvoice-step4/node_modules/next/dist/client/components/react-dev-overlay'
npm warn tar TAR_ENTRY_ERROR ENOENT: no such file or directory, open '/mnt/data/pickinvoice/pickinvoice-step4/node_modules/next/dist/client/components/react-dev-overlay/internal/container/RuntimeError/index.js'
npm warn tar TAR_ENTRY_ERROR ENOENT: no such file or directory, open '/mnt/data/pickinvoice/pickinvoice-step4/node_modules/next/dist/client/index.js'
npm warn tar TAR_ENTRY_ERROR ENOENT: no such file or directory, lstat '/mnt/data/pickinvoice/pickinvoice-step4/node_modules/next/dist/client/portal'
npm warn tar TAR_ENTRY_ERROR ENOENT: no such file or directory, lstat '/mnt/data/pickinvoice/pickinvoice-step4/node_modules/next/dist/compiled/@babel/runtime/regenerator'
npm warn tar TAR_ENTRY_ERROR ENOENT: no such file or directory, open '/mnt/data/pickinvoice/pickinvoice-step4/node_modules/next/dist/compiled/@edge-runtime/primitives/index.js'
npm warn tar TAR_ENTRY_ERROR ENOENT: no such file or directory, open '/mnt/data/pickinvoice/pickinvoice-step4/node_modules/next/dist/compiled/@mswjs/interceptors/ClientRequest/index.js'
npm warn tar TAR_ENTRY_ERROR ENOENT: no such file or directory, open '/mnt/data/pickinvoice/pickinvoice-step4/node_modules/next/dist/compiled/@napi-rs/triples/index.js'
npm warn tar TAR_ENTRY_ERROR ENOENT: no such file or directory, lstat '/mnt/data/pickinvoice/pickinvoice-step4/node_modules/next/dist/compiled/@next/font/dist/fontkit'
npm warn tar TAR_ENTRY_ERROR ENOENT: no such file or directory, lstat '/mnt/data/pickinvoice/pickinvoice-step4/node_modules/next/dist/compiled/@next/font/dist/google'
npm warn tar TAR_ENTRY_ERROR ENOENT: no such file or directory, lstat '/mnt/data/pickinvoice/pickinvoice-step4/node_modules/next/dist/compiled/@next/font/dist/local'
npm warn tar TAR_ENTRY_ERROR ENOENT: no such file or directory, open '/mnt/data/pickinvoice/pickinvoice-step4/node_modules/next/dist/compiled/@opentelemetry/api/index.js'
npm warn tar TAR_ENTRY_ERROR ENOENT: no such file or directory, open '/mnt/data/pickinvoice/pickinvoice-step4/node_modules/next/dist/compiled/@vercel/nft/index.js'
npm warn tar TAR_ENTRY_ERROR ENOENT: no such file or directory, open '/mnt/data/pickinvoice/pickinvoice-step4/node_modules/next/dist/compiled/anser/index.js'
npm warn tar TAR_ENTRY_ERROR ENOENT: no such file or directory, open '/mnt/data/pickinvoice/pickinvoice-step4/node_modules/next/dist/compiled/browserify-zlib/index.js'
npm warn tar TAR_ENTRY_ERROR ENOENT: no such file or directory, open '/mnt/data/pickinvoice/pickinvoice-step4/node_modules/next/dist/compiled/browserslist/index.js'
npm warn tar TAR_ENTRY_ERROR ENOENT: no such file or directory, open '/mnt/data/pickinvoice/pickinvoice-step4/node_modules/next/dist/compiled/buffer/index.js'
npm warn tar TAR_ENTRY_ERROR ENOENT: no such file or directory, open '/mnt/data/pickinvoice/pickinvoice-step4/node_modules/next/dist/compiled/bytes/index.js'
npm warn tar TAR_ENTRY_ERROR ENOENT: no such file or directory, open '/mnt/data/pickinvoice/pickinvoice-step4/node_modules/next/dist/compiled/ci-info/index.js'
npm warn tar TAR_ENTRY_ERROR ENOENT: no such file or directory, open '/mnt/data/pickinvoice/pickinvoice-step4/node_modules/next/dist/compiled/cli-select/index.js'
npm warn tar TAR_ENTRY_ERROR ENOENT: no such file or directory, open '/mnt/data/pickinvoice/pickinvoice-step4/node_modules/next/dist/compiled/commander/index.js'
npm warn tar TAR_ENTRY_ERROR ENOENT: no such file or directory, open '/mnt/data/pickinvoice/pickinvoice-step4/node_modules/next/dist/compiled/comment-json/index.js'
npm warn tar TAR_ENTRY_ERROR ENOENT: no such file or directory, open '/mnt/data/pickinvoice/pickinvoice-step4/node_modules/next/dist/compiled/compression/index.js'
npm warn tar TAR_ENTRY_ERROR ENOENT: no such file or directory, open '/mnt/data/pickinvoice/pickinvoice-step4/node_modules/next/dist/compiled/conf/index.js'
npm warn tar TAR_ENTRY_ERROR ENOENT: no such file or directory, open '/mnt/data/pickinvoice/pickinvoice-step4/node_modules/next/dist/compiled/content-disposition/index.js'
npm warn tar TAR_ENTRY_ERROR ENOENT: no such file or directory, open '/mnt/data/pickinvoice/pickinvoice-step4/node_modules/next/dist/compiled/content-type/index.js'
npm warn tar TAR_ENTRY_ERROR ENOENT: no such file or directory, open '/mnt/data/pickinvoice/pickinvoice-step4/node_modules/next/dist/compiled/cookie/index.js'
npm warn tar TAR_ENTRY_ERROR ENOENT: no such file or directory, open '/mnt/data/pickinvoice/pickinvoice-step4/node_modules/next/dist/compiled/cross-spawn/index.js'
npm warn tar TAR_ENTRY_ERROR ENOENT: no such file or directory, open '/mnt/data/pickinvoice/pickinvoice-step4/node_modules/next/dist/compiled/crypto-browserify/index.js'
npm warn tar TAR_ENTRY_ERROR ENOENT: no such file or directory, open '/mnt/data/pickinvoice/pickinvoice-step4/node_modules/next/dist/compiled/debug/index.js'
npm warn tar TAR_ENTRY_ERROR ENOENT: no such file or directory, open '/mnt/data/pickinvoice/pickinvoice-step4/node_modules/next/dist/compiled/find-cache-dir/index.js'
npm warn tar TAR_ENTRY_ERROR ENOENT: no such file or directory, open '/mnt/data/pickinvoice/pickinvoice-step4/node_modules/next/dist/compiled/find-up/index.js'
npm warn tar TAR_ENTRY_ERROR ENOENT: no such file or directory, open '/mnt/data/pickinvoice/pickinvoice-step4/node_modules/next/dist/compiled/fresh/index.js'
npm warn tar TAR_ENTRY_ERROR ENOENT: no such file or directory, open '/mnt/data/pickinvoice/pickinvoice-step4/node_modules/next/dist/compiled/get-orientation/index.js'
npm warn tar TAR_ENTRY_ERROR ENOENT: no such file or directory, open '/mnt/data/pickinvoice/pickinvoice-step4/node_modules/next/dist/compiled/gzip-size/index.js'
npm warn tar TAR_ENTRY_ERROR ENOENT: no such file or directory, open '/mnt/data/pickinvoice/pickinvoice-step4/node_modules/next/dist/compiled/http-proxy/index.js'
npm warn tar TAR_ENTRY_ERROR ENOENT: no such file or directory, open '/mnt/data/pickinvoice/pickinvoice-step4/node_modules/next/dist/compiled/https-browserify/index.js'
npm warn tar TAR_ENTRY_ERROR ENOENT: no such file or directory, open '/mnt/data/pickinvoice/pickinvoice-step4/node_modules/next/dist/compiled/ignore-loader/index.js'
npm warn tar TAR_ENTRY_ERROR ENOENT: no such file or directory, open '/mnt/data/pickinvoice/pickinvoice-step4/node_modules/next/dist/compiled/image-size/index.js'
npm warn tar TAR_ENTRY_ERROR ENOENT: no such file or directory, open '/mnt/data/pickinvoice/pickinvoice-step4/node_modules/next/dist/compiled/is-docker/index.js'
npm warn tar TAR_ENTRY_ERROR ENOENT: no such file or directory, open '/mnt/data/pickinvoice/pickinvoice-step4/node_modules/next/dist/compiled/is-wsl/index.js'
npm warn tar TAR_ENTRY_ERROR ENOENT: no such file or directory, open '/mnt/data/pickinvoice/pickinvoice-step4/node_modules/next/dist/compiled/jest-worker/index.js'
npm warn tar TAR_ENTRY_ERROR ENOENT: no such file or directory, open '/mnt/data/pickinvoice/pickinvoice-step4/node_modules/next/dist/compiled/jsonwebtoken/index.js'
npm warn tar TAR_ENTRY_ERROR ENOENT: no such file or directory, open '/mnt/data/pickinvoice/pickinvoice-step4/node_modules/next/dist/compiled/loader-utils2/index.js'
npm warn tar TAR_ENTRY_ERROR ENOENT: no such file or directory, open '/mnt/data/pickinvoice/pickinvoice-step4/node_modules/next/dist/compiled/loader-utils3/index.js'
npm warn tar TAR_ENTRY_ERROR ENOENT: no such file or directory, open '/mnt/data/pickinvoice/pickinvoice-step4/node_modules/next/dist/compiled/lodash.curry/index.js'
npm warn tar TAR_ENTRY_ERROR ENOENT: no such file or directory, open '/mnt/data/pickinvoice/pickinvoice-step4/node_modules/next/dist/compiled/lru-cache/index.js'
npm warn tar TAR_ENTRY_ERROR ENOENT: no such file or directory, open '/mnt/data/pickinvoice/pickinvoice-step4/node_modules/next/dist/compiled/mini-css-extract-plugin/index.js'
npm warn tar TAR_ENTRY_ERROR ENOENT: no such file or directory, open '/mnt/data/pickinvoice/pickinvoice-step4/node_modules/next/dist/compiled/native-url/index.js'
npm warn tar TAR_ENTRY_ERROR ENOENT: no such file or directory, open '/mnt/data/pickinvoice/pickinvoice-step4/node_modules/next/dist/compiled/node-html-parser/index.js'
npm warn tar TAR_ENTRY_ERROR ENOENT: no such file or directory, open '/mnt/data/pickinvoice/pickinvoice-step4/node_modules/next/dist/compiled/ora/index.js'
npm warn tar TAR_ENTRY_ERROR ENOENT: no such file or directory, open '/mnt/data/pickinvoice/pickinvoice-step4/node_modules/next/dist/compiled/p-limit/index.js'
npm warn tar TAR_ENTRY_ERROR ENOENT: no such file or directory, open '/mnt/data/pickinvoice/pickinvoice-step4/node_modules/next/dist/compiled/path-browserify/index.js'
npm warn tar TAR_ENTRY_ERROR ENOENT: no such file or directory, open '/mnt/data/pickinvoice/pickinvoice-step4/node_modules/next/dist/compiled/picomatch/index.js'
npm warn tar TAR_ENTRY_ERROR ENOENT: no such file or directory, open '/mnt/data/pickinvoice/pickinvoice-step4/node_modules/next/dist/compiled/postcss-flexbugs-fixes/index.js'
npm warn tar TAR_ENTRY_ERROR ENOENT: no such file or directory, open '/mnt/data/pickinvoice/pickinvoice-step4/node_modules/next/dist/compiled/postcss-modules-extract-imports/index.js'
npm warn tar TAR_ENTRY_ERROR ENOENT: no such file or directory, open '/mnt/data/pickinvoice/pickinvoice-step4/node_modules/next/dist/compiled/postcss-modules-local-by-default/index.js'
npm warn tar TAR_ENTRY_ERROR ENOENT: no such file or directory, open '/mnt/data/pickinvoice/pickinvoice-step4/node_modules/next/dist/compiled/postcss-modules-scope/index.js'
npm warn tar TAR_ENTRY_ERROR ENOENT: no such file or directory, open '/mnt/data/pickinvoice/pickinvoice-step4/node_modules/next/dist/compiled/postcss-modules-values/index.js'
npm warn tar TAR_ENTRY_ERROR ENOENT: no such file or directory, open '/mnt/data/pickinvoice/pickinvoice-step4/node_modules/next/dist/compiled/postcss-value-parser/index.js'
npm warn tar TAR_ENTRY_ERROR ENOENT: no such file or directory, open '/mnt/data/pickinvoice/pickinvoice-step4/node_modules/next/dist/compiled/raw-body/index.js'
npm warn tar TAR_ENTRY_ERROR ENOENT: no such file or directory, open '/mnt/data/pickinvoice/pickinvoice-step4/node_modules/next/dist/compiled/react-dom-experimental/index.js'
npm warn tar TAR_ENTRY_ERROR ENOENT: no such file or directory, open '/mnt/data/pickinvoice/pickinvoice-step4/node_modules/next/dist/compiled/react-dom/index.js'
npm warn tar TAR_ENTRY_ERROR ENOENT: no such file or directory, open '/mnt/data/pickinvoice/pickinvoice-step4/node_modules/next/dist/compiled/react-experimental/index.js'
npm warn tar TAR_ENTRY_ERROR ENOENT: no such file or directory, open '/mnt/data/pickinvoice/pickinvoice-step4/node_modules/next/dist/compiled/react-is/index.js'
npm warn tar TAR_ENTRY_ERROR ENOENT: no such file or directory, open '/mnt/data/pickinvoice/pickinvoice-step4/node_modules/next/dist/compiled/react-server-dom-turbopack-experimental/index.js'
npm warn tar TAR_ENTRY_ERROR ENOENT: no such file or directory, open '/mnt/data/pickinvoice/pickinvoice-step4/node_modules/next/dist/compiled/react-server-dom-turbopack/index.js'
npm warn tar TAR_ENTRY_ERROR ENOENT: no such file or directory, open '/mnt/data/pickinvoice/pickinvoice-step4/node_modules/next/dist/compiled/react-server-dom-webpack-experimental/index.js'
npm warn tar TAR_ENTRY_ERROR ENOENT: no such file or directory, open '/mnt/data/pickinvoice/pickinvoice-step4/node_modules/next/dist/compiled/react-server-dom-webpack/index.js'
npm warn tar TAR_ENTRY_ERROR ENOENT: no such file or directory, open '/mnt/data/pickinvoice/pickinvoice-step4/node_modules/next/dist/compiled/react/index.js'
npm warn tar TAR_ENTRY_ERROR ENOENT: no such file or directory, open '/mnt/data/pickinvoice/pickinvoice-step4/node_modules/next/dist/compiled/scheduler-experimental/index.js'
npm warn tar TAR_ENTRY_ERROR ENOENT: no such file or directory, open '/mnt/data/pickinvoice/pickinvoice-step4/node_modules/next/dist/compiled/scheduler/index.js'
npm warn tar TAR_ENTRY_ERROR ENOENT: no such file or directory, open '/mnt/data/pickinvoice/pickinvoice-step4/node_modules/next/dist/compiled/schema-utils2/index.js'
npm warn tar TAR_ENTRY_ERROR ENOENT: no such file or directory, open '/mnt/data/pickinvoice/pickinvoice-step4/node_modules/next/dist/compiled/schema-utils3/index.js'
npm warn tar TAR_ENTRY_ERROR ENOENT: no such file or directory, open '/mnt/data/pickinvoice/pickinvoice-step4/node_modules/next/dist/compiled/semver/index.js'
npm warn tar TAR_ENTRY_ERROR ENOENT: no such file or directory, open '/mnt/data/pickinvoice/pickinvoice-step4/node_modules/next/dist/compiled/send/index.js'
npm warn tar TAR_ENTRY_ERROR ENOENT: no such file or directory, open '/mnt/data/pickinvoice/pickinvoice-step4/node_modules/next/dist/compiled/shell-quote/index.js'
npm warn tar TAR_ENTRY_ERROR ENOENT: no such file or directory, open '/mnt/data/pickinvoice/pickinvoice-step4/node_modules/next/dist/compiled/stream-browserify/index.js'
npm warn tar TAR_ENTRY_ERROR ENOENT: no such file or directory, open '/mnt/data/pickinvoice/pickinvoice-step4/node_modules/next/dist/compiled/stream-http/index.js'
npm warn tar TAR_ENTRY_ERROR ENOENT: no such file or directory, open '/mnt/data/pickinvoice/pickinvoice-step4/node_modules/next/dist/compiled/strip-ansi/index.js'
npm warn tar TAR_ENTRY_ERROR ENOENT: no such file or directory, open '/mnt/data/pickinvoice/pickinvoice-step4/node_modules/next/dist/compiled/tar/index.js'
npm warn tar TAR_ENTRY_ERROR ENOENT: no such file or directory, open '/mnt/data/pickinvoice/pickinvoice-step4/node_modules/next/dist/compiled/text-table/index.js'
npm warn tar TAR_ENTRY_ERROR ENOENT: no such file or directory, open '/mnt/data/pickinvoice/pickinvoice-step4/node_modules/next/dist/compiled/tty-browserify/index.js'
npm warn tar TAR_ENTRY_ERROR ENOENT: no such file or directory, open '/mnt/data/pickinvoice/pickinvoice-step4/node_modules/next/dist/compiled/vm-browserify/index.js'
npm warn tar TAR_ENTRY_ERROR ENOENT: no such file or directory, open '/mnt/data/pickinvoice/pickinvoice-step4/node_modules/next/dist/compiled/webpack-sources1/index.js'
npm warn tar TAR_ENTRY_ERROR ENOENT: no such file or directory, open '/mnt/data/pickinvoice/pickinvoice-step4/node_modules/next/dist/compiled/webpack-sources3/index.js'
npm warn tar TAR_ENTRY_ERROR ENOENT: no such file or directory, open '/mnt/data/pickinvoice/pickinvoice-step4/node_modules/next/dist/compiled/ws/index.js'
npm warn tar TAR_ENTRY_ERROR ENOENT: no such file or directory, open '/mnt/data/pickinvoice/pickinvoice-step4/node_modules/next/dist/compiled/zod/index.js'
npm warn tar TAR_ENTRY_ERROR ENOENT: no such file or directory, lstat '/mnt/data/pickinvoice/pickinvoice-step4/node_modules/next/dist/esm/build/babel'
npm warn tar TAR_ENTRY_ERROR ENOENT: no such file or directory, open '/mnt/data/pickinvoice/pickinvoice-step4/node_modules/next/dist/esm/build/index.js'
npm warn tar TAR_ENTRY_ERROR ENOENT: no such file or directory, lstat '/mnt/data/pickinvoice/pickinvoice-step4/node_modules/next/dist/esm/build/output'
npm warn tar TAR_ENTRY_ERROR ENOENT: no such file or directory, lstat '/mnt/data/pickinvoice/pickinvoice-step4/node_modules/next/dist/esm/build/polyfills'
npm warn tar TAR_ENTRY_ERROR ENOENT: no such file or directory, open '/mnt/data/pickinvoice/pickinvoice-step4/node_modules/next/dist/esm/build/polyfills/object.assign/index.js'
npm warn tar TAR_ENTRY_ERROR ENOENT: no such file or directory, lstat '/mnt/data/pickinvoice/pickinvoice-step4/node_modules/next/dist/esm/build/swc'
npm warn tar TAR_ENTRY_ERROR ENOENT: no such file or directory, lstat '/mnt/data/pickinvoice/pickinvoice-step4/node_modules/next/dist/esm/build/turborepo-access-trace'
npm warn tar TAR_ENTRY_ERROR ENOENT: no such file or directory, lstat '/mnt/data/pickinvoice/pickinvoice-step4/node_modules/next/dist/esm/build/webpack-build'
npm warn tar TAR_ENTRY_ERROR ENOENT: no such file or directory, lstat '/mnt/data/pickinvoice/pickinvoice-step4/node_modules/next/dist/esm/build/webpack'
npm warn tar TAR_ENTRY_ERROR ENOENT: no such file or directory, open '/mnt/data/pickinvoice/pickinvoice-step4/node_modules/next/dist/esm/build/webpack/config/blocks/css/loaders/index.js'
npm warn tar TAR_ENTRY_ERROR ENOENT: no such file or directory, lstat '/mnt/data/pickinvoice/pickinvoice-step4/node_modules/next/dist/esm/build/webpack'
npm warn tar TAR_ENTRY_ERROR ENOENT: no such file or directory, lstat '/mnt/data/pickinvoice/pickinvoice-step4/node_modules/next/dist/esm/build/webpack'
npm warn tar TAR_ENTRY_ERROR ENOENT: no such file or directory, open '/mnt/data/pickinvoice/pickinvoice-step4/node_modules/next/dist/esm/build/webpack/loaders/css-loader/src/index.js'
npm warn tar TAR_ENTRY_ERROR ENOENT: no such file or directory, lstat '/mnt/data/pickinvoice/pickinvoice-step4/node_modules/next/dist/esm/build/webpack'
npm warn tar TAR_ENTRY_ERROR ENOENT: no such file or directory, open '/mnt/data/pickinvoice/pickinvoice-step4/node_modules/next/dist/esm/build/webpack/loaders/lightningcss-loader/src/index.js'
npm warn tar ENOENT: Cannot cd into '/mnt/data/pickinvoice/pickinvoice-step4/node_modules/typescript'
npm warn tarball tarball data for typescript@5.9.3 (sha512-jl1vZzPDinLr9eUt3J/t7V6FgNEw9QjvBPdysz9KfQDD41fQrC2Y4vKQdiaUpFT4bXlb1RHhLpp8wtm6M5TgSw==) seems to be corrupted. Trying again.
npm warn tar TAR_ENTRY_ERROR ENOENT: no such file or directory, lstat '/mnt/data/pickinvoice/pickinvoice-step4/node_modules/next/dist/esm/build/webpack'
npm warn tar TAR_ENTRY_ERROR ENOENT: no such file or directory, lstat '/mnt/data/pickinvoice/pickinvoice-step4/node_modules/next/dist/esm/build/webpack'
npm warn tar TAR_ENTRY_ERROR ENOENT: no such file or directory, open '/mnt/data/pickinvoice/pickinvoice-step4/node_modules/next/dist/esm/build/webpack/loaders/next-flight-loader/index.js'
npm warn tar TAR_ENTRY_ERROR ENOENT: no such file or directory, lstat '/mnt/data/pickinvoice/pickinvoice-step4/node_modules/next/dist/esm/build/webpack'
npm warn tar TAR_ENTRY_ERROR ENOENT: no such file or directory, open '/mnt/data/pickinvoice/pickinvoice-step4/node_modules/next/dist/esm/build/webpack/loaders/next-image-loader/index.js'
npm warn tar TAR_ENTRY_ERROR ENOENT: no such file or directory, lstat '/mnt/data/pickinvoice/pickinvoice-step4/node_modules/next/dist/esm/build/webpack'
npm warn tar TAR_ENTRY_ERROR ENOENT: no such file or directory, lstat '/mnt/data/pickinvoice/pickinvoice-step4/node_modules/next/dist/esm/build/webpack'
npm warn tar ENOENT: Cannot cd into '/mnt/data/pickinvoice/pickinvoice-step4/node_modules/typescript'
npm warn tarball tarball data for typescript@5.9.3 (sha512-jl1vZzPDinLr9eUt3J/t7V6FgNEw9QjvBPdysz9KfQDD41fQrC2Y4vKQdiaUpFT4bXlb1RHhLpp8wtm6M5TgSw==) seems to be corrupted. Trying again.
npm warn tar TAR_ENTRY_ERROR ENOENT: no such file or directory, lstat '/mnt/data/pickinvoice/pickinvoice-step4/node_modules/next/dist/esm/build/webpack'
npm warn tar TAR_ENTRY_ERROR ENOENT: no such file or directory, lstat '/mnt/data/pickinvoice/pickinvoice-step4/node_modules/next/dist/esm/build/webpack'
npm warn tar TAR_ENTRY_ERROR ENOENT: no such file or directory, lstat '/mnt/data/pickinvoice/pickinvoice-step4/node_modules/next/dist/esm/build/webpack'
npm warn tar TAR_ENTRY_ERROR ENOENT: no such file or directory, lstat '/mnt/data/pickinvoice/pickinvoice-step4/node_modules/next/dist/esm/build/webpack'
npm warn tar TAR_ENTRY_ERROR ENOENT: no such file or directory, lstat '/mnt/data/pickinvoice/pickinvoice-step4/node_modules/next/dist/esm/build/webpack'
npm warn tar TAR_ENTRY_ERROR ENOENT: no such file or directory, open '/mnt/data/pickinvoice/pickinvoice-step4/node_modules/next/dist/esm/client/components/react-dev-overlay/internal/components/CodeFrame/index.js'
npm warn tar TAR_ENTRY_ERROR ENOENT: no such file or directory, lstat '/mnt/data/pickinvoice/pickinvoice-step4/node_modules/next/dist/esm/client/components/react-dev-overlay'
npm warn tar TAR_ENTRY_ERROR ENOENT: no such file or directory, lstat '/mnt/data/pickinvoice/pickinvoice-step4/node_modules/next/dist/esm/client/components/react-dev-overlay'
npm warn tar TAR_ENTRY_ERROR ENOENT: no such file or directory, lstat '/mnt/data/pickinvoice/pickinvoice-step4/node_modules/next/dist/esm/client/components/react-dev-overlay'
npm warn tar TAR_ENTRY_ERROR ENOENT: no such file or directory, open '/mnt/data/pickinvoice/pickinvoice-step4/node_modules/next/dist/esm/client/components/react-dev-overlay/internal/components/Overlay/index.js'
npm warn tar TAR_ENTRY_ERROR ENOENT: no such file or directory, lstat '/mnt/data/pickinvoice/pickinvoice-step4/node_modules/next/dist/esm/client/components/react-dev-overlay'
npm warn tar TAR_ENTRY_ERROR ENOENT: no such file or directory, lstat '/mnt/data/pickinvoice/pickinvoice-step4/node_modules/next/dist/esm/client/components/react-dev-overlay'
npm warn tar TAR_ENTRY_ERROR ENOENT: no such file or directory, lstat '/mnt/data/pickinvoice/pickinvoice-step4/node_modules/next/dist/esm/client/components/react-dev-overlay'
npm warn tar TAR_ENTRY_ERROR ENOENT: no such file or directory, open '/mnt/data/pickinvoice/pickinvoice-step4/node_modules/next/dist/esm/client/components/react-dev-overlay/internal/container/RuntimeError/index.js'
npm warn tar TAR_ENTRY_ERROR ENOENT: no such file or directory, open '/mnt/data/pickinvoice/pickinvoice-step4/node_modules/next/dist/esm/client/index.js'
npm warn tar TAR_ENTRY_ERROR ENOENT: no such file or directory, lstat '/mnt/data/pickinvoice/pickinvoice-step4/node_modules/next/dist/esm/client/portal'
npm warn tar TAR_ENTRY_ERROR ENOENT: no such file or directory, lstat '/mnt/data/pickinvoice/pickinvoice-step4/node_modules/next/dist/esm/server/api-utils'
npm warn tar TAR_ENTRY_ERROR ENOENT: no such file or directory, lstat '/mnt/data/pickinvoice/pickinvoice-step4/node_modules/next/dist/esm/server/base-http'
npm warn tar TAR_ENTRY_ERROR ENOENT: no such file or directory, open '/mnt/data/pickinvoice/pickinvoice-step4/node_modules/next/dist/esm/server/future/normalizers/built/app/index.js'
npm warn tar TAR_ENTRY_ERROR ENOENT: no such file or directory, lstat '/mnt/data/pickinvoice/pickinvoice-step4/node_modules/next/dist/esm/server/future'
npm warn tar TAR_ENTRY_ERROR ENOENT: no such file or directory, lstat '/mnt/data/pickinvoice/pickinvoice-step4/node_modules/next/dist/esm/server/lib/incremental-cache'
npm warn tar TAR_ENTRY_ERROR ENOENT: no such file or directory, lstat '/mnt/data/pickinvoice/pickinvoice-step4/node_modules/next/dist/esm/server/lib/server-ipc'
npm warn tar TAR_ENTRY_ERROR ENOENT: no such file or directory, lstat '/mnt/data/pickinvoice/pickinvoice-step4/node_modules/next/dist/esm/server/response-cache'
npm warn tar TAR_ENTRY_ERROR ENOENT: no such file or directory, open '/mnt/data/pickinvoice/pickinvoice-step4/node_modules/next/dist/esm/server/typescript/index.js'
npm warn tar TAR_ENTRY_ERROR ENOENT: no such file or directory, lstat '/mnt/data/pickinvoice/pickinvoice-step4/node_modules/next/dist/esm/server/web/exports'
npm warn tar TAR_ENTRY_ERROR ENOENT: no such file or directory, open '/mnt/data/pickinvoice/pickinvoice-step4/node_modules/next/dist/esm/server/web/sandbox/index.js'
npm warn tar TAR_ENTRY_ERROR ENOENT: no such file or directory, open '/mnt/data/pickinvoice/pickinvoice-step4/node_modules/next/dist/esm/shared/lib/router/utils/index.js'
npm warn tar TAR_ENTRY_ERROR ENOENT: no such file or directory, lstat '/mnt/data/pickinvoice/pickinvoice-step4/node_modules/next/dist/experimental/testmode/playwright'
npm warn tar TAR_ENTRY_ERROR ENOENT: no such file or directory, lstat '/mnt/data/pickinvoice/pickinvoice-step4/node_modules/next/dist/experimental/testmode/proxy'
npm warn tar TAR_ENTRY_ERROR ENOENT: no such file or directory, lstat '/mnt/data/pickinvoice/pickinvoice-step4/node_modules/next/dist/server/api-utils'
npm warn tar TAR_ENTRY_ERROR ENOENT: no such file or directory, lstat '/mnt/data/pickinvoice/pickinvoice-step4/node_modules/next/dist/server/base-http'
npm warn tar TAR_ENTRY_ERROR ENOENT: no such file or directory, open '/mnt/data/pickinvoice/pickinvoice-step4/node_modules/next/dist/server/future/normalizers/built/app/index.js'
npm warn tar TAR_ENTRY_ERROR ENOENT: no such file or directory, lstat '/mnt/data/pickinvoice/pickinvoice-step4/node_modules/next/dist/server/future'
npm warn tar TAR_ENTRY_ERROR ENOENT: no such file or directory, lstat '/mnt/data/pickinvoice/pickinvoice-step4/node_modules/next/dist/server/lib/incremental-cache'
npm warn tar TAR_ENTRY_ERROR ENOENT: no such file or directory, lstat '/mnt/data/pickinvoice/pickinvoice-step4/node_modules/next/dist/server/lib/server-ipc'
npm warn tar TAR_ENTRY_ERROR ENOENT: no such file or directory, lstat '/mnt/data/pickinvoice/pickinvoice-step4/node_modules/next/dist/server/response-cache'
npm warn tar TAR_ENTRY_ERROR ENOENT: no such file or directory, open '/mnt/data/pickinvoice/pickinvoice-step4/node_modules/next/dist/server/typescript/index.js'
npm warn tar TAR_ENTRY_ERROR ENOENT: no such file or directory, lstat '/mnt/data/pickinvoice/pickinvoice-step4/node_modules/next/dist/server/web/exports'
npm warn tar TAR_ENTRY_ERROR ENOENT: no such file or directory, open '/mnt/data/pickinvoice/pickinvoice-step4/node_modules/next/dist/server/web/sandbox/index.js'
npm warn tar TAR_ENTRY_ERROR ENOENT: no such file or directory, open '/mnt/data/pickinvoice/pickinvoice-step4/node_modules/next/dist/shared/lib/router/utils/index.js'
npm warn tar TAR_ENTRY_ERROR ENOENT: no such file or directory, open '/mnt/data/pickinvoice/pickinvoice-step4/node_modules/next/dist/telemetry/events/index.js'
npm warn tar TAR_ENTRY_ERROR ENOENT: no such file or directory, open '/mnt/data/pickinvoice/pickinvoice-step4/node_modules/next/font/google/index.js'
npm warn tar TAR_ENTRY_ERROR ENOENT: no such file or directory, open '/mnt/data/pickinvoice/pickinvoice-step4/node_modules/next/font/local/index.js'
npm warn tar TAR_ENTRY_ERROR ENOENT: no such file or directory, open '/mnt/data/pickinvoice/pickinvoice-step4/node_modules/next/dist/compiled/scheduler-experimental/index.native.js'
npm warn tar TAR_ENTRY_ERROR ENOENT: no such file or directory, open '/mnt/data/pickinvoice/pickinvoice-step4/node_modules/next/dist/compiled/scheduler/index.native.js'
npm warn tar TAR_ENTRY_ERROR ENOENT: no such file or directory, open '/mnt/data/pickinvoice/pickinvoice-step4/node_modules/next/dist/compiled/@vercel/og/index.node.js'
npm warn tar TAR_ENTRY_ERROR ENOENT: no such file or directory, open '/mnt/data/pickinvoice/pickinvoice-step4/node_modules/next/dist/compiled/@babel/runtime/helpers/esm/inherits.js'
npm warn tar TAR_ENTRY_ERROR ENOENT: no such file or directory, open '/mnt/data/pickinvoice/pickinvoice-step4/node_modules/next/dist/compiled/@babel/runtime/helpers/inherits.js'
npm warn tar TAR_ENTRY_ERROR ENOENT: no such file or directory, open '/mnt/data/pickinvoice/pickinvoice-step4/node_modules/next/dist/compiled/@babel/runtime/helpers/esm/inheritsLoose.js'
npm warn tar TAR_ENTRY_ERROR ENOENT: no such file or directory, open '/mnt/data/pickinvoice/pickinvoice-step4/node_modules/next/dist/compiled/@babel/runtime/helpers/inheritsLoose.js'
npm warn tar TAR_ENTRY_ERROR ENOENT: no such file or directory, open '/mnt/data/pickinvoice/pickinvoice-step4/node_modules/next/dist/compiled/@babel/runtime/helpers/esm/initializerDefineProperty.js'
npm warn tar TAR_ENTRY_ERROR ENOENT: no such file or directory, open '/mnt/data/pickinvoice/pickinvoice-step4/node_modules/next/dist/compiled/@babel/runtime/helpers/initializerDefineProperty.js'
npm warn tar TAR_ENTRY_ERROR ENOENT: no such file or directory, open '/mnt/data/pickinvoice/pickinvoice-step4/node_modules/next/dist/compiled/@babel/runtime/helpers/esm/initializerWarningHelper.js'
npm warn tar TAR_ENTRY_ERROR ENOENT: no such file or directory, open '/mnt/data/pickinvoice/pickinvoice-step4/node_modules/next/dist/compiled/@babel/runtime/helpers/initializerWarningHelper.js'
npm warn tar TAR_ENTRY_ERROR ENOENT: no such file or directory, lstat '/mnt/data/pickinvoice/pickinvoice-step4/node_modules/next/dist/build/webpack'
npm warn tar TAR_ENTRY_ERROR ENOENT: no such file or directory, lstat '/mnt/data/pickinvoice/pickinvoice-step4/node_modules/next/dist/esm/build/webpack'
npm warn tar TAR_ENTRY_ERROR ENOENT: no such file or directory, lstat '/mnt/data/pickinvoice/pickinvoice-step4/node_modules/next/dist/build/webpack'
npm warn tar TAR_ENTRY_ERROR ENOENT: no such file or directory, lstat '/mnt/data/pickinvoice/pickinvoice-step4/node_modules/next/dist/esm/build/webpack'
npm warn tar TAR_ENTRY_ERROR ENOENT: no such file or directory, open '/mnt/data/pickinvoice/pickinvoice-step4/node_modules/next/dist/esm/lib/install-dependencies.js'
npm warn tar TAR_ENTRY_ERROR ENOENT: no such file or directory, open '/mnt/data/pickinvoice/pickinvoice-step4/node_modules/next/dist/lib/install-dependencies.js'
npm warn tar TAR_ENTRY_ERROR ENOENT: no such file or directory, lstat '/mnt/data/pickinvoice/pickinvoice-step4/node_modules/next/dist/esm/lib/helpers'
npm warn tar TAR_ENTRY_ERROR ENOENT: no such file or directory, lstat '/mnt/data/pickinvoice/pickinvoice-step4/node_modules/next/dist/lib/helpers'
npm warn tar TAR_ENTRY_ERROR ENOENT: no such file or directory, open '/mnt/data/pickinvoice/pickinvoice-step4/node_modules/next/dist/compiled/@babel/runtime/helpers/esm/instanceof.js'
npm warn tar TAR_ENTRY_ERROR ENOENT: no such file or directory, open '/mnt/data/pickinvoice/pickinvoice-step4/node_modules/next/dist/compiled/@babel/runtime/helpers/instanceof.js'
npm warn tar TAR_ENTRY_ERROR ENOENT: no such file or directory, lstat '/mnt/data/pickinvoice/pickinvoice-step4/node_modules/next/dist/esm/server/future'
npm warn tar TAR_ENTRY_ERROR ENOENT: no such file or directory, lstat '/mnt/data/pickinvoice/pickinvoice-step4/node_modules/next/dist/server/future'
npm warn tar TAR_ENTRY_ERROR ENOENT: no such file or directory, open '/mnt/data/pickinvoice/pickinvoice-step4/node_modules/next/dist/build/webpack/loaders/lightningcss-loader/src/interface.js'
npm warn tar TAR_ENTRY_ERROR ENOENT: no such file or directory, open '/mnt/data/pickinvoice/pickinvoice-step4/node_modules/next/dist/esm/build/webpack/loaders/lightningcss-loader/src/interface.js'
npm warn tar TAR_ENTRY_ERROR ENOENT: no such file or directory, open '/mnt/data/pickinvoice/pickinvoice-step4/node_modules/next/dist/esm/server/web/internal-edge-wait-until.js'
npm warn tar TAR_ENTRY_ERROR ENOENT: no such file or directory, open '/mnt/data/pickinvoice/pickinvoice-step4/node_modules/next/dist/server/web/internal-edge-wait-until.js'
npm warn tar TAR_ENTRY_ERROR ENOENT: no such file or directory, open '/mnt/data/pickinvoice/pickinvoice-step4/node_modules/next/dist/esm/server/internal-utils.js'
npm warn tar TAR_ENTRY_ERROR ENOENT: no such file or directory, open '/mnt/data/pickinvoice/pickinvoice-step4/node_modules/next/dist/server/internal-utils.js'
npm warn tar TAR_ENTRY_ERROR ENOENT: no such file or directory, open '/mnt/data/pickinvoice/pickinvoice-step4/node_modules/next/dist/esm/lib/interop-default.js'
npm warn tar TAR_ENTRY_ERROR ENOENT: no such file or directory, open '/mnt/data/pickinvoice/pickinvoice-step4/node_modules/next/dist/esm/server/app-render/interop-default.js'
npm warn tar TAR_ENTRY_ERROR ENOENT: no such file or directory, open '/mnt/data/pickinvoice/pickinvoice-step4/node_modules/next/dist/lib/interop-default.js'
npm warn tar TAR_ENTRY_ERROR ENOENT: no such file or directory, open '/mnt/data/pickinvoice/pickinvoice-step4/node_modules/next/dist/server/app-render/interop-default.js'
npm warn tar TAR_ENTRY_ERROR ENOENT: no such file or directory, open '/mnt/data/pickinvoice/pickinvoice-step4/node_modules/next/dist/compiled/@babel/runtime/helpers/esm/interopRequireDefault.js'
npm warn tar TAR_ENTRY_ERROR ENOENT: no such file or directory, open '/mnt/data/pickinvoice/pickinvoice-step4/node_modules/next/dist/compiled/@babel/runtime/helpers/interopRequireDefault.js'
npm warn tar TAR_ENTRY_ERROR ENOENT: no such file or directory, open '/mnt/data/pickinvoice/pickinvoice-step4/node_modules/next/dist/compiled/@babel/runtime/helpers/esm/interopRequireWildcard.js'
npm warn tar TAR_ENTRY_ERROR ENOENT: no such file or directory, open '/mnt/data/pickinvoice/pickinvoice-step4/node_modules/next/dist/compiled/@babel/runtime/helpers/interopRequireWildcard.js'
npm warn tar TAR_ENTRY_ERROR ENOENT: no such file or directory, open '/mnt/data/pickinvoice/pickinvoice-step4/node_modules/next/dist/esm/shared/lib/router/utils/interpolate-as.js'
npm warn tar TAR_ENTRY_ERROR ENOENT: no such file or directory, open '/mnt/data/pickinvoice/pickinvoice-step4/node_modules/next/dist/shared/lib/router/utils/interpolate-as.js'
npm warn tar TAR_ENTRY_ERROR ENOENT: no such file or directory, open '/mnt/data/pickinvoice/pickinvoice-step4/node_modules/next/dist/client/components/router-reducer/invalidate-cache-below-flight-segmentpath.js'
npm warn tar TAR_ENTRY_ERROR ENOENT: no such file or directory, open '/mnt/data/pickinvoice/pickinvoice-step4/node_modules/next/dist/esm/client/components/router-reducer/invalidate-cache-below-flight-segmentpath.js'
npm warn tar TAR_ENTRY_ERROR ENOENT: no such file or directory, open '/mnt/data/pickinvoice/pickinvoice-step4/node_modules/next/dist/client/components/router-reducer/invalidate-cache-by-router-state.js'
npm warn tar TAR_ENTRY_ERROR ENOENT: no such file or directory, open '/mnt/data/pickinvoice/pickinvoice-step4/node_modules/next/dist/esm/client/components/router-reducer/invalidate-cache-by-router-state.js'
npm warn tar TAR_ENTRY_ERROR ENOENT: no such file or directory, lstat '/mnt/data/pickinvoice/pickinvoice-step4/node_modules/next/dist/esm/server/lib/server-ipc'
npm warn tar TAR_ENTRY_ERROR ENOENT: no such file or directory, lstat '/mnt/data/pickinvoice/pickinvoice-step4/node_modules/next/dist/server/lib/server-ipc'
npm warn tar TAR_ENTRY_ERROR ENOENT: no such file or directory, open '/mnt/data/pickinvoice/pickinvoice-step4/node_modules/next/dist/esm/lib/is-api-route.js'
npm warn tar TAR_ENTRY_ERROR ENOENT: no such file or directory, open '/mnt/data/pickinvoice/pickinvoice-step4/node_modules/next/dist/lib/is-api-route.js'
npm warn tar TAR_ENTRY_ERROR ENOENT: no such file or directory, open '/mnt/data/pickinvoice/pickinvoice-step4/node_modules/next/dist/esm/lib/is-app-page-route.js'
npm warn tar TAR_ENTRY_ERROR ENOENT: no such file or directory, open '/mnt/data/pickinvoice/pickinvoice-step4/node_modules/next/dist/lib/is-app-page-route.js'
npm warn tar TAR_ENTRY_ERROR ENOENT: no such file or directory, open '/mnt/data/pickinvoice/pickinvoice-step4/node_modules/next/dist/esm/lib/is-app-route-route.js'
npm warn tar TAR_ENTRY_ERROR ENOENT: no such file or directory, open '/mnt/data/pickinvoice/pickinvoice-step4/node_modules/next/dist/lib/is-app-route-route.js'
npm warn tar TAR_ENTRY_ERROR ENOENT: no such file or directory, open '/mnt/data/pickinvoice/pickinvoice-step4/node_modules/next/dist/esm/shared/lib/router/utils/is-bot.js'
npm warn tar TAR_ENTRY_ERROR ENOENT: no such file or directory, open '/mnt/data/pickinvoice/pickinvoice-step4/node_modules/next/dist/shared/lib/router/utils/is-bot.js'
npm warn tar TAR_ENTRY_ERROR ENOENT: no such file or directory, open '/mnt/data/pickinvoice/pickinvoice-step4/node_modules/next/dist/esm/export/helpers/is-dynamic-usage-error.js'
npm warn tar TAR_ENTRY_ERROR ENOENT: no such file or directory, open '/mnt/data/pickinvoice/pickinvoice-step4/node_modules/next/dist/export/helpers/is-dynamic-usage-error.js'
npm warn tar TAR_ENTRY_ERROR ENOENT: no such file or directory, open '/mnt/data/pickinvoice/pickinvoice-step4/node_modules/next/dist/esm/shared/lib/router/utils/is-dynamic.js'
npm warn tar TAR_ENTRY_ERROR ENOENT: no such file or directory, open '/mnt/data/pickinvoice/pickinvoice-step4/node_modules/next/dist/shared/lib/router/utils/is-dynamic.js'
npm warn tar TAR_ENTRY_ERROR ENOENT: no such file or directory, open '/mnt/data/pickinvoice/pickinvoice-step4/node_modules/next/dist/esm/lib/is-edge-runtime.js'
npm warn tar TAR_ENTRY_ERROR ENOENT: no such file or directory, open '/mnt/data/pickinvoice/pickinvoice-step4/node_modules/next/dist/lib/is-edge-runtime.js'
npm warn tar TAR_ENTRY_ERROR ENOENT: no such file or directory, open '/mnt/data/pickinvoice/pickinvoice-step4/node_modules/next/dist/esm/lib/is-error.js'
npm warn tar TAR_ENTRY_ERROR ENOENT: no such file or directory, open '/mnt/data/pickinvoice/pickinvoice-step4/node_modules/next/dist/lib/is-error.js'
npm warn tar TAR_ENTRY_ERROR ENOENT: no such file or directory, open '/mnt/data/pickinvoice/pickinvoice-step4/node_modules/next/dist/client/components/is-hydration-error.js'
npm warn tar TAR_ENTRY_ERROR ENOENT: no such file or directory, open '/mnt/data/pickinvoice/pickinvoice-step4/node_modules/next/dist/esm/client/components/is-hydration-error.js'
npm warn tar TAR_ENTRY_ERROR ENOENT: no such file or directory, open '/mnt/data/pickinvoice/pickinvoice-step4/node_modules/next/dist/esm/lib/is-internal-component.js'
npm warn tar TAR_ENTRY_ERROR ENOENT: no such file or directory, open '/mnt/data/pickinvoice/pickinvoice-step4/node_modules/next/dist/lib/is-internal-component.js'
npm warn tar TAR_ENTRY_ERROR ENOENT: no such file or directory, open '/mnt/data/pickinvoice/pickinvoice-step4/node_modules/next/dist/esm/server/lib/is-ipv6.js'
npm warn tar TAR_ENTRY_ERROR ENOENT: no such file or directory, open '/mnt/data/pickinvoice/pickinvoice-step4/node_modules/next/dist/server/lib/is-ipv6.js'
npm warn tar TAR_ENTRY_ERROR ENOENT: no such file or directory, open '/mnt/data/pickinvoice/pickinvoice-step4/node_modules/next/dist/esm/shared/lib/router/utils/is-local-url.js'
npm warn tar TAR_ENTRY_ERROR ENOENT: no such file or directory, open '/mnt/data/pickinvoice/pickinvoice-step4/node_modules/next/dist/shared/lib/router/utils/is-local-url.js'
npm warn tar TAR_ENTRY_ERROR ENOENT: no such file or directory, open '/mnt/data/pickinvoice/pickinvoice-step4/node_modules/next/dist/esm/lib/metadata/is-metadata-route.js'
npm warn tar TAR_ENTRY_ERROR ENOENT: no such file or directory, open '/mnt/data/pickinvoice/pickinvoice-step4/node_modules/next/dist/lib/metadata/is-metadata-route.js'
npm warn tar TAR_ENTRY_ERROR ENOENT: no such file or directory, open '/mnt/data/pickinvoice/pickinvoice-step4/node_modules/next/dist/client/components/router-reducer/is-navigating-to-new-root-layout.js'
npm warn tar TAR_ENTRY_ERROR ENOENT: no such file or directory, open '/mnt/data/pickinvoice/pickinvoice-step4/node_modules/next/dist/esm/client/components/router-reducer/is-navigating-to-new-root-layout.js'
npm warn tar TAR_ENTRY_ERROR ENOENT: no such file or directory, open '/mnt/data/pickinvoice/pickinvoice-step4/node_modules/next/dist/esm/export/helpers/is-navigation-signal-error.js'
npm warn tar TAR_ENTRY_ERROR ENOENT: no such file or directory, open '/mnt/data/pickinvoice/pickinvoice-step4/node_modules/next/dist/export/helpers/is-navigation-signal-error.js'
npm warn tar TAR_ENTRY_ERROR ENOENT: no such file or directory, open '/mnt/data/pickinvoice/pickinvoice-step4/node_modules/next/dist/client/components/is-next-router-error.js'
npm warn tar TAR_ENTRY_ERROR ENOENT: no such file or directory, open '/mnt/data/pickinvoice/pickinvoice-step4/node_modules/next/dist/esm/client/components/is-next-router-error.js'
npm warn tar TAR_ENTRY_ERROR ENOENT: no such file or directory, open '/mnt/data/pickinvoice/pickinvoice-step4/node_modules/next/dist/esm/shared/lib/is-plain-object.js'
npm warn tar TAR_ENTRY_ERROR ENOENT: no such file or directory, open '/mnt/data/pickinvoice/pickinvoice-step4/node_modules/next/dist/shared/lib/is-plain-object.js'
npm warn tar TAR_ENTRY_ERROR ENOENT: no such file or directory, open '/mnt/data/pickinvoice/pickinvoice-step4/node_modules/next/dist/esm/server/lib/router-utils/is-postpone.js'
npm warn tar TAR_ENTRY_ERROR ENOENT: no such file or directory, open '/mnt/data/pickinvoice/pickinvoice-step4/node_modules/next/dist/server/lib/router-utils/is-postpone.js'
npm warn tar TAR_ENTRY_ERROR ENOENT: no such file or directory, open '/mnt/data/pickinvoice/pickinvoice-step4/node_modules/next/dist/esm/lib/is-serializable-props.js'
npm warn tar TAR_ENTRY_ERROR ENOENT: no such file or directory, open '/mnt/data/pickinvoice/pickinvoice-step4/node_modules/next/dist/lib/is-serializable-props.js'
npm warn tar TAR_ENTRY_ERROR ENOENT: no such file or directory, open '/mnt/data/pickinvoice/pickinvoice-step4/node_modules/next/dist/build/is-writeable.js'
npm warn tar TAR_ENTRY_ERROR ENOENT: no such file or directory, open '/mnt/data/pickinvoice/pickinvoice-step4/node_modules/next/dist/esm/build/is-writeable.js'
npm warn tar TAR_ENTRY_ERROR ENOENT: no such file or directory, lstat '/mnt/data/pickinvoice/pickinvoice-step4/node_modules/next/dist/build/webpack'
npm warn tar TAR_ENTRY_ERROR ENOENT: no such file or directory, lstat '/mnt/data/pickinvoice/pickinvoice-step4/node_modules/next/dist/esm/build/webpack'
npm warn tar TAR_ENTRY_ERROR ENOENT: no such file or directory, open '/mnt/data/pickinvoice/pickinvoice-step4/node_modules/next/dist/compiled/@babel/runtime/helpers/esm/isNativeFunction.js'
npm warn tar TAR_ENTRY_ERROR ENOENT: no such file or directory, open '/mnt/data/pickinvoice/pickinvoice-step4/node_modules/next/dist/compiled/@babel/runtime/helpers/isNativeFunction.js'
npm warn tar TAR_ENTRY_ERROR ENOENT: no such file or directory, open '/mnt/data/pickinvoice/pickinvoice-step4/node_modules/next/dist/compiled/@babel/runtime/helpers/esm/isNativeReflectConstruct.js'
npm warn tar TAR_ENTRY_ERROR ENOENT: no such file or directory, open '/mnt/data/pickinvoice/pickinvoice-step4/node_modules/next/dist/compiled/@babel/runtime/helpers/isNativeReflectConstruct.js'
npm warn tar TAR_ENTRY_ERROR ENOENT: no such file or directory, open '/mnt/data/pickinvoice/pickinvoice-step4/node_modules/next/dist/compiled/@babel/runtime/helpers/esm/iterableToArray.js'
npm warn tar TAR_ENTRY_ERROR ENOENT: no such file or directory, open '/mnt/data/pickinvoice/pickinvoice-step4/node_modules/next/dist/compiled/@babel/runtime/helpers/iterableToArray.js'
npm warn tar TAR_ENTRY_ERROR ENOENT: no such file or directory, open '/mnt/data/pickinvoice/pickinvoice-step4/node_modules/next/dist/compiled/@babel/runtime/helpers/esm/iterableToArrayLimit.js'
npm warn tar TAR_ENTRY_ERROR ENOENT: no such file or directory, open '/mnt/data/pickinvoice/pickinvoice-step4/node_modules/next/dist/compiled/@babel/runtime/helpers/iterableToArrayLimit.js'
npm warn tar TAR_ENTRY_ERROR ENOENT: no such file or directory, open '/mnt/data/pickinvoice/pickinvoice-step4/node_modules/next/dist/compiled/@babel/runtime/helpers/esm/iterableToArrayLimitLoose.js'
npm warn tar TAR_ENTRY_ERROR ENOENT: no such file or directory, open '/mnt/data/pickinvoice/pickinvoice-step4/node_modules/next/dist/compiled/@babel/runtime/helpers/iterableToArrayLimitLoose.js'
npm warn tar TAR_ENTRY_ERROR ENOENT: no such file or directory, open '/mnt/data/pickinvoice/pickinvoice-step4/node_modules/next/dist/compiled/webpack/JavascriptHotModuleReplacement.runtime.js'
npm warn tar TAR_ENTRY_ERROR ENOENT: no such file or directory, lstat '/mnt/data/pickinvoice/pickinvoice-step4/node_modules/next/dist/build/swc'
npm warn tar TAR_ENTRY_ERROR ENOENT: no such file or directory, lstat '/mnt/data/pickinvoice/pickinvoice-step4/node_modules/next/dist/esm/build/swc'
npm warn tar TAR_ENTRY_ERROR ENOENT: no such file or directory, lstat '/mnt/data/pickinvoice/pickinvoice-step4/node_modules/next/dist/build/jest'
npm warn tar TAR_ENTRY_ERROR ENOENT: no such file or directory, lstat '/mnt/data/pickinvoice/pickinvoice-step4/node_modules/next/dist/build/webpack'
npm warn tar TAR_ENTRY_ERROR ENOENT: no such file or directory, lstat '/mnt/data/pickinvoice/pickinvoice-step4/node_modules/next/dist/esm/build/webpack'
npm warn tar TAR_ENTRY_ERROR ENOENT: no such file or directory, open '/mnt/data/pickinvoice/pickinvoice-step4/node_modules/next/dist/build/webpack/plugins/jsconfig-paths-plugin.js'
npm warn tar TAR_ENTRY_ERROR ENOENT: no such file or directory, open '/mnt/data/pickinvoice/pickinvoice-step4/node_modules/next/dist/esm/build/webpack/plugins/jsconfig-paths-plugin.js'
npm warn tar TAR_ENTRY_ERROR ENOENT: no such file or directory, open '/mnt/data/pickinvoice/pickinvoice-step4/node_modules/next/dist/compiled/react-experimental/jsx-dev-runtime.js'
npm warn tar TAR_ENTRY_ERROR ENOENT: no such file or directory, open '/mnt/data/pickinvoice/pickinvoice-step4/node_modules/next/dist/compiled/react/jsx-dev-runtime.js'
npm warn tar TAR_ENTRY_ERROR ENOENT: no such file or directory, open '/mnt/data/pickinvoice/pickinvoice-step4/node_modules/next/dist/build/babel/plugins/jsx-pragma.js'
npm warn tar TAR_ENTRY_ERROR ENOENT: no such file or directory, open '/mnt/data/pickinvoice/pickinvoice-step4/node_modules/next/dist/esm/build/babel/plugins/jsx-pragma.js'
npm warn tar TAR_ENTRY_ERROR ENOENT: no such file or directory, open '/mnt/data/pickinvoice/pickinvoice-step4/node_modules/next/dist/compiled/react-experimental/jsx-runtime.js'
npm warn tar TAR_ENTRY_ERROR ENOENT: no such file or directory, open '/mnt/data/pickinvoice/pickinvoice-step4/node_modules/next/dist/compiled/react/jsx-runtime.js'
npm warn tar TAR_ENTRY_ERROR ENOENT: no such file or directory, open '/mnt/data/pickinvoice/pickinvoice-step4/node_modules/next/dist/compiled/react-experimental/jsx-runtime.react-server.js'
npm warn tar TAR_ENTRY_ERROR ENOENT: no such file or directory, open '/mnt/data/pickinvoice/pickinvoice-step4/node_modules/next/dist/compiled/react/jsx-runtime.react-server.js'
npm warn tar TAR_ENTRY_ERROR ENOENT: no such file or directory, open '/mnt/data/pickinvoice/pickinvoice-step4/node_modules/next/dist/compiled/@babel/runtime/helpers/esm/jsx.js'
npm warn tar TAR_ENTRY_ERROR ENOENT: no such file or directory, open '/mnt/data/pickinvoice/pickinvoice-step4/node_modules/next/dist/compiled/@babel/runtime/helpers/jsx.js'
npm warn tar TAR_ENTRY_ERROR ENOENT: no such file or directory, lstat '/mnt/data/pickinvoice/pickinvoice-step4/node_modules/next/dist/client/components/react-dev-overlay'
npm warn tar TAR_ENTRY_ERROR ENOENT: no such file or directory, lstat '/mnt/data/pickinvoice/pickinvoice-step4/node_modules/next/dist/esm/client/components/react-dev-overlay'
npm warn tar TAR_ENTRY_ERROR ENOENT: no such file or directory, open '/mnt/data/pickinvoice/pickinvoice-step4/node_modules/next/dist/client/components/layout-router.js'
npm warn tar TAR_ENTRY_ERROR ENOENT: no such file or directory, open '/mnt/data/pickinvoice/pickinvoice-step4/node_modules/next/dist/esm/client/components/layout-router.js'
npm warn tar TAR_ENTRY_ERROR ENOENT: no such file or directory, open '/mnt/data/pickinvoice/pickinvoice-step4/node_modules/next/dist/compiled/webpack/lazy-compilation-node.js'
npm warn tar TAR_ENTRY_ERROR ENOENT: no such file or directory, open '/mnt/data/pickinvoice/pickinvoice-step4/node_modules/next/dist/compiled/webpack/lazy-compilation-web.js'
npm warn tar TAR_ENTRY_ERROR ENOENT: no such file or directory, lstat '/mnt/data/pickinvoice/pickinvoice-step4/node_modules/next/dist/client/components/react-dev-overlay'
npm warn tar TAR_ENTRY_ERROR ENOENT: no such file or directory, lstat '/mnt/data/pickinvoice/pickinvoice-step4/node_modules/next/dist/esm/client/components/react-dev-overlay'
npm warn tar TAR_ENTRY_ERROR ENOENT: no such file or directory, open '/mnt/data/pickinvoice/pickinvoice-step4/node_modules/next/dist/compiled/webpack/LibraryTemplatePlugin.js'
npm warn tar TAR_ENTRY_ERROR ENOENT: no such file or directory, open '/mnt/data/pickinvoice/pickinvoice-step4/node_modules/next/dist/compiled/webpack/LimitChunkCountPlugin.js'
npm warn tar TAR_ENTRY_ERROR ENOENT: no such file or directory, open '/mnt/data/pickinvoice/pickinvoice-step4/node_modules/next/dist/api/link.js'
npm warn tar TAR_ENTRY_ERROR ENOENT: no such file or directory, open '/mnt/data/pickinvoice/pickinvoice-step4/node_modules/next/dist/client/link.js'
npm warn tar TAR_ENTRY_ERROR ENOENT: no such file or directory, open '/mnt/data/pickinvoice/pickinvoice-step4/node_modules/next/dist/esm/api/link.js'
npm warn tar TAR_ENTRY_ERROR ENOENT: no such file or directory, open '/mnt/data/pickinvoice/pickinvoice-step4/node_modules/next/dist/esm/client/link.js'
npm warn tar TAR_ENTRY_ERROR ENOENT: no such file or directory, open '/mnt/data/pickinvoice/pickinvoice-step4/node_modules/next/dist/esm/server/load-components.js'
npm warn tar TAR_ENTRY_ERROR ENOENT: no such file or directory, open '/mnt/data/pickinvoice/pickinvoice-step4/node_modules/next/dist/server/load-components.js'
npm warn tar TAR_ENTRY_ERROR ENOENT: no such file or directory, open '/mnt/data/pickinvoice/pickinvoice-step4/node_modules/next/dist/esm/lib/load-custom-routes.js'
npm warn tar TAR_ENTRY_ERROR ENOENT: no such file or directory, open '/mnt/data/pickinvoice/pickinvoice-step4/node_modules/next/dist/lib/load-custom-routes.js'
npm warn tar TAR_ENTRY_ERROR ENOENT: no such file or directory, open '/mnt/data/pickinvoice/pickinvoice-step4/node_modules/next/dist/esm/server/load-default-error-components.js'
npm warn tar TAR_ENTRY_ERROR ENOENT: no such file or directory, open '/mnt/data/pickinvoice/pickinvoice-step4/node_modules/next/dist/server/load-default-error-components.js'
npm warn tar TAR_ENTRY_ERROR ENOENT: no such file or directory, open '/mnt/data/pickinvoice/pickinvoice-step4/node_modules/next/dist/build/load-entrypoint.js'
npm warn tar TAR_ENTRY_ERROR ENOENT: no such file or directory, open '/mnt/data/pickinvoice/pickinvoice-step4/node_modules/next/dist/esm/build/load-entrypoint.js'
npm warn tar TAR_ENTRY_ERROR ENOENT: no such file or directory, open '/mnt/data/pickinvoice/pickinvoice-step4/node_modules/next/dist/build/load-jsconfig.js'
npm warn tar TAR_ENTRY_ERROR ENOENT: no such file or directory, open '/mnt/data/pickinvoice/pickinvoice-step4/node_modules/next/dist/esm/build/load-jsconfig.js'
npm warn tar TAR_ENTRY_ERROR ENOENT: no such file or directory, open '/mnt/data/pickinvoice/pickinvoice-step4/node_modules/next/dist/esm/server/load-manifest.js'
npm warn tar TAR_ENTRY_ERROR ENOENT: no such file or directory, open '/mnt/data/pickinvoice/pickinvoice-step4/node_modules/next/dist/server/load-manifest.js'
npm warn tar TAR_ENTRY_ERROR ENOENT: no such file or directory, open '/mnt/data/pickinvoice/pickinvoice-step4/node_modules/next/dist/compiled/@edge-runtime/primitives/load.js'
npm warn tar TAR_ENTRY_ERROR ENOENT: no such file or directory, open '/mnt/data/pickinvoice/pickinvoice-step4/node_modules/next/dist/esm/server/future/route-modules/app-page/vendored/contexts/loadable-context.js'
npm warn tar TAR_ENTRY_ERROR ENOENT: no such file or directory, open '/mnt/data/pickinvoice/pickinvoice-step4/node_modules/next/dist/esm/server/future/route-modules/pages/vendored/contexts/loadable-context.js'
npm warn tar TAR_ENTRY_ERROR ENOENT: no such file or directory, open '/mnt/data/pickinvoice/pickinvoice-step4/node_modules/next/dist/server/future/route-modules/app-page/vendored/contexts/loadable-context.js'
npm warn tar TAR_ENTRY_ERROR ENOENT: no such file or directory, open '/mnt/data/pickinvoice/pickinvoice-step4/node_modules/next/dist/server/future/route-modules/pages/vendored/contexts/loadable-context.js'
npm warn tar TAR_ENTRY_ERROR ENOENT: no such file or directory, open '/mnt/data/pickinvoice/pickinvoice-step4/node_modules/next/dist/esm/shared/lib/loadable-context.shared-runtime.js'
npm warn tar TAR_ENTRY_ERROR ENOENT: no such file or directory, open '/mnt/data/pickinvoice/pickinvoice-step4/node_modules/next/dist/shared/lib/loadable-context.shared-runtime.js'
npm warn tar TAR_ENTRY_ERROR ENOENT: no such file or directory, open '/mnt/data/pickinvoice/pickinvoice-step4/node_modules/next/dist/esm/server/future/route-modules/app-page/vendored/contexts/loadable.js'
npm warn tar TAR_ENTRY_ERROR ENOENT: no such file or directory, open '/mnt/data/pickinvoice/pickinvoice-step4/node_modules/next/dist/esm/server/future/route-modules/pages/vendored/contexts/loadable.js'
npm warn tar TAR_ENTRY_ERROR ENOENT: no such file or directory, open '/mnt/data/pickinvoice/pickinvoice-step4/node_modules/next/dist/esm/shared/lib/lazy-dynamic/loadable.js'
npm warn tar TAR_ENTRY_ERROR ENOENT: no such file or directory, open '/mnt/data/pickinvoice/pickinvoice-step4/node_modules/next/dist/server/future/route-modules/app-page/vendored/contexts/loadable.js'
npm warn tar TAR_ENTRY_ERROR ENOENT: no such file or directory, open '/mnt/data/pickinvoice/pickinvoice-step4/node_modules/next/dist/server/future/route-modules/pages/vendored/contexts/loadable.js'
npm warn tar TAR_ENTRY_ERROR ENOENT: no such file or directory, open '/mnt/data/pickinvoice/pickinvoice-step4/node_modules/next/dist/shared/lib/lazy-dynamic/loadable.js'
npm warn tar TAR_ENTRY_ERROR ENOENT: no such file or directory, open '/mnt/data/pickinvoice/pickinvoice-step4/node_modules/next/dist/esm/shared/lib/loadable.shared-runtime.js'
npm warn tar TAR_ENTRY_ERROR ENOENT: no such file or directory, open '/mnt/data/pickinvoice/pickinvoice-step4/node_modules/next/dist/shared/lib/loadable.shared-runtime.js'
npm warn tar TAR_ENTRY_ERROR ENOENT: no such file or directory, open '/mnt/data/pickinvoice/pickinvoice-step4/node_modules/next/dist/build/webpack/loaders/lightningcss-loader/src/loader.js'
npm warn tar TAR_ENTRY_ERROR ENOENT: no such file or directory, lstat '/mnt/data/pickinvoice/pickinvoice-step4/node_modules/next/dist/compiled/@next/font/dist/google'
npm warn tar TAR_ENTRY_ERROR ENOENT: no such file or directory, lstat '/mnt/data/pickinvoice/pickinvoice-step4/node_modules/next/dist/compiled/@next/font/dist/local'
npm warn tar TAR_ENTRY_ERROR ENOENT: no such file or directory, open '/mnt/data/pickinvoice/pickinvoice-step4/node_modules/next/dist/compiled/mini-css-extract-plugin/loader.js'
npm warn tar TAR_ENTRY_ERROR ENOENT: no such file or directory, open '/mnt/data/pickinvoice/pickinvoice-step4/node_modules/next/dist/esm/build/webpack/loaders/lightningcss-loader/src/loader.js'
npm warn tar TAR_ENTRY_ERROR ENOENT: no such file or directory, lstat '/mnt/data/pickinvoice/pickinvoice-step4/node_modules/next/dist/compiled/@next/font/dist/google'
npm warn tar TAR_ENTRY_ERROR ENOENT: no such file or directory, lstat '/mnt/data/pickinvoice/pickinvoice-step4/node_modules/next/dist/compiled/@next/font/dist/local'
npm warn tar TAR_ENTRY_ERROR ENOENT: no such file or directory, open '/mnt/data/pickinvoice/pickinvoice-step4/node_modules/next/dist/compiled/loader-runner/LoaderRunner.js'
npm warn tar TAR_ENTRY_ERROR ENOENT: no such file or directory, open '/mnt/data/pickinvoice/pickinvoice-step4/node_modules/next/dist/esm/server/future/route-definitions/locale-route-definition.js'
npm warn tar TAR_ENTRY_ERROR ENOENT: no such file or directory, open '/mnt/data/pickinvoice/pickinvoice-step4/node_modules/next/dist/server/future/route-definitions/locale-route-definition.js'
npm warn tar TAR_ENTRY_ERROR ENOENT: no such file or directory, open '/mnt/data/pickinvoice/pickinvoice-step4/node_modules/next/dist/esm/server/future/route-matches/locale-route-match.js'
npm warn tar TAR_ENTRY_ERROR ENOENT: no such file or directory, open '/mnt/data/pickinvoice/pickinvoice-step4/node_modules/next/dist/server/future/route-matches/locale-route-match.js'
npm warn tar TAR_ENTRY_ERROR ENOENT: no such file or directory, open '/mnt/data/pickinvoice/pickinvoice-step4/node_modules/next/dist/esm/server/future/route-matchers/locale-route-matcher.js'
npm warn tar TAR_ENTRY_ERROR ENOENT: no such file or directory, open '/mnt/data/pickinvoice/pickinvoice-step4/node_modules/next/dist/server/future/route-matchers/locale-route-matcher.js'
npm warn tar TAR_ENTRY_ERROR ENOENT: no such file or directory, open '/mnt/data/pickinvoice/pickinvoice-step4/node_modules/next/dist/esm/server/future/normalizers/locale-route-normalizer.js'
npm warn tar TAR_ENTRY_ERROR ENOENT: no such file or directory, open '/mnt/data/pickinvoice/pickinvoice-step4/node_modules/next/dist/server/future/normalizers/locale-route-normalizer.js'
npm warn tar TAR_ENTRY_ERROR ENOENT: no such file or directory, lstat '/mnt/data/pickinvoice/pickinvoice-step4/node_modules/next/dist/esm/server/dev'
npm warn tar TAR_ENTRY_ERROR ENOENT: no such file or directory, lstat '/mnt/data/pickinvoice/pickinvoice-step4/node_modules/next/dist/server/dev'
npm warn tar TAR_ENTRY_ERROR ENOENT: no such file or directory, lstat '/mnt/data/pickinvoice/pickinvoice-step4/node_modules/next/dist/build/output'
npm warn tar TAR_ENTRY_ERROR ENOENT: no such file or directory, lstat '/mnt/data/pickinvoice/pickinvoice-step4/node_modules/next/dist/esm/build/output'
npm warn tar TAR_ENTRY_ERROR ENOENT: no such file or directory, open '/mnt/data/pickinvoice/pickinvoice-step4/node_modules/next/dist/esm/shared/lib/magic-identifier.js'
npm warn tar TAR_ENTRY_ERROR ENOENT: no such file or directory, open '/mnt/data/pickinvoice/pickinvoice-step4/node_modules/next/dist/shared/lib/magic-identifier.js'
npm warn tar TAR_ENTRY_ERROR ENOENT: no such file or directory, open '/mnt/data/pickinvoice/pickinvoice-step4/node_modules/next/dist/esm/server/lib/squoosh/main.js'
npm warn tar TAR_ENTRY_ERROR ENOENT: no such file or directory, open '/mnt/data/pickinvoice/pickinvoice-step4/node_modules/next/dist/server/lib/squoosh/main.js'
npm warn tar TAR_ENTRY_ERROR ENOENT: no such file or directory, open '/mnt/data/pickinvoice/pickinvoice-step4/node_modules/next/dist/client/components/react-dev-overlay/internal/components/Overlay/maintain--tab-focus.js'
npm warn tar TAR_ENTRY_ERROR ENOENT: no such file or directory, open '/mnt/data/pickinvoice/pickinvoice-step4/node_modules/next/dist/esm/client/components/react-dev-overlay/internal/components/Overlay/maintain--tab-focus.js'
npm warn tar TAR_ENTRY_ERROR ENOENT: no such file or directory, open '/mnt/data/pickinvoice/pickinvoice-step4/node_modules/next/dist/esm/server/app-render/make-get-server-inserted-html.js'
npm warn tar TAR_ENTRY_ERROR ENOENT: no such file or directory, open '/mnt/data/pickinvoice/pickinvoice-step4/node_modules/next/dist/server/app-render/make-get-server-inserted-html.js'
npm warn tar TAR_ENTRY_ERROR ENOENT: no such file or directory, lstat '/mnt/data/pickinvoice/pickinvoice-step4/node_modules/next/dist/esm/server/dev'
npm warn tar TAR_ENTRY_ERROR ENOENT: no such file or directory, lstat '/mnt/data/pickinvoice/pickinvoice-step4/node_modules/next/dist/esm/server/future'
npm warn tar TAR_ENTRY_ERROR ENOENT: no such file or directory, lstat '/mnt/data/pickinvoice/pickinvoice-step4/node_modules/next/dist/server/dev'
npm warn tar TAR_ENTRY_ERROR ENOENT: no such file or directory, lstat '/mnt/data/pickinvoice/pickinvoice-step4/node_modules/next/dist/server/future'
npm warn tar TAR_ENTRY_ERROR ENOENT: no such file or directory, open '/mnt/data/pickinvoice/pickinvoice-step4/node_modules/next/dist/esm/server/future/route-matcher-providers/manifest-route-matcher-provider.js'
npm warn tar TAR_ENTRY_ERROR ENOENT: no such file or directory, open '/mnt/data/pickinvoice/pickinvoice-step4/node_modules/next/dist/server/future/route-matcher-providers/manifest-route-matcher-provider.js'
npm warn tar TAR_ENTRY_ERROR ENOENT: no such file or directory, open '/mnt/data/pickinvoice/pickinvoice-step4/node_modules/next/dist/esm/lib/metadata/types/manifest-types.js'
npm warn tar TAR_ENTRY_ERROR ENOENT: no such file or directory, open '/mnt/data/pickinvoice/pickinvoice-step4/node_modules/next/dist/lib/metadata/types/manifest-types.js'
npm warn tar TAR_ENTRY_ERROR ENOENT: no such file or directory, open '/mnt/data/pickinvoice/pickinvoice-step4/node_modules/next/dist/esm/server/match-bundle.js'
npm warn tar TAR_ENTRY_ERROR ENOENT: no such file or directory, open '/mnt/data/pickinvoice/pickinvoice-step4/node_modules/next/dist/server/match-bundle.js'
npm warn tar TAR_ENTRY_ERROR ENOENT: no such file or directory, open '/mnt/data/pickinvoice/pickinvoice-step4/node_modules/next/dist/esm/shared/lib/match-local-pattern.js'
npm warn tar TAR_ENTRY_ERROR ENOENT: no such file or directory, open '/mnt/data/pickinvoice/pickinvoice-step4/node_modules/next/dist/shared/lib/match-local-pattern.js'
npm warn tar TAR_ENTRY_ERROR ENOENT: no such file or directory, open '/mnt/data/pickinvoice/pickinvoice-step4/node_modules/next/dist/esm/server/lib/match-next-data-pathname.js'
npm warn tar TAR_ENTRY_ERROR ENOENT: no such file or directory, open '/mnt/data/pickinvoice/pickinvoice-step4/node_modules/next/dist/server/lib/match-next-data-pathname.js'
npm warn tar TAR_ENTRY_ERROR ENOENT: no such file or directory, open '/mnt/data/pickinvoice/pickinvoice-step4/node_modules/next/dist/esm/shared/lib/match-remote-pattern.js'
npm warn tar TAR_ENTRY_ERROR ENOENT: no such file or directory, open '/mnt/data/pickinvoice/pickinvoice-step4/node_modules/next/dist/shared/lib/match-remote-pattern.js'
npm warn tar TAR_ENTRY_ERROR ENOENT: no such file or directory, open '/mnt/data/pickinvoice/pickinvoice-step4/node_modules/next/dist/client/components/match-segments.js'
npm warn tar TAR_ENTRY_ERROR ENOENT: no such file or directory, open '/mnt/data/pickinvoice/pickinvoice-step4/node_modules/next/dist/esm/client/components/match-segments.js'
npm warn tar TAR_ENTRY_ERROR ENOENT: no such file or directory, open '/mnt/data/pickinvoice/pickinvoice-step4/node_modules/next/dist/compiled/@babel/runtime/helpers/esm/maybeArrayLike.js'
npm warn tar TAR_ENTRY_ERROR ENOENT: no such file or directory, open '/mnt/data/pickinvoice/pickinvoice-step4/node_modules/next/dist/compiled/@babel/runtime/helpers/maybeArrayLike.js'
npm warn tar TAR_ENTRY_ERROR ENOENT: no such file or directory, open '/mnt/data/pickinvoice/pickinvoice-step4/node_modules/next/dist/build/webpack/plugins/memory-with-gc-cache-plugin.js'
npm warn tar TAR_ENTRY_ERROR ENOENT: no such file or directory, open '/mnt/data/pickinvoice/pickinvoice-step4/node_modules/next/dist/esm/build/webpack/plugins/memory-with-gc-cache-plugin.js'
npm warn tar TAR_ENTRY_ERROR ENOENT: no such file or directory, lstat '/mnt/data/pickinvoice/pickinvoice-step4/node_modules/next/dist/build/webpack'
npm warn tar TAR_ENTRY_ERROR ENOENT: no such file or directory, lstat '/mnt/data/pickinvoice/pickinvoice-step4/node_modules/next/dist/build/webpack'
npm warn tar TAR_ENTRY_ERROR ENOENT: no such file or directory, lstat '/mnt/data/pickinvoice/pickinvoice-step4/node_modules/next/dist/esm/build/webpack'
npm warn tar TAR_ENTRY_ERROR ENOENT: no such file or directory, lstat '/mnt/data/pickinvoice/pickinvoice-step4/node_modules/next/dist/esm/build/webpack'
npm warn tar TAR_ENTRY_ERROR ENOENT: no such file or directory, lstat '/mnt/data/pickinvoice/pickinvoice-step4/node_modules/next/dist/esm/server/dev'
npm warn tar TAR_ENTRY_ERROR ENOENT: no such file or directory, lstat '/mnt/data/pickinvoice/pickinvoice-step4/node_modules/next/dist/server/dev'
npm warn tar TAR_ENTRY_ERROR ENOENT: no such file or directory, open '/mnt/data/pickinvoice/pickinvoice-step4/node_modules/next/dist/esm/lib/metadata/generate/meta.js'
npm warn tar TAR_ENTRY_ERROR ENOENT: no such file or directory, open '/mnt/data/pickinvoice/pickinvoice-step4/node_modules/next/dist/lib/metadata/generate/meta.js'
npm warn tar TAR_ENTRY_ERROR ENOENT: no such file or directory, open '/mnt/data/pickinvoice/pickinvoice-step4/node_modules/next/dist/esm/lib/metadata/types/metadata-interface.js'
npm warn tar TAR_ENTRY_ERROR ENOENT: no such file or directory, open '/mnt/data/pickinvoice/pickinvoice-step4/node_modules/next/dist/lib/metadata/types/metadata-interface.js'
npm warn tar TAR_ENTRY_ERROR ENOENT: no such file or directory, open '/mnt/data/pickinvoice/pickinvoice-step4/node_modules/next/dist/esm/lib/metadata/types/metadata-types.js'
npm warn tar TAR_ENTRY_ERROR ENOENT: no such file or directory, open '/mnt/data/pickinvoice/pickinvoice-step4/node_modules/next/dist/lib/metadata/types/metadata-types.js'
npm warn tar TAR_ENTRY_ERROR ENOENT: no such file or directory, open '/mnt/data/pickinvoice/pickinvoice-step4/node_modules/next/dist/esm/lib/metadata/metadata.js'
npm warn tar TAR_ENTRY_ERROR ENOENT: no such file or directory, open '/mnt/data/pickinvoice/pickinvoice-step4/node_modules/next/dist/esm/server/typescript/rules/metadata.js'
npm warn tar TAR_ENTRY_ERROR ENOENT: no such file or directory, open '/mnt/data/pickinvoice/pickinvoice-step4/node_modules/next/dist/lib/metadata/metadata.js'
npm warn tar TAR_ENTRY_ERROR ENOENT: no such file or directory, open '/mnt/data/pickinvoice/pickinvoice-step4/node_modules/next/dist/server/typescript/rules/metadata.js'
npm warn tar TAR_ENTRY_ERROR ENOENT: no such file or directory, open '/mnt/data/pickinvoice/pickinvoice-step4/node_modules/next/dist/build/webpack/plugins/middleware-plugin.js'
npm warn tar TAR_ENTRY_ERROR ENOENT: no such file or directory, open '/mnt/data/pickinvoice/pickinvoice-step4/node_modules/next/dist/esm/build/webpack/plugins/middleware-plugin.js'
npm warn tar TAR_ENTRY_ERROR ENOENT: no such file or directory, open '/mnt/data/pickinvoice/pickinvoice-step4/node_modules/next/dist/esm/shared/lib/router/utils/middleware-route-matcher.js'
npm warn tar TAR_ENTRY_ERROR ENOENT: no such file or directory, open '/mnt/data/pickinvoice/pickinvoice-step4/node_modules/next/dist/shared/lib/router/utils/middleware-route-matcher.js'
npm warn tar TAR_ENTRY_ERROR ENOENT: no such file or directory, lstat '/mnt/data/pickinvoice/pickinvoice-step4/node_modules/next/dist/client/components/react-dev-overlay'
npm warn tar TAR_ENTRY_ERROR ENOENT: no such file or directory, lstat '/mnt/data/pickinvoice/pickinvoice-step4/node_modules/next/dist/esm/client/components/react-dev-overlay'
npm warn tar TAR_ENTRY_ERROR ENOENT: no such file or directory, open '/mnt/data/pickinvoice/pickinvoice-step4/node_modules/next/dist/build/templates/middleware.js'
npm warn tar TAR_ENTRY_ERROR ENOENT: no such file or directory, lstat '/mnt/data/pickinvoice/pickinvoice-step4/node_modules/next/dist/client/components/react-dev-overlay'
npm warn tar TAR_ENTRY_ERROR ENOENT: no such file or directory, open '/mnt/data/pickinvoice/pickinvoice-step4/node_modules/next/dist/esm/build/templates/middleware.js'
npm warn tar TAR_ENTRY_ERROR ENOENT: no such file or directory, lstat '/mnt/data/pickinvoice/pickinvoice-step4/node_modules/next/dist/esm/client/components/react-dev-overlay'
npm warn tar TAR_ENTRY_ERROR ENOENT: no such file or directory, open '/mnt/data/pickinvoice/pickinvoice-step4/node_modules/next/dist/esm/lib/mime-type.js'
npm warn tar TAR_ENTRY_ERROR ENOENT: no such file or directory, open '/mnt/data/pickinvoice/pickinvoice-step4/node_modules/next/dist/lib/mime-type.js'
npm warn tar TAR_ENTRY_ERROR ENOENT: no such file or directory, open '/mnt/data/pickinvoice/pickinvoice-step4/node_modules/next/dist/build/webpack/plugins/mini-css-extract-plugin.js'
npm warn tar TAR_ENTRY_ERROR ENOENT: no such file or directory, open '/mnt/data/pickinvoice/pickinvoice-step4/node_modules/next/dist/esm/build/webpack/plugins/mini-css-extract-plugin.js'
npm warn tar TAR_ENTRY_ERROR ENOENT: no such file or directory, open '/mnt/data/pickinvoice/pickinvoice-step4/node_modules/next/dist/build/webpack/loaders/lightningcss-loader/src/minify.js'
npm warn tar TAR_ENTRY_ERROR ENOENT: no such file or directory, lstat '/mnt/data/pickinvoice/pickinvoice-step4/node_modules/next/dist/build/webpack'
npm warn tar TAR_ENTRY_ERROR ENOENT: no such file or directory, open '/mnt/data/pickinvoice/pickinvoice-step4/node_modules/next/dist/esm/build/webpack/loaders/lightningcss-loader/src/minify.js'
npm warn tar TAR_ENTRY_ERROR ENOENT: no such file or directory, lstat '/mnt/data/pickinvoice/pickinvoice-step4/node_modules/next/dist/esm/build/webpack'
npm warn tar TAR_ENTRY_ERROR ENOENT: no such file or directory, lstat '/mnt/data/pickinvoice/pickinvoice-step4/node_modules/next/dist/esm/lib/typescript'
npm warn tar TAR_ENTRY_ERROR ENOENT: no such file or directory, lstat '/mnt/data/pickinvoice/pickinvoice-step4/node_modules/next/dist/lib/typescript'
npm warn tar TAR_ENTRY_ERROR ENOENT: no such file or directory, open '/mnt/data/pickinvoice/pickinvoice-step4/node_modules/next/dist/esm/shared/lib/mitt.js'
npm warn tar TAR_ENTRY_ERROR ENOENT: no such file or directory, open '/mnt/data/pickinvoice/pickinvoice-step4/node_modules/next/dist/shared/lib/mitt.js'
npm warn tar TAR_ENTRY_ERROR ENOENT: no such file or directory, open '/mnt/data/pickinvoice/pickinvoice-step4/node_modules/next/dist/esm/lib/mkcert.js'
npm warn tar TAR_ENTRY_ERROR ENOENT: no such file or directory, open '/mnt/data/pickinvoice/pickinvoice-step4/node_modules/next/dist/lib/mkcert.js'
npm warn tar TAR_ENTRY_ERROR ENOENT: no such file or directory, open '/mnt/data/pickinvoice/pickinvoice-step4/node_modules/next/dist/esm/server/lib/mock-request.js'
npm warn tar TAR_ENTRY_ERROR ENOENT: no such file or directory, open '/mnt/data/pickinvoice/pickinvoice-step4/node_modules/next/dist/server/lib/mock-request.js'
npm warn tar TAR_ENTRY_ERROR ENOENT: no such file or directory, open '/mnt/data/pickinvoice/pickinvoice-step4/node_modules/next/dist/esm/shared/lib/modern-browserslist-target.js'
npm warn tar TAR_ENTRY_ERROR ENOENT: no such file or directory, open '/mnt/data/pickinvoice/pickinvoice-step4/node_modules/next/dist/shared/lib/modern-browserslist-target.js'
npm warn tar TAR_ENTRY_ERROR ENOENT: no such file or directory, lstat '/mnt/data/pickinvoice/pickinvoice-step4/node_modules/next/dist/build/webpack'
npm warn tar TAR_ENTRY_ERROR ENOENT: no such file or directory, lstat '/mnt/data/pickinvoice/pickinvoice-step4/node_modules/next/dist/esm/build/webpack'
npm warn tar TAR_ENTRY_ERROR ENOENT: no such file or directory, lstat '/mnt/data/pickinvoice/pickinvoice-step4/node_modules/next/dist/esm/server/future'
npm warn tar TAR_ENTRY_ERROR ENOENT: no such file or directory, lstat '/mnt/data/pickinvoice/pickinvoice-step4/node_modules/next/dist/server/future'
npm warn tar TAR_ENTRY_ERROR ENOENT: no such file or directory, open '/mnt/data/pickinvoice/pickinvoice-step4/node_modules/next/dist/build/webpack/loaders/next-flight-loader/module-proxy.js'
npm warn tar TAR_ENTRY_ERROR ENOENT: no such file or directory, open '/mnt/data/pickinvoice/pickinvoice-step4/node_modules/next/dist/esm/build/webpack/loaders/next-flight-loader/module-proxy.js'
npm warn tar TAR_ENTRY_ERROR ENOENT: no such file or directory, lstat '/mnt/data/pickinvoice/pickinvoice-step4/node_modules/next/dist/esm/server/future'
npm warn tar TAR_ENTRY_ERROR ENOENT: no such file or directory, lstat '/mnt/data/pickinvoice/pickinvoice-step4/node_modules/next/dist/esm/server/future'
npm warn tar TAR_ENTRY_ERROR ENOENT: no such file or directory, lstat '/mnt/data/pickinvoice/pickinvoice-step4/node_modules/next/dist/esm/server/future'
npm warn tar TAR_ENTRY_ERROR ENOENT: no such file or directory, lstat '/mnt/data/pickinvoice/pickinvoice-step4/node_modules/next/dist/esm/server/future'
npm warn tar TAR_ENTRY_ERROR ENOENT: no such file or directory, lstat '/mnt/data/pickinvoice/pickinvoice-step4/node_modules/next/dist/server/future'
npm warn tar TAR_ENTRY_ERROR ENOENT: no such file or directory, lstat '/mnt/data/pickinvoice/pickinvoice-step4/node_modules/next/dist/server/future'
npm warn tar TAR_ENTRY_ERROR ENOENT: no such file or directory, lstat '/mnt/data/pickinvoice/pickinvoice-step4/node_modules/next/dist/server/future'
npm warn tar TAR_ENTRY_ERROR ENOENT: no such file or directory, lstat '/mnt/data/pickinvoice/pickinvoice-step4/node_modules/next/dist/server/future'
npm warn tar TAR_ENTRY_ERROR ENOENT: no such file or directory, lstat '/mnt/data/pickinvoice/pickinvoice-step4/node_modules/next/dist/esm/server/future'
npm warn tar TAR_ENTRY_ERROR ENOENT: no such file or directory, lstat '/mnt/data/pickinvoice/pickinvoice-step4/node_modules/next/dist/esm/server/future'
npm warn tar TAR_ENTRY_ERROR ENOENT: no such file or directory, lstat '/mnt/data/pickinvoice/pickinvoice-step4/node_modules/next/dist/esm/server/future'
npm warn tar TAR_ENTRY_ERROR ENOENT: no such file or directory, lstat '/mnt/data/pickinvoice/pickinvoice-step4/node_modules/next/dist/esm/server/future'
npm warn tar TAR_ENTRY_ERROR ENOENT: no such file or directory, lstat '/mnt/data/pickinvoice/pickinvoice-step4/node_modules/next/dist/server/future'
npm warn tar TAR_ENTRY_ERROR ENOENT: no such file or directory, lstat '/mnt/data/pickinvoice/pickinvoice-step4/node_modules/next/dist/server/future'
npm warn tar TAR_ENTRY_ERROR ENOENT: no such file or directory, lstat '/mnt/data/pickinvoice/pickinvoice-step4/node_modules/next/dist/server/future'
npm warn tar TAR_ENTRY_ERROR ENOENT: no such file or directory, lstat '/mnt/data/pickinvoice/pickinvoice-step4/node_modules/next/dist/server/future'
npm warn tar TAR_ENTRY_ERROR ENOENT: no such file or directory, lstat '/mnt/data/pickinvoice/pickinvoice-step4/node_modules/next/dist/esm/server/future'
npm warn tar TAR_ENTRY_ERROR ENOENT: no such file or directory, lstat '/mnt/data/pickinvoice/pickinvoice-step4/node_modules/next/dist/esm/server/future'
npm warn tar TAR_ENTRY_ERROR ENOENT: no such file or directory, lstat '/mnt/data/pickinvoice/pickinvoice-step4/node_modules/next/dist/server/future'
npm warn tar TAR_ENTRY_ERROR ENOENT: no such file or directory, lstat '/mnt/data/pickinvoice/pickinvoice-step4/node_modules/next/dist/server/future'
npm warn tar TAR_ENTRY_ERROR ENOENT: no such file or directory, open '/mnt/data/pickinvoice/pickinvoice-step4/node_modules/next/dist/compiled/webpack/ModuleFilenameHelpers.js'
npm warn tar TAR_ENTRY_ERROR ENOENT: no such file or directory, open '/mnt/data/pickinvoice/pickinvoice-step4/node_modules/next/dist/build/webpack/config/blocks/css/loaders/modules.js'
npm warn tar TAR_ENTRY_ERROR ENOENT: no such file or directory, open '/mnt/data/pickinvoice/pickinvoice-step4/node_modules/next/dist/esm/build/webpack/config/blocks/css/loaders/modules.js'
npm warn tar TAR_ENTRY_ERROR ENOENT: no such file or directory, lstat '/mnt/data/pickinvoice/pickinvoice-step4/node_modules/next/dist/esm/server/lib/squoosh/mozjpeg'
npm warn tar TAR_ENTRY_ERROR ENOENT: no such file or directory, lstat '/mnt/data/pickinvoice/pickinvoice-step4/node_modules/next/dist/server/lib/squoosh/mozjpeg'
npm warn tar TAR_ENTRY_ERROR ENOENT: no such file or directory, lstat '/mnt/data/pickinvoice/pickinvoice-step4/node_modules/next/dist/esm/server/lib/squoosh/mozjpeg'
npm warn tar TAR_ENTRY_ERROR ENOENT: no such file or directory, lstat '/mnt/data/pickinvoice/pickinvoice-step4/node_modules/next/dist/server/lib/squoosh/mozjpeg'
npm warn tar TAR_ENTRY_ERROR ENOENT: no such file or directory, lstat '/mnt/data/pickinvoice/pickinvoice-step4/node_modules/next/dist/experimental/testmode/playwright'
npm warn tar TAR_ENTRY_ERROR ENOENT: no such file or directory, lstat '/mnt/data/pickinvoice/pickinvoice-step4/node_modules/next/dist/client/components/router-reducer/reducers'
npm warn tar TAR_ENTRY_ERROR ENOENT: no such file or directory, lstat '/mnt/data/pickinvoice/pickinvoice-step4/node_modules/next/dist/esm/client/components/router-reducer/reducers'
npm warn tar TAR_ENTRY_ERROR ENOENT: no such file or directory, open '/mnt/data/pickinvoice/pickinvoice-step4/node_modules/next/dist/api/navigation.js'
npm warn tar TAR_ENTRY_ERROR ENOENT: no such file or directory, open '/mnt/data/pickinvoice/pickinvoice-step4/node_modules/next/dist/client/components/navigation.js'
npm warn tar TAR_ENTRY_ERROR ENOENT: no such file or directory, open '/mnt/data/pickinvoice/pickinvoice-step4/node_modules/next/dist/esm/api/navigation.js'
npm warn tar TAR_ENTRY_ERROR ENOENT: no such file or directory, open '/mnt/data/pickinvoice/pickinvoice-step4/node_modules/next/dist/esm/client/components/navigation.js'
npm warn tar TAR_ENTRY_ERROR ENOENT: no such file or directory, open '/mnt/data/pickinvoice/pickinvoice-step4/node_modules/next/dist/api/navigation.react-server.js'
npm warn tar TAR_ENTRY_ERROR ENOENT: no such file or directory, open '/mnt/data/pickinvoice/pickinvoice-step4/node_modules/next/dist/client/components/navigation.react-server.js'
npm warn tar TAR_ENTRY_ERROR ENOENT: no such file or directory, open '/mnt/data/pickinvoice/pickinvoice-step4/node_modules/next/dist/esm/api/navigation.react-server.js'
npm warn tar TAR_ENTRY_ERROR ENOENT: no such file or directory, open '/mnt/data/pickinvoice/pickinvoice-step4/node_modules/next/dist/esm/client/components/navigation.react-server.js'
npm warn tar TAR_ENTRY_ERROR ENOENT: no such file or directory, open '/mnt/data/pickinvoice/pickinvoice-step4/node_modules/next/dist/esm/lib/needs-experimental-react.js'
npm warn tar TAR_ENTRY_ERROR ENOENT: no such file or directory, open '/mnt/data/pickinvoice/pickinvoice-step4/node_modules/next/dist/lib/needs-experimental-react.js'
npm warn tar TAR_ENTRY_ERROR ENOENT: no such file or directory, open '/mnt/data/pickinvoice/pickinvoice-step4/node_modules/next/dist/compiled/@babel/runtime/helpers/esm/newArrowCheck.js'
npm warn tar TAR_ENTRY_ERROR ENOENT: no such file or directory, open '/mnt/data/pickinvoice/pickinvoice-step4/node_modules/next/dist/compiled/@babel/runtime/helpers/newArrowCheck.js'
npm warn tar TAR_ENTRY_ERROR ENOENT: no such file or directory, lstat '/mnt/data/pickinvoice/pickinvoice-step4/node_modules/next/dist/build/webpack'
npm warn tar TAR_ENTRY_ERROR ENOENT: no such file or directory, lstat '/mnt/data/pickinvoice/pickinvoice-step4/node_modules/next/dist/esm/build/webpack'
npm warn tar TAR_ENTRY_ERROR ENOENT: no such file or directory, lstat '/mnt/data/pickinvoice/pickinvoice-step4/node_modules/next/dist/build/webpack'
npm warn tar TAR_ENTRY_ERROR ENOENT: no such file or directory, lstat '/mnt/data/pickinvoice/pickinvoice-step4/node_modules/next/dist/esm/build/webpack'
npm warn tar TAR_ENTRY_ERROR ENOENT: no such file or directory, lstat '/mnt/data/pickinvoice/pickinvoice-step4/node_modules/next/dist/build/webpack'
npm warn tar TAR_ENTRY_ERROR ENOENT: no such file or directory, lstat '/mnt/data/pickinvoice/pickinvoice-step4/node_modules/next/dist/esm/build/webpack'
npm warn tar TAR_ENTRY_ERROR ENOENT: no such file or directory, open '/mnt/data/pickinvoice/pickinvoice-step4/node_modules/next/dist/esm/server/future/normalizers/request/next-data.js'
npm warn tar TAR_ENTRY_ERROR ENOENT: no such file or directory, open '/mnt/data/pickinvoice/pickinvoice-step4/node_modules/next/dist/server/future/normalizers/request/next-data.js'
npm warn tar TAR_ENTRY_ERROR ENOENT: no such file or directory, lstat '/mnt/data/pickinvoice/pickinvoice-step4/node_modules/next/dist/esm/server/dev'
npm warn tar TAR_ENTRY_ERROR ENOENT: no such file or directory, lstat '/mnt/data/pickinvoice/pickinvoice-step4/node_modules/next/dist/server/dev'
npm warn tar TAR_ENTRY_ERROR ENOENT: no such file or directory, open '/mnt/data/pickinvoice/pickinvoice-step4/node_modules/next/dist/client/next-dev-turbopack.js'
npm warn tar TAR_ENTRY_ERROR ENOENT: no such file or directory, open '/mnt/data/pickinvoice/pickinvoice-step4/node_modules/next/dist/esm/client/next-dev-turbopack.js'
npm warn tar TAR_ENTRY_ERROR ENOENT: no such file or directory, open '/mnt/data/pickinvoice/pickinvoice-step4/node_modules/next/dist/client/next-dev.js'
npm warn tar TAR_ENTRY_ERROR ENOENT: no such file or directory, open '/mnt/data/pickinvoice/pickinvoice-step4/node_modules/next/dist/esm/client/next-dev.js'
npm warn tar TAR_ENTRY_ERROR ENOENT: no such file or directory, open '/mnt/data/pickinvoice/pickinvoice-step4/node_modules/next/dist/build/webpack/plugins/next-drop-client-page-plugin.js'
npm warn tar TAR_ENTRY_ERROR ENOENT: no such file or directory, open '/mnt/data/pickinvoice/pickinvoice-step4/node_modules/next/dist/esm/build/webpack/plugins/next-drop-client-page-plugin.js'
npm warn tar TAR_ENTRY_ERROR ENOENT: no such file or directory, lstat '/mnt/data/pickinvoice/pickinvoice-step4/node_modules/next/dist/build/webpack'
npm warn tar TAR_ENTRY_ERROR ENOENT: no such file or directory, lstat '/mnt/data/pickinvoice/pickinvoice-step4/node_modules/next/dist/esm/build/webpack'
npm warn tar TAR_ENTRY_ERROR ENOENT: no such file or directory, lstat '/mnt/data/pickinvoice/pickinvoice-step4/node_modules/next/dist/build/webpack'
npm warn tar TAR_ENTRY_ERROR ENOENT: no such file or directory, lstat '/mnt/data/pickinvoice/pickinvoice-step4/node_modules/next/dist/esm/build/webpack'
npm warn tar TAR_ENTRY_ERROR ENOENT: no such file or directory, lstat '/mnt/data/pickinvoice/pickinvoice-step4/node_modules/next/dist/experimental/testmode/playwright'
npm warn tar TAR_ENTRY_ERROR ENOENT: no such file or directory, lstat '/mnt/data/pickinvoice/pickinvoice-step4/node_modules/next/dist/build/webpack'
npm warn tar TAR_ENTRY_ERROR ENOENT: no such file or directory, lstat '/mnt/data/pickinvoice/pickinvoice-step4/node_modules/next/dist/esm/build/webpack'
npm warn tar TAR_ENTRY_ERROR ENOENT: no such file or directory, lstat '/mnt/data/pickinvoice/pickinvoice-step4/node_modules/next/dist/build/webpack'
npm warn tar TAR_ENTRY_ERROR ENOENT: no such file or directory, lstat '/mnt/data/pickinvoice/pickinvoice-step4/node_modules/next/dist/esm/build/webpack'
npm warn tar TAR_ENTRY_ERROR ENOENT: no such file or directory, lstat '/mnt/data/pickinvoice/pickinvoice-step4/node_modules/next/dist/build/webpack'
npm warn tar TAR_ENTRY_ERROR ENOENT: no such file or directory, lstat '/mnt/data/pickinvoice/pickinvoice-step4/node_modules/next/dist/esm/build/webpack'
npm warn tar TAR_ENTRY_ERROR ENOENT: no such file or directory, lstat '/mnt/data/pickinvoice/pickinvoice-step4/node_modules/next/dist/build/webpack'
npm warn tar TAR_ENTRY_ERROR ENOENT: no such file or directory, lstat '/mnt/data/pickinvoice/pickinvoice-step4/node_modules/next/dist/esm/build/webpack'
npm warn tar TAR_ENTRY_ERROR ENOENT: no such file or directory, open '/mnt/data/pickinvoice/pickinvoice-step4/node_modules/next/dist/compiled/@next/font/dist/next-font-error.js'
npm warn tar TAR_ENTRY_ERROR ENOENT: no such file or directory, open '/mnt/data/pickinvoice/pickinvoice-step4/node_modules/next/dist/build/webpack/plugins/next-font-manifest-plugin.js'
npm warn tar TAR_ENTRY_ERROR ENOENT: no such file or directory, open '/mnt/data/pickinvoice/pickinvoice-step4/node_modules/next/dist/esm/build/webpack/plugins/next-font-manifest-plugin.js'
npm warn tar TAR_ENTRY_ERROR ENOENT: no such file or directory, open '/mnt/data/pickinvoice/pickinvoice-step4/node_modules/next/dist/build/babel/plugins/next-font-unsupported.js'
npm warn tar TAR_ENTRY_ERROR ENOENT: no such file or directory, open '/mnt/data/pickinvoice/pickinvoice-step4/node_modules/next/dist/esm/build/babel/plugins/next-font-unsupported.js'
npm warn tar TAR_ENTRY_ERROR ENOENT: no such file or directory, open '/mnt/data/pickinvoice/pickinvoice-step4/node_modules/next/dist/build/webpack/config/blocks/css/loaders/next-font.js'
npm warn tar TAR_ENTRY_ERROR ENOENT: no such file or directory, open '/mnt/data/pickinvoice/pickinvoice-step4/node_modules/next/dist/esm/build/webpack/config/blocks/css/loaders/next-font.js'
npm warn tar TAR_ENTRY_ERROR ENOENT: no such file or directory, lstat '/mnt/data/pickinvoice/pickinvoice-step4/node_modules/next/dist/build/webpack'
npm warn tar TAR_ENTRY_ERROR ENOENT: no such file or directory, lstat '/mnt/data/pickinvoice/pickinvoice-step4/node_modules/next/dist/esm/build/webpack'
npm warn tar TAR_ENTRY_ERROR ENOENT: no such file or directory, lstat '/mnt/data/pickinvoice/pickinvoice-step4/node_modules/next/dist/build/webpack'
npm warn tar TAR_ENTRY_ERROR ENOENT: no such file or directory, lstat '/mnt/data/pickinvoice/pickinvoice-step4/node_modules/next/dist/esm/build/webpack'
npm warn tar TAR_ENTRY_ERROR ENOENT: no such file or directory, lstat '/mnt/data/pickinvoice/pickinvoice-step4/node_modules/next/dist/build/webpack'
npm warn tar TAR_ENTRY_ERROR ENOENT: no such file or directory, lstat '/mnt/data/pickinvoice/pickinvoice-step4/node_modules/next/dist/esm/build/webpack'
npm warn tar TAR_ENTRY_ERROR ENOENT: no such file or directory, lstat '/mnt/data/pickinvoice/pickinvoice-step4/node_modules/next/dist/build/webpack'
npm warn tar TAR_ENTRY_ERROR ENOENT: no such file or directory, lstat '/mnt/data/pickinvoice/pickinvoice-step4/node_modules/next/dist/esm/build/webpack'
npm warn tar TAR_ENTRY_ERROR ENOENT: no such file or directory, lstat '/mnt/data/pickinvoice/pickinvoice-step4/node_modules/next/dist/build/webpack'
npm warn tar TAR_ENTRY_ERROR ENOENT: no such file or directory, lstat '/mnt/data/pickinvoice/pickinvoice-step4/node_modules/next/dist/esm/build/webpack'
npm warn tar TAR_ENTRY_ERROR ENOENT: no such file or directory, lstat '/mnt/data/pickinvoice/pickinvoice-step4/node_modules/next/dist/build/webpack'
npm warn tar TAR_ENTRY_ERROR ENOENT: no such file or directory, lstat '/mnt/data/pickinvoice/pickinvoice-step4/node_modules/next/dist/esm/build/webpack'
npm warn tar TAR_ENTRY_ERROR ENOENT: no such file or directory, lstat '/mnt/data/pickinvoice/pickinvoice-step4/node_modules/next/dist/experimental/testmode/playwright'
npm warn tar TAR_ENTRY_ERROR ENOENT: no such file or directory, open '/mnt/data/pickinvoice/pickinvoice-step4/node_modules/next/dist/build/babel/plugins/next-page-config.js'
npm warn tar TAR_ENTRY_ERROR ENOENT: no such file or directory, open '/mnt/data/pickinvoice/pickinvoice-step4/node_modules/next/dist/esm/build/babel/plugins/next-page-config.js'
npm warn tar TAR_ENTRY_ERROR ENOENT: no such file or directory, open '/mnt/data/pickinvoice/pickinvoice-step4/node_modules/next/dist/build/babel/plugins/next-page-disallow-re-export-all-exports.js'
npm warn tar TAR_ENTRY_ERROR ENOENT: no such file or directory, open '/mnt/data/pickinvoice/pickinvoice-step4/node_modules/next/dist/esm/build/babel/plugins/next-page-disallow-re-export-all-exports.js'
npm warn tar TAR_ENTRY_ERROR ENOENT: no such file or directory, lstat '/mnt/data/pickinvoice/pickinvoice-step4/node_modules/next/dist/esm/server/web/spec-extension/adapters'
npm warn tar TAR_ENTRY_ERROR ENOENT: no such file or directory, lstat '/mnt/data/pickinvoice/pickinvoice-step4/node_modules/next/dist/server/web/spec-extension/adapters'
npm warn tar TAR_ENTRY_ERROR ENOENT: no such file or directory, open '/mnt/data/pickinvoice/pickinvoice-step4/node_modules/next/dist/esm/server/next-server.js'
npm warn tar TAR_ENTRY_ERROR ENOENT: no such file or directory, open '/mnt/data/pickinvoice/pickinvoice-step4/node_modules/next/dist/server/next-server.js'
npm warn tar TAR_ENTRY_ERROR ENOENT: no such file or directory, open '/mnt/data/pickinvoice/pickinvoice-step4/node_modules/next/dist/build/babel/plugins/next-ssg-transform.js'
npm warn tar TAR_ENTRY_ERROR ENOENT: no such file or directory, open '/mnt/data/pickinvoice/pickinvoice-step4/node_modules/next/dist/esm/build/babel/plugins/next-ssg-transform.js'
npm warn tar TAR_ENTRY_ERROR ENOENT: no such file or directory, lstat '/mnt/data/pickinvoice/pickinvoice-step4/node_modules/next/dist/build/webpack'
npm warn tar TAR_ENTRY_ERROR ENOENT: no such file or directory, lstat '/mnt/data/pickinvoice/pickinvoice-step4/node_modules/next/dist/esm/build/webpack'
npm warn tar TAR_ENTRY_ERROR ENOENT: no such file or directory, open '/mnt/data/pickinvoice/pickinvoice-step4/node_modules/next/dist/build/webpack/plugins/next-trace-entrypoints-plugin.js'
npm warn tar TAR_ENTRY_ERROR ENOENT: no such file or directory, open '/mnt/data/pickinvoice/pickinvoice-step4/node_modules/next/dist/esm/build/webpack/plugins/next-trace-entrypoints-plugin.js'
npm warn tar TAR_ENTRY_ERROR ENOENT: no such file or directory, open '/mnt/data/pickinvoice/pickinvoice-step4/node_modules/next/dist/esm/server/next-typescript.js'
npm warn tar TAR_ENTRY_ERROR ENOENT: no such file or directory, open '/mnt/data/pickinvoice/pickinvoice-step4/node_modules/next/dist/server/next-typescript.js'
npm warn tar TAR_ENTRY_ERROR ENOENT: no such file or directory, open '/mnt/data/pickinvoice/pickinvoice-step4/node_modules/next/dist/esm/server/web/next-url.js'
npm warn tar TAR_ENTRY_ERROR ENOENT: no such file or directory, open '/mnt/data/pickinvoice/pickinvoice-step4/node_modules/next/dist/server/web/next-url.js'
npm warn tar TAR_ENTRY_ERROR ENOENT: no such file or directory, lstat '/mnt/data/pickinvoice/pickinvoice-step4/node_modules/next/dist/experimental/testmode/playwright'
npm warn tar TAR_ENTRY_ERROR ENOENT: no such file or directory, open '/mnt/data/pickinvoice/pickinvoice-step4/node_modules/next/dist/client/next.js'
npm warn tar TAR_ENTRY_ERROR ENOENT: no such file or directory, open '/mnt/data/pickinvoice/pickinvoice-step4/node_modules/next/dist/esm/client/next.js'
npm warn tar TAR_ENTRY_ERROR ENOENT: no such file or directory, open '/mnt/data/pickinvoice/pickinvoice-step4/node_modules/next/dist/esm/server/next.js'
npm warn tar TAR_ENTRY_ERROR ENOENT: no such file or directory, open '/mnt/data/pickinvoice/pickinvoice-step4/node_modules/next/dist/server/next.js'
npm warn tar TAR_ENTRY_ERROR ENOENT: no such file or directory, lstat '/mnt/data/pickinvoice/pickinvoice-step4/node_modules/next/dist/build/jest'
npm warn tar TAR_ENTRY_ERROR ENOENT: no such file or directory, open '/mnt/data/pickinvoice/pickinvoice-step4/node_modules/next/dist/build/webpack/plugins/nextjs-require-cache-hot-reloader.js'
npm warn tar TAR_ENTRY_ERROR ENOENT: no such file or directory, open '/mnt/data/pickinvoice/pickinvoice-step4/node_modules/next/dist/esm/build/webpack/plugins/nextjs-require-cache-hot-reloader.js'
npm warn tar TAR_ENTRY_ERROR ENOENT: no such file or directory, open '/mnt/data/pickinvoice/pickinvoice-step4/node_modules/next/dist/esm/server/node-environment.js'
npm warn tar TAR_ENTRY_ERROR ENOENT: no such file or directory, open '/mnt/data/pickinvoice/pickinvoice-step4/node_modules/next/dist/server/node-environment.js'
npm warn tar TAR_ENTRY_ERROR ENOENT: no such file or directory, open '/mnt/data/pickinvoice/pickinvoice-step4/node_modules/next/dist/esm/server/lib/node-fs-methods.js'
npm warn tar TAR_ENTRY_ERROR ENOENT: no such file or directory, open '/mnt/data/pickinvoice/pickinvoice-step4/node_modules/next/dist/server/lib/node-fs-methods.js'
npm warn tar TAR_ENTRY_ERROR ENOENT: no such file or directory, lstat '/mnt/data/pickinvoice/pickinvoice-step4/node_modules/next/dist/esm/server/future'
npm warn tar TAR_ENTRY_ERROR ENOENT: no such file or directory, lstat '/mnt/data/pickinvoice/pickinvoice-step4/node_modules/next/dist/server/future'
npm warn tar TAR_ENTRY_ERROR ENOENT: no such file or directory, lstat '/mnt/data/pickinvoice/pickinvoice-step4/node_modules/next/dist/esm/server/future'
npm warn tar TAR_ENTRY_ERROR ENOENT: no such file or directory, lstat '/mnt/data/pickinvoice/pickinvoice-step4/node_modules/next/dist/server/future'
npm warn tar TAR_ENTRY_ERROR ENOENT: no such file or directory, open '/mnt/data/pickinvoice/pickinvoice-step4/node_modules/next/dist/esm/server/node-polyfill-crypto.js'
npm warn tar TAR_ENTRY_ERROR ENOENT: no such file or directory, open '/mnt/data/pickinvoice/pickinvoice-step4/node_modules/next/dist/server/node-polyfill-crypto.js'
npm warn tar TAR_ENTRY_ERROR ENOENT: no such file or directory, open '/mnt/data/pickinvoice/pickinvoice-step4/node_modules/next/dist/compiled/react-server-dom-turbopack-experimental/node-register.js'
npm warn tar TAR_ENTRY_ERROR ENOENT: no such file or directory, open '/mnt/data/pickinvoice/pickinvoice-step4/node_modules/next/dist/compiled/react-server-dom-turbopack/node-register.js'
npm warn tar TAR_ENTRY_ERROR ENOENT: no such file or directory, open '/mnt/data/pickinvoice/pickinvoice-step4/node_modules/next/dist/compiled/react-server-dom-webpack-experimental/node-register.js'
npm warn tar TAR_ENTRY_ERROR ENOENT: no such file or directory, open '/mnt/data/pickinvoice/pickinvoice-step4/node_modules/next/dist/compiled/react-server-dom-webpack/node-register.js'
npm warn tar TAR_ENTRY_ERROR ENOENT: no such file or directory, lstat '/mnt/data/pickinvoice/pickinvoice-step4/node_modules/next/dist/esm/server/stream-utils'
npm warn tar TAR_ENTRY_ERROR ENOENT: no such file or directory, lstat '/mnt/data/pickinvoice/pickinvoice-step4/node_modules/next/dist/server/stream-utils'
npm warn tar TAR_ENTRY_ERROR ENOENT: no such file or directory, lstat '/mnt/data/pickinvoice/pickinvoice-step4/node_modules/next/dist/esm/server/base-http'
npm warn tar TAR_ENTRY_ERROR ENOENT: no such file or directory, lstat '/mnt/data/pickinvoice/pickinvoice-step4/node_modules/next/dist/server/base-http'
npm warn tar TAR_ENTRY_ERROR ENOENT: no such file or directory, open '/mnt/data/pickinvoice/pickinvoice-step4/node_modules/next/dist/compiled/webpack/NodeEnvironmentPlugin.js'
npm warn tar TAR_ENTRY_ERROR ENOENT: no such file or directory, lstat '/mnt/data/pickinvoice/pickinvoice-step4/node_modules/next/dist/client/components/react-dev-overlay'
npm warn tar TAR_ENTRY_ERROR ENOENT: no such file or directory, lstat '/mnt/data/pickinvoice/pickinvoice-step4/node_modules/next/dist/esm/client/components/react-dev-overlay'
npm warn tar TAR_ENTRY_ERROR ENOENT: no such file or directory, open '/mnt/data/pickinvoice/pickinvoice-step4/node_modules/next/dist/compiled/webpack/NodeTargetPlugin.js'
npm warn tar TAR_ENTRY_ERROR ENOENT: no such file or directory, open '/mnt/data/pickinvoice/pickinvoice-step4/node_modules/next/dist/compiled/webpack/NodeTemplatePlugin.js'
npm warn tar TAR_ENTRY_ERROR ENOENT: no such file or directory, open '/mnt/data/pickinvoice/pickinvoice-step4/node_modules/next/dist/esm/lib/non-nullable.js'
npm warn tar TAR_ENTRY_ERROR ENOENT: no such file or directory, open '/mnt/data/pickinvoice/pickinvoice-step4/node_modules/next/dist/lib/non-nullable.js'
npm warn tar TAR_ENTRY_ERROR ENOENT: no such file or directory, open '/mnt/data/pickinvoice/pickinvoice-step4/node_modules/next/dist/compiled/@babel/runtime/helpers/esm/nonIterableRest.js'
npm warn tar TAR_ENTRY_ERROR ENOENT: no such file or directory, open '/mnt/data/pickinvoice/pickinvoice-step4/node_modules/next/dist/compiled/@babel/runtime/helpers/nonIterableRest.js'
npm warn tar TAR_ENTRY_ERROR ENOENT: no such file or directory, open '/mnt/data/pickinvoice/pickinvoice-step4/node_modules/next/dist/compiled/@babel/runtime/helpers/esm/nonIterableSpread.js'
npm warn tar TAR_ENTRY_ERROR ENOENT: no such file or directory, open '/mnt/data/pickinvoice/pickinvoice-step4/node_modules/next/dist/compiled/@babel/runtime/helpers/nonIterableSpread.js'
npm warn tar TAR_ENTRY_ERROR ENOENT: no such file or directory, open '/mnt/data/pickinvoice/pickinvoice-step4/node_modules/next/dist/client/components/noop-head.js'
npm warn tar TAR_ENTRY_ERROR ENOENT: no such file or directory, open '/mnt/data/pickinvoice/pickinvoice-step4/node_modules/next/dist/esm/client/components/noop-head.js'
npm warn tar TAR_ENTRY_ERROR ENOENT: no such file or directory, lstat '/mnt/data/pickinvoice/pickinvoice-step4/node_modules/next/dist/client/components/react-dev-overlay'
npm warn tar TAR_ENTRY_ERROR ENOENT: no such file or directory, lstat '/mnt/data/pickinvoice/pickinvoice-step4/node_modules/next/dist/esm/client/components/react-dev-overlay'
npm warn tar TAR_ENTRY_ERROR ENOENT: no such file or directory, open '/mnt/data/pickinvoice/pickinvoice-step4/node_modules/next/dist/client/dev/noop-turbopack-hmr.js'
npm warn tar TAR_ENTRY_ERROR ENOENT: no such file or directory, open '/mnt/data/pickinvoice/pickinvoice-step4/node_modules/next/dist/esm/client/dev/noop-turbopack-hmr.js'
npm warn tar TAR_ENTRY_ERROR ENOENT: no such file or directory, open '/mnt/data/pickinvoice/pickinvoice-step4/node_modules/next/dist/build/normalize-catchall-routes.js'
npm warn tar TAR_ENTRY_ERROR ENOENT: no such file or directory, open '/mnt/data/pickinvoice/pickinvoice-step4/node_modules/next/dist/esm/build/normalize-catchall-routes.js'
npm warn tar TAR_ENTRY_ERROR ENOENT: no such file or directory, open '/mnt/data/pickinvoice/pickinvoice-step4/node_modules/next/dist/client/normalize-locale-path.js'
npm warn tar TAR_ENTRY_ERROR ENOENT: no such file or directory, open '/mnt/data/pickinvoice/pickinvoice-step4/node_modules/next/dist/esm/client/normalize-locale-path.js'
npm warn tar TAR_ENTRY_ERROR ENOENT: no such file or directory, lstat '/mnt/data/pickinvoice/pickinvoice-step4/node_modules/next/dist/esm/shared/lib/i18n'
npm warn tar TAR_ENTRY_ERROR ENOENT: no such file or directory, lstat '/mnt/data/pickinvoice/pickinvoice-step4/node_modules/next/dist/shared/lib/i18n'
npm warn tar TAR_ENTRY_ERROR ENOENT: no such file or directory, open '/mnt/data/pickinvoice/pickinvoice-step4/node_modules/next/dist/esm/shared/lib/page-path/normalize-page-path.js'
npm warn tar TAR_ENTRY_ERROR ENOENT: no such file or directory, open '/mnt/data/pickinvoice/pickinvoice-step4/node_modules/next/dist/shared/lib/page-path/normalize-page-path.js'
npm warn tar TAR_ENTRY_ERROR ENOENT: no such file or directory, open '/mnt/data/pickinvoice/pickinvoice-step4/node_modules/next/dist/esm/shared/lib/page-path/normalize-path-sep.js'
npm warn tar TAR_ENTRY_ERROR ENOENT: no such file or directory, open '/mnt/data/pickinvoice/pickinvoice-step4/node_modules/next/dist/shared/lib/page-path/normalize-path-sep.js'
npm warn tar TAR_ENTRY_ERROR ENOENT: no such file or directory, open '/mnt/data/pickinvoice/pickinvoice-step4/node_modules/next/dist/client/normalize-trailing-slash.js'
npm warn tar TAR_ENTRY_ERROR ENOENT: no such file or directory, open '/mnt/data/pickinvoice/pickinvoice-step4/node_modules/next/dist/esm/client/normalize-trailing-slash.js'
npm warn tar TAR_ENTRY_ERROR ENOENT: no such file or directory, open '/mnt/data/pickinvoice/pickinvoice-step4/node_modules/next/dist/esm/shared/lib/normalized-asset-prefix.js'
npm warn tar TAR_ENTRY_ERROR ENOENT: no such file or directory, open '/mnt/data/pickinvoice/pickinvoice-step4/node_modules/next/dist/shared/lib/normalized-asset-prefix.js'
npm warn tar TAR_ENTRY_ERROR ENOENT: no such file or directory, open '/mnt/data/pickinvoice/pickinvoice-step4/node_modules/next/dist/esm/server/future/normalizers/normalizer.js'
npm warn tar TAR_ENTRY_ERROR ENOENT: no such file or directory, open '/mnt/data/pickinvoice/pickinvoice-step4/node_modules/next/dist/server/future/normalizers/normalizer.js'
npm warn tar TAR_ENTRY_ERROR ENOENT: no such file or directory, open '/mnt/data/pickinvoice/pickinvoice-step4/node_modules/next/dist/esm/server/future/normalizers/normalizers.js'
npm warn tar TAR_ENTRY_ERROR ENOENT: no such file or directory, open '/mnt/data/pickinvoice/pickinvoice-step4/node_modules/next/dist/server/future/normalizers/normalizers.js'
npm warn tar TAR_ENTRY_ERROR ENOENT: no such file or directory, open '/mnt/data/pickinvoice/pickinvoice-step4/node_modules/next/dist/compiled/webpack/NormalModule.js'
npm warn tar TAR_ENTRY_ERROR ENOENT: no such file or directory, open '/mnt/data/pickinvoice/pickinvoice-step4/node_modules/next/dist/client/components/not-found-boundary.js'
npm warn tar TAR_ENTRY_ERROR ENOENT: no such file or directory, open '/mnt/data/pickinvoice/pickinvoice-step4/node_modules/next/dist/esm/client/components/not-found-boundary.js'
npm warn tar TAR_ENTRY_ERROR ENOENT: no such file or directory, open '/mnt/data/pickinvoice/pickinvoice-step4/node_modules/next/dist/client/components/not-found-error.js'
npm warn tar TAR_ENTRY_ERROR ENOENT: no such file or directory, open '/mnt/data/pickinvoice/pickinvoice-step4/node_modules/next/dist/esm/client/components/not-found-error.js'
npm warn tar TAR_ENTRY_ERROR ENOENT: no such file or directory, open '/mnt/data/pickinvoice/pickinvoice-step4/node_modules/next/dist/client/components/not-found.js'
npm warn tar TAR_ENTRY_ERROR ENOENT: no such file or directory, open '/mnt/data/pickinvoice/pickinvoice-step4/node_modules/next/dist/esm/client/components/not-found.js'
npm warn tar TAR_ENTRY_ERROR ENOENT: no such file or directory, lstat '/mnt/data/pickinvoice/pickinvoice-step4/node_modules/next/dist/build/polyfills'
npm warn tar TAR_ENTRY_ERROR ENOENT: no such file or directory, lstat '/mnt/data/pickinvoice/pickinvoice-step4/node_modules/next/dist/esm/build/polyfills'
npm warn tar TAR_ENTRY_ERROR ENOENT: no such file or directory, lstat '/mnt/data/pickinvoice/pickinvoice-step4/node_modules/next/dist/build/jest'
npm warn tar TAR_ENTRY_ERROR ENOENT: no such file or directory, open '/mnt/data/pickinvoice/pickinvoice-step4/node_modules/next/dist/compiled/@babel/runtime/helpers/esm/objectDestructuringEmpty.js'
npm warn tar TAR_ENTRY_ERROR ENOENT: no such file or directory, open '/mnt/data/pickinvoice/pickinvoice-step4/node_modules/next/dist/compiled/@babel/runtime/helpers/objectDestructuringEmpty.js'
npm warn tar TAR_ENTRY_ERROR ENOENT: no such file or directory, open '/mnt/data/pickinvoice/pickinvoice-step4/node_modules/next/dist/compiled/@babel/runtime/helpers/esm/objectSpread.js'
npm warn tar TAR_ENTRY_ERROR ENOENT: no such file or directory, open '/mnt/data/pickinvoice/pickinvoice-step4/node_modules/next/dist/compiled/@babel/runtime/helpers/objectSpread.js'
npm warn tar TAR_ENTRY_ERROR ENOENT: no such file or directory, open '/mnt/data/pickinvoice/pickinvoice-step4/node_modules/next/dist/compiled/@babel/runtime/helpers/esm/objectSpread2.js'
npm warn tar TAR_ENTRY_ERROR ENOENT: no such file or directory, open '/mnt/data/pickinvoice/pickinvoice-step4/node_modules/next/dist/compiled/@babel/runtime/helpers/objectSpread2.js'
npm warn tar TAR_ENTRY_ERROR ENOENT: no such file or directory, open '/mnt/data/pickinvoice/pickinvoice-step4/node_modules/next/dist/compiled/@babel/runtime/helpers/esm/objectWithoutProperties.js'
npm warn tar TAR_ENTRY_ERROR ENOENT: no such file or directory, open '/mnt/data/pickinvoice/pickinvoice-step4/node_modules/next/dist/compiled/@babel/runtime/helpers/objectWithoutProperties.js'
npm warn tar TAR_ENTRY_ERROR ENOENT: no such file or directory, open '/mnt/data/pickinvoice/pickinvoice-step4/node_modules/next/dist/compiled/@babel/runtime/helpers/esm/objectWithoutPropertiesLoose.js'
npm warn tar TAR_ENTRY_ERROR ENOENT: no such file or directory, open '/mnt/data/pickinvoice/pickinvoice-step4/node_modules/next/dist/compiled/@babel/runtime/helpers/objectWithoutPropertiesLoose.js'
npm warn tar TAR_ENTRY_ERROR ENOENT: no such file or directory, open '/mnt/data/pickinvoice/pickinvoice-step4/node_modules/next/dist/api/og.js'
npm warn tar TAR_ENTRY_ERROR ENOENT: no such file or directory, open '/mnt/data/pickinvoice/pickinvoice-step4/node_modules/next/dist/esm/api/og.js'
npm warn tar TAR_ENTRY_ERROR ENOENT: no such file or directory, open '/mnt/data/pickinvoice/pickinvoice-step4/node_modules/next/dist/esm/shared/lib/router/utils/omit.js'
npm warn tar TAR_ENTRY_ERROR ENOENT: no such file or directory, open '/mnt/data/pickinvoice/pickinvoice-step4/node_modules/next/dist/shared/lib/router/utils/omit.js'
npm warn tar TAR_ENTRY_ERROR ENOENT: no such file or directory, open '/mnt/data/pickinvoice/pickinvoice-step4/node_modules/next/dist/client/dev/on-demand-entries-client.js'
npm warn tar TAR_ENTRY_ERROR ENOENT: no such file or directory, open '/mnt/data/pickinvoice/pickinvoice-step4/node_modules/next/dist/esm/client/dev/on-demand-entries-client.js'
npm warn tar TAR_ENTRY_ERROR ENOENT: no such file or directory, lstat '/mnt/data/pickinvoice/pickinvoice-step4/node_modules/next/dist/esm/server/dev'
npm warn tar TAR_ENTRY_ERROR ENOENT: no such file or directory, lstat '/mnt/data/pickinvoice/pickinvoice-step4/node_modules/next/dist/server/dev'
npm warn tar TAR_ENTRY_ERROR ENOENT: no such file or directory, open '/mnt/data/pickinvoice/pickinvoice-step4/node_modules/next/dist/client/on-recoverable-error.js'
npm warn tar TAR_ENTRY_ERROR ENOENT: no such file or directory, open '/mnt/data/pickinvoice/pickinvoice-step4/node_modules/next/dist/esm/client/on-recoverable-error.js'
npm warn tar TAR_ENTRY_ERROR ENOENT: no such file or directory, open '/mnt/data/pickinvoice/pickinvoice-step4/node_modules/next/dist/esm/lib/metadata/types/opengraph-types.js'
npm warn tar TAR_ENTRY_ERROR ENOENT: no such file or directory, open '/mnt/data/pickinvoice/pickinvoice-step4/node_modules/next/dist/lib/metadata/types/opengraph-types.js'
npm warn tar TAR_ENTRY_ERROR ENOENT: no such file or directory, open '/mnt/data/pickinvoice/pickinvoice-step4/node_modules/next/dist/esm/lib/metadata/generate/opengraph.js'
npm warn tar TAR_ENTRY_ERROR ENOENT: no such file or directory, open '/mnt/data/pickinvoice/pickinvoice-step4/node_modules/next/dist/lib/metadata/generate/opengraph.js'
npm warn tar TAR_ENTRY_ERROR ENOENT: no such file or directory, open '/mnt/data/pickinvoice/pickinvoice-step4/node_modules/next/dist/esm/server/optimize-amp.js'
npm warn tar TAR_ENTRY_ERROR ENOENT: no such file or directory, open '/mnt/data/pickinvoice/pickinvoice-step4/node_modules/next/dist/server/optimize-amp.js'
npm warn tar TAR_ENTRY_ERROR ENOENT: no such file or directory, open '/mnt/data/pickinvoice/pickinvoice-step4/node_modules/next/dist/build/babel/plugins/optimize-hook-destructuring.js'
npm warn tar TAR_ENTRY_ERROR ENOENT: no such file or directory, open '/mnt/data/pickinvoice/pickinvoice-step4/node_modules/next/dist/esm/build/babel/plugins/optimize-hook-destructuring.js'
npm warn tar TAR_ENTRY_ERROR ENOENT: no such file or directory, open '/mnt/data/pickinvoice/pickinvoice-step4/node_modules/next/dist/build/webpack/plugins/optional-peer-dependency-resolve-plugin.js'
npm warn tar TAR_ENTRY_ERROR ENOENT: no such file or directory, open '/mnt/data/pickinvoice/pickinvoice-step4/node_modules/next/dist/esm/build/webpack/plugins/optional-peer-dependency-resolve-plugin.js'
npm warn tar TAR_ENTRY_ERROR ENOENT: no such file or directory, lstat '/mnt/data/pickinvoice/pickinvoice-step4/node_modules/next/dist/build/swc'
npm warn tar TAR_ENTRY_ERROR ENOENT: no such file or directory, lstat '/mnt/data/pickinvoice/pickinvoice-step4/node_modules/next/dist/esm/build/swc'
npm warn tar TAR_ENTRY_ERROR ENOENT: no such file or directory, open '/mnt/data/pickinvoice/pickinvoice-step4/node_modules/next/dist/client/components/react-dev-overlay/internal/components/Overlay/Overlay.js'
npm warn tar TAR_ENTRY_ERROR ENOENT: no such file or directory, open '/mnt/data/pickinvoice/pickinvoice-step4/node_modules/next/dist/esm/client/components/react-dev-overlay/internal/components/Overlay/Overlay.js'
npm warn tar TAR_ENTRY_ERROR ENOENT: no such file or directory, open '/mnt/data/pickinvoice/pickinvoice-step4/node_modules/next/dist/compiled/@babel/runtime/helpers/esm/OverloadYield.js'
npm warn tar TAR_ENTRY_ERROR ENOENT: no such file or directory, open '/mnt/data/pickinvoice/pickinvoice-step4/node_modules/next/dist/compiled/@babel/runtime/helpers/OverloadYield.js'
npm warn tar TAR_ENTRY_ERROR ENOENT: no such file or directory, open '/mnt/data/pickinvoice/pickinvoice-step4/node_modules/next/dist/esm/lib/oxford-comma-list.js'
npm warn tar TAR_ENTRY_ERROR ENOENT: no such file or directory, open '/mnt/data/pickinvoice/pickinvoice-step4/node_modules/next/dist/lib/oxford-comma-list.js'
npm warn tar TAR_ENTRY_ERROR ENOENT: no such file or directory, open '/mnt/data/pickinvoice/pickinvoice-step4/node_modules/next/dist/compiled/webpack/package.js'
npm warn tar TAR_ENTRY_ERROR ENOENT: no such file or directory, open '/mnt/data/pickinvoice/pickinvoice-step4/node_modules/next/dist/client/page-bootstrap.js'
npm warn tar TAR_ENTRY_ERROR ENOENT: no such file or directory, open '/mnt/data/pickinvoice/pickinvoice-step4/node_modules/next/dist/esm/client/page-bootstrap.js'
npm warn tar TAR_ENTRY_ERROR ENOENT: no such file or directory, open '/mnt/data/pickinvoice/pickinvoice-step4/node_modules/next/dist/build/page-extensions-type.js'
npm warn tar TAR_ENTRY_ERROR ENOENT: no such file or directory, open '/mnt/data/pickinvoice/pickinvoice-step4/node_modules/next/dist/esm/build/page-extensions-type.js'
npm warn tar TAR_ENTRY_ERROR ENOENT: no such file or directory, open '/mnt/data/pickinvoice/pickinvoice-step4/node_modules/next/dist/client/page-loader.js'
npm warn tar TAR_ENTRY_ERROR ENOENT: no such file or directory, open '/mnt/data/pickinvoice/pickinvoice-step4/node_modules/next/dist/esm/client/page-loader.js'
npm warn tar TAR_ENTRY_ERROR ENOENT: no such file or directory, lstat '/mnt/data/pickinvoice/pickinvoice-step4/node_modules/next/dist/experimental/testmode/playwright'
npm warn tar TAR_ENTRY_ERROR ENOENT: no such file or directory, open '/mnt/data/pickinvoice/pickinvoice-step4/node_modules/next/dist/esm/lib/page-types.js'
npm warn tar TAR_ENTRY_ERROR ENOENT: no such file or directory, open '/mnt/data/pickinvoice/pickinvoice-step4/node_modules/next/dist/lib/page-types.js'
npm warn tar TAR_ENTRY_ERROR ENOENT: no such file or directory, open '/mnt/data/pickinvoice/pickinvoice-step4/node_modules/next/dist/esm/server/future/route-definitions/pages-api-route-definition.js'
npm warn tar TAR_ENTRY_ERROR ENOENT: no such file or directory, open '/mnt/data/pickinvoice/pickinvoice-step4/node_modules/next/dist/server/future/route-definitions/pages-api-route-definition.js'
npm warn tar TAR_ENTRY_ERROR ENOENT: no such file or directory, open '/mnt/data/pickinvoice/pickinvoice-step4/node_modules/next/dist/esm/server/future/route-matches/pages-api-route-match.js'
npm warn tar TAR_ENTRY_ERROR ENOENT: no such file or directory, open '/mnt/data/pickinvoice/pickinvoice-step4/node_modules/next/dist/server/future/route-matches/pages-api-route-match.js'
npm warn tar TAR_ENTRY_ERROR ENOENT: no such file or directory, open '/mnt/data/pickinvoice/pickinvoice-step4/node_modules/next/dist/esm/server/future/route-matcher-providers/pages-api-route-matcher-provider.js'
npm warn tar TAR_ENTRY_ERROR ENOENT: no such file or directory, open '/mnt/data/pickinvoice/pickinvoice-step4/node_modules/next/dist/server/future/route-matcher-providers/pages-api-route-matcher-provider.js'
npm warn tar TAR_ENTRY_ERROR ENOENT: no such file or directory, open '/mnt/data/pickinvoice/pickinvoice-step4/node_modules/next/dist/esm/server/future/route-matchers/pages-api-route-matcher.js'
npm warn tar TAR_ENTRY_ERROR ENOENT: no such file or directory, open '/mnt/data/pickinvoice/pickinvoice-step4/node_modules/next/dist/server/future/route-matchers/pages-api-route-matcher.js'
npm warn tar TAR_ENTRY_ERROR ENOENT: no such file or directory, open '/mnt/data/pickinvoice/pickinvoice-step4/node_modules/next/dist/compiled/next-server/pages-api-turbo.runtime.prod.js'
npm warn tar TAR_ENTRY_ERROR ENOENT: no such file or directory, open '/mnt/data/pickinvoice/pickinvoice-step4/node_modules/next/dist/build/templates/pages-api.js'
npm warn tar TAR_ENTRY_ERROR ENOENT: no such file or directory, open '/mnt/data/pickinvoice/pickinvoice-step4/node_modules/next/dist/esm/build/templates/pages-api.js'
npm warn tar TAR_ENTRY_ERROR ENOENT: no such file or directory, open '/mnt/data/pickinvoice/pickinvoice-step4/node_modules/next/dist/compiled/next-server/pages-api.runtime.dev.js'
npm warn tar TAR_ENTRY_ERROR ENOENT: no such file or directory, open '/mnt/data/pickinvoice/pickinvoice-step4/node_modules/next/dist/compiled/next-server/pages-api.runtime.prod.js'
npm warn tar TAR_ENTRY_ERROR ENOENT: no such file or directory, lstat '/mnt/data/pickinvoice/pickinvoice-step4/node_modules/next/dist/esm/server/future'
npm warn tar TAR_ENTRY_ERROR ENOENT: no such file or directory, lstat '/mnt/data/pickinvoice/pickinvoice-step4/node_modules/next/dist/server/future'
npm warn tar TAR_ENTRY_ERROR ENOENT: no such file or directory, open '/mnt/data/pickinvoice/pickinvoice-step4/node_modules/next/dist/build/templates/pages-edge-api.js'
npm warn tar TAR_ENTRY_ERROR ENOENT: no such file or directory, open '/mnt/data/pickinvoice/pickinvoice-step4/node_modules/next/dist/esm/build/templates/pages-edge-api.js'
npm warn tar TAR_ENTRY_ERROR ENOENT: no such file or directory, lstat '/mnt/data/pickinvoice/pickinvoice-step4/node_modules/next/dist/esm/server/future'
npm warn tar TAR_ENTRY_ERROR ENOENT: no such file or directory, lstat '/mnt/data/pickinvoice/pickinvoice-step4/node_modules/next/dist/server/future'
npm warn tar TAR_ENTRY_ERROR ENOENT: no such file or directory, open '/mnt/data/pickinvoice/pickinvoice-step4/node_modules/next/dist/build/webpack/plugins/pages-manifest-plugin.js'
npm warn tar TAR_ENTRY_ERROR ENOENT: no such file or directory, open '/mnt/data/pickinvoice/pickinvoice-step4/node_modules/next/dist/esm/build/webpack/plugins/pages-manifest-plugin.js'
npm warn tar TAR_ENTRY_ERROR ENOENT: no such file or directory, lstat '/mnt/data/pickinvoice/pickinvoice-step4/node_modules/next/dist/esm/server/future'
npm warn tar TAR_ENTRY_ERROR ENOENT: no such file or directory, lstat '/mnt/data/pickinvoice/pickinvoice-step4/node_modules/next/dist/server/future'
npm warn tar TAR_ENTRY_ERROR ENOENT: no such file or directory, lstat '/mnt/data/pickinvoice/pickinvoice-step4/node_modules/next/dist/esm/server/future'
npm warn tar TAR_ENTRY_ERROR ENOENT: no such file or directory, lstat '/mnt/data/pickinvoice/pickinvoice-step4/node_modules/next/dist/server/future'
npm warn tar TAR_ENTRY_ERROR ENOENT: no such file or directory, open '/mnt/data/pickinvoice/pickinvoice-step4/node_modules/next/dist/esm/server/future/route-definitions/pages-route-definition.js'
npm warn tar TAR_ENTRY_ERROR ENOENT: no such file or directory, open '/mnt/data/pickinvoice/pickinvoice-step4/node_modules/next/dist/server/future/route-definitions/pages-route-definition.js'
npm warn tar TAR_ENTRY_ERROR ENOENT: no such file or directory, open '/mnt/data/pickinvoice/pickinvoice-step4/node_modules/next/dist/esm/server/future/route-matches/pages-route-match.js'
npm warn tar TAR_ENTRY_ERROR ENOENT: no such file or directory, open '/mnt/data/pickinvoice/pickinvoice-step4/node_modules/next/dist/server/future/route-matches/pages-route-match.js'
npm warn tar TAR_ENTRY_ERROR ENOENT: no such file or directory, open '/mnt/data/pickinvoice/pickinvoice-step4/node_modules/next/dist/esm/server/future/route-matcher-providers/pages-route-matcher-provider.js'
npm warn tar TAR_ENTRY_ERROR ENOENT: no such file or directory, open '/mnt/data/pickinvoice/pickinvoice-step4/node_modules/next/dist/server/future/route-matcher-providers/pages-route-matcher-provider.js'
npm warn tar TAR_ENTRY_ERROR ENOENT: no such file or directory, open '/mnt/data/pickinvoice/pickinvoice-step4/node_modules/next/dist/esm/server/future/route-matchers/pages-route-matcher.js'
npm warn tar TAR_ENTRY_ERROR ENOENT: no such file or directory, open '/mnt/data/pickinvoice/pickinvoice-step4/node_modules/next/dist/server/future/route-matchers/pages-route-matcher.js'
npm warn tar TAR_ENTRY_ERROR ENOENT: no such file or directory, open '/mnt/data/pickinvoice/pickinvoice-step4/node_modules/next/dist/compiled/next-server/pages-turbo.runtime.prod.js'
npm warn tar TAR_ENTRY_ERROR ENOENT: no such file or directory, open '/mnt/data/pickinvoice/pickinvoice-step4/node_modules/next/dist/build/templates/pages.js'
npm warn tar TAR_ENTRY_ERROR ENOENT: no such file or directory, open '/mnt/data/pickinvoice/pickinvoice-step4/node_modules/next/dist/esm/build/templates/pages.js'
npm warn tar TAR_ENTRY_ERROR ENOENT: no such file or directory, open '/mnt/data/pickinvoice/pickinvoice-step4/node_modules/next/dist/esm/export/routes/pages.js'
npm warn tar TAR_ENTRY_ERROR ENOENT: no such file or directory, open '/mnt/data/pickinvoice/pickinvoice-step4/node_modules/next/dist/export/routes/pages.js'
npm warn tar TAR_ENTRY_ERROR ENOENT: no such file or directory, open '/mnt/data/pickinvoice/pickinvoice-step4/node_modules/next/dist/compiled/next-server/pages.runtime.dev.js'
npm warn tar TAR_ENTRY_ERROR ENOENT: no such file or directory, open '/mnt/data/pickinvoice/pickinvoice-step4/node_modules/next/dist/compiled/next-server/pages.runtime.prod.js'
npm warn tar TAR_ENTRY_ERROR ENOENT: no such file or directory, open '/mnt/data/pickinvoice/pickinvoice-step4/node_modules/next/dist/client/components/parallel-route-default.js'
npm warn tar TAR_ENTRY_ERROR ENOENT: no such file or directory, open '/mnt/data/pickinvoice/pickinvoice-step4/node_modules/next/dist/esm/client/components/parallel-route-default.js'
npm warn tar TAR_ENTRY_ERROR ENOENT: no such file or directory, open '/mnt/data/pickinvoice/pickinvoice-step4/node_modules/next/dist/esm/server/app-render/parse-and-validate-flight-router-state.js'
npm warn tar TAR_ENTRY_ERROR ENOENT: no such file or directory, open '/mnt/data/pickinvoice/pickinvoice-step4/node_modules/next/dist/server/app-render/parse-and-validate-flight-router-state.js'
npm warn tar TAR_ENTRY_ERROR ENOENT: no such file or directory, open '/mnt/data/pickinvoice/pickinvoice-step4/node_modules/next/dist/esm/server/api-utils/node/parse-body.js'
npm warn tar TAR_ENTRY_ERROR ENOENT: no such file or directory, open '/mnt/data/pickinvoice/pickinvoice-step4/node_modules/next/dist/server/api-utils/node/parse-body.js'
npm warn tar TAR_ENTRY_ERROR ENOENT: no such file or directory, lstat '/mnt/data/pickinvoice/pickinvoice-step4/node_modules/next/dist/client/components/react-dev-overlay'
npm warn tar TAR_ENTRY_ERROR ENOENT: no such file or directory, lstat '/mnt/data/pickinvoice/pickinvoice-step4/node_modules/next/dist/esm/client/components/react-dev-overlay'
npm warn tar TAR_ENTRY_ERROR ENOENT: no such file or directory, lstat '/mnt/data/pickinvoice/pickinvoice-step4/node_modules/next/dist/build/webpack'
npm warn tar TAR_ENTRY_ERROR ENOENT: no such file or directory, lstat '/mnt/data/pickinvoice/pickinvoice-step4/node_modules/next/dist/esm/build/webpack'
npm warn tar TAR_ENTRY_ERROR ENOENT: no such file or directory, open '/mnt/data/pickinvoice/pickinvoice-step4/node_modules/next/dist/esm/server/app-render/parse-loader-tree.js'
npm warn tar TAR_ENTRY_ERROR ENOENT: no such file or directory, open '/mnt/data/pickinvoice/pickinvoice-step4/node_modules/next/dist/server/app-render/parse-loader-tree.js'
npm warn tar TAR_ENTRY_ERROR ENOENT: no such file or directory, lstat '/mnt/data/pickinvoice/pickinvoice-step4/node_modules/next/dist/build/analysis'
npm warn tar TAR_ENTRY_ERROR ENOENT: no such file or directory, lstat '/mnt/data/pickinvoice/pickinvoice-step4/node_modules/next/dist/esm/build/analysis'
npm warn tar TAR_ENTRY_ERROR ENOENT: no such file or directory, open '/mnt/data/pickinvoice/pickinvoice-step4/node_modules/next/dist/esm/shared/lib/router/utils/parse-path.js'
npm warn tar TAR_ENTRY_ERROR ENOENT: no such file or directory, open '/mnt/data/pickinvoice/pickinvoice-step4/node_modules/next/dist/shared/lib/router/utils/parse-path.js'
npm warn tar TAR_ENTRY_ERROR ENOENT: no such file or directory, open '/mnt/data/pickinvoice/pickinvoice-step4/node_modules/next/dist/esm/shared/lib/router/utils/parse-relative-url.js'
npm warn tar TAR_ENTRY_ERROR ENOENT: no such file or directory, open '/mnt/data/pickinvoice/pickinvoice-step4/node_modules/next/dist/shared/lib/router/utils/parse-relative-url.js'
npm warn tar TAR_ENTRY_ERROR ENOENT: no such file or directory, open '/mnt/data/pickinvoice/pickinvoice-step4/node_modules/next/dist/esm/shared/lib/router/utils/parse-url.js'
npm warn tar TAR_ENTRY_ERROR ENOENT: no such file or directory, open '/mnt/data/pickinvoice/pickinvoice-step4/node_modules/next/dist/shared/lib/router/utils/parse-url.js'
npm warn tar TAR_ENTRY_ERROR ENOENT: no such file or directory, lstat '/mnt/data/pickinvoice/pickinvoice-step4/node_modules/next/dist/esm/server/dev'
npm warn tar TAR_ENTRY_ERROR ENOENT: no such file or directory, lstat '/mnt/data/pickinvoice/pickinvoice-step4/node_modules/next/dist/server/dev'
npm warn tar TAR_ENTRY_ERROR ENOENT: no such file or directory, lstat '/mnt/data/pickinvoice/pickinvoice-step4/node_modules/next/dist/build/webpack'
npm warn tar TAR_ENTRY_ERROR ENOENT: no such file or directory, lstat '/mnt/data/pickinvoice/pickinvoice-step4/node_modules/next/dist/esm/build/webpack'
npm warn tar TAR_ENTRY_ERROR ENOENT: no such file or directory, lstat '/mnt/data/pickinvoice/pickinvoice-step4/node_modules/next/dist/build/webpack'
npm warn tar TAR_ENTRY_ERROR ENOENT: no such file or directory, lstat '/mnt/data/pickinvoice/pickinvoice-step4/node_modules/next/dist/esm/build/webpack'
npm warn tar TAR_ENTRY_ERROR ENOENT: no such file or directory, open '/mnt/data/pickinvoice/pickinvoice-step4/node_modules/next/dist/esm/server/future/route-modules/app-route/helpers/parsed-url-query-to-params.js'
npm warn tar TAR_ENTRY_ERROR ENOENT: no such file or directory, open '/mnt/data/pickinvoice/pickinvoice-step4/node_modules/next/dist/server/future/route-modules/app-route/helpers/parsed-url-query-to-params.js'
npm warn tar TAR_ENTRY_ERROR ENOENT: no such file or directory, lstat '/mnt/data/pickinvoice/pickinvoice-step4/node_modules/next/dist/build/webpack'
npm warn tar TAR_ENTRY_ERROR ENOENT: no such file or directory, lstat '/mnt/data/pickinvoice/pickinvoice-step4/node_modules/next/dist/esm/build/webpack'
npm warn tar TAR_ENTRY_ERROR ENOENT: no such file or directory, lstat '/mnt/data/pickinvoice/pickinvoice-step4/node_modules/next/dist/build/webpack'
npm warn tar TAR_ENTRY_ERROR ENOENT: no such file or directory, lstat '/mnt/data/pickinvoice/pickinvoice-step4/node_modules/next/dist/esm/build/webpack'
npm warn tar TAR_ENTRY_ERROR ENOENT: no such file or directory, lstat '/mnt/data/pickinvoice/pickinvoice-step4/node_modules/next/dist/build/webpack'
npm warn tar TAR_ENTRY_ERROR ENOENT: no such file or directory, lstat '/mnt/data/pickinvoice/pickinvoice-step4/node_modules/next/dist/esm/build/webpack'
npm warn tar TAR_ENTRY_ERROR ENOENT: no such file or directory, lstat '/mnt/data/pickinvoice/pickinvoice-step4/node_modules/next/dist/build/webpack'
npm warn tar TAR_ENTRY_ERROR ENOENT: no such file or directory, lstat '/mnt/data/pickinvoice/pickinvoice-step4/node_modules/next/dist/esm/build/webpack'
npm warn tar TAR_ENTRY_ERROR ENOENT: no such file or directory, open '/mnt/data/pickinvoice/pickinvoice-step4/node_modules/next/dist/compiled/babel/parser.js'
npm warn tar TAR_ENTRY_ERROR ENOENT: no such file or directory, lstat '/mnt/data/pickinvoice/pickinvoice-step4/node_modules/next/dist/build/webpack'
npm warn tar TAR_ENTRY_ERROR ENOENT: no such file or directory, lstat '/mnt/data/pickinvoice/pickinvoice-step4/node_modules/next/dist/esm/build/webpack'
npm warn tar TAR_ENTRY_ERROR ENOENT: no such file or directory, lstat '/mnt/data/pickinvoice/pickinvoice-step4/node_modules/next/dist/build/webpack'
npm warn tar TAR_ENTRY_ERROR ENOENT: no such file or directory, lstat '/mnt/data/pickinvoice/pickinvoice-step4/node_modules/next/dist/esm/build/webpack'
npm warn tar TAR_ENTRY_ERROR ENOENT: no such file or directory, lstat '/mnt/data/pickinvoice/pickinvoice-step4/node_modules/next/dist/client/components/react-dev-overlay'
npm warn tar TAR_ENTRY_ERROR ENOENT: no such file or directory, lstat '/mnt/data/pickinvoice/pickinvoice-step4/node_modules/next/dist/esm/client/components/react-dev-overlay'
npm warn tar TAR_ENTRY_ERROR ENOENT: no such file or directory, open '/mnt/data/pickinvoice/pickinvoice-step4/node_modules/next/dist/esm/server/lib/patch-fetch.js'
npm warn tar TAR_ENTRY_ERROR ENOENT: no such file or directory, open '/mnt/data/pickinvoice/pickinvoice-step4/node_modules/next/dist/server/lib/patch-fetch.js'
npm warn tar TAR_ENTRY_ERROR ENOENT: no such file or directory, open '/mnt/data/pickinvoice/pickinvoice-step4/node_modules/next/dist/esm/lib/patch-incorrect-lockfile.js'
npm warn tar TAR_ENTRY_ERROR ENOENT: no such file or directory, open '/mnt/data/pickinvoice/pickinvoice-step4/node_modules/next/dist/lib/patch-incorrect-lockfile.js'
npm warn tar TAR_ENTRY_ERROR ENOENT: no such file or directory, open '/mnt/data/pickinvoice/pickinvoice-step4/node_modules/next/dist/esm/shared/lib/router/utils/path-has-prefix.js'
npm warn tar TAR_ENTRY_ERROR ENOENT: no such file or directory, open '/mnt/data/pickinvoice/pickinvoice-step4/node_modules/next/dist/shared/lib/router/utils/path-has-prefix.js'
npm warn tar TAR_ENTRY_ERROR ENOENT: no such file or directory, open '/mnt/data/pickinvoice/pickinvoice-step4/node_modules/next/dist/esm/shared/lib/router/utils/path-match.js'
npm warn tar TAR_ENTRY_ERROR ENOENT: no such file or directory, open '/mnt/data/pickinvoice/pickinvoice-step4/node_modules/next/dist/shared/lib/router/utils/path-match.js'
npm warn tar TAR_ENTRY_ERROR ENOENT: no such file or directory, open '/mnt/data/pickinvoice/pickinvoice-step4/node_modules/next/dist/compiled/regenerator-runtime/path.js'
npm warn tar TAR_ENTRY_ERROR ENOENT: no such file or directory, lstat '/mnt/data/pickinvoice/pickinvoice-step4/node_modules/next/dist/esm/shared/lib/isomorphic'
npm warn tar TAR_ENTRY_ERROR ENOENT: no such file or directory, lstat '/mnt/data/pickinvoice/pickinvoice-step4/node_modules/next/dist/shared/lib/isomorphic'
npm warn tar TAR_ENTRY_ERROR ENOENT: no such file or directory, open '/mnt/data/pickinvoice/pickinvoice-step4/node_modules/next/dist/esm/server/future/normalizers/request/pathname-normalizer.js'
npm warn tar TAR_ENTRY_ERROR ENOENT: no such file or directory, open '/mnt/data/pickinvoice/pickinvoice-step4/node_modules/next/dist/server/future/normalizers/request/pathname-normalizer.js'
npm warn tar TAR_ENTRY_ERROR ENOENT: no such file or directory, open '/mnt/data/pickinvoice/pickinvoice-step4/node_modules/next/dist/client/performance-relayer-app.js'
npm warn tar TAR_ENTRY_ERROR ENOENT: no such file or directory, open '/mnt/data/pickinvoice/pickinvoice-step4/node_modules/next/dist/esm/client/performance-relayer-app.js'
npm warn tar TAR_ENTRY_ERROR ENOENT: no such file or directory, open '/mnt/data/pickinvoice/pickinvoice-step4/node_modules/next/dist/client/performance-relayer.js'
npm warn tar TAR_ENTRY_ERROR ENOENT: no such file or directory, open '/mnt/data/pickinvoice/pickinvoice-step4/node_modules/next/dist/esm/client/performance-relayer.js'
npm warn tar TAR_ENTRY_ERROR ENOENT: no such file or directory, lstat '/mnt/data/pickinvoice/pickinvoice-step4/node_modules/next/dist/compiled/@next/font/dist/local'
npm warn tar TAR_ENTRY_ERROR ENOENT: no such file or directory, lstat '/mnt/data/pickinvoice/pickinvoice-step4/node_modules/next/dist/compiled/@next/font/dist/local'
npm warn tar TAR_ENTRY_ERROR ENOENT: no such file or directory, open '/mnt/data/pickinvoice/pickinvoice-step4/node_modules/next/dist/esm/lib/pick.js'
npm warn tar TAR_ENTRY_ERROR ENOENT: no such file or directory, open '/mnt/data/pickinvoice/pickinvoice-step4/node_modules/next/dist/lib/pick.js'
npm warn tar TAR_ENTRY_ERROR ENOENT: no such file or directory, open '/mnt/data/pickinvoice/pickinvoice-step4/node_modules/next/dist/esm/lib/picocolors.js'
npm warn tar TAR_ENTRY_ERROR ENOENT: no such file or directory, open '/mnt/data/pickinvoice/pickinvoice-step4/node_modules/next/dist/lib/picocolors.js'
npm warn tar TAR_ENTRY_ERROR ENOENT: no such file or directory, open '/mnt/data/pickinvoice/pickinvoice-step4/node_modules/next/dist/esm/server/pipe-readable.js'
npm warn tar TAR_ENTRY_ERROR ENOENT: no such file or directory, open '/mnt/data/pickinvoice/pickinvoice-step4/node_modules/next/dist/server/pipe-readable.js'
npm warn tar TAR_ENTRY_ERROR ENOENT: no such file or directory, open '/mnt/data/pickinvoice/pickinvoice-step4/node_modules/next/dist/compiled/platform/platform.js'
npm warn tar TAR_ENTRY_ERROR ENOENT: no such file or directory, open '/mnt/data/pickinvoice/pickinvoice-step4/node_modules/next/dist/compiled/babel/plugin-proposal-class-properties.js'
npm warn tar TAR_ENTRY_ERROR ENOENT: no such file or directory, open '/mnt/data/pickinvoice/pickinvoice-step4/node_modules/next/dist/compiled/babel/plugin-proposal-export-namespace-from.js'
npm warn tar TAR_ENTRY_ERROR ENOENT: no such file or directory, open '/mnt/data/pickinvoice/pickinvoice-step4/node_modules/next/dist/compiled/babel/plugin-proposal-numeric-separator.js'
npm warn tar TAR_ENTRY_ERROR ENOENT: no such file or directory, open '/mnt/data/pickinvoice/pickinvoice-step4/node_modules/next/dist/compiled/babel/plugin-proposal-object-rest-spread.js'
npm warn tar TAR_ENTRY_ERROR ENOENT: no such file or directory, open '/mnt/data/pickinvoice/pickinvoice-step4/node_modules/next/dist/compiled/babel/plugin-syntax-bigint.js'
npm warn tar TAR_ENTRY_ERROR ENOENT: no such file or directory, open '/mnt/data/pickinvoice/pickinvoice-step4/node_modules/next/dist/compiled/babel/plugin-syntax-dynamic-import.js'
npm warn tar TAR_ENTRY_ERROR ENOENT: no such file or directory, open '/mnt/data/pickinvoice/pickinvoice-step4/node_modules/next/dist/compiled/babel/plugin-syntax-import-assertions.js'
npm warn tar TAR_ENTRY_ERROR ENOENT: no such file or directory, open '/mnt/data/pickinvoice/pickinvoice-step4/node_modules/next/dist/compiled/babel/plugin-syntax-jsx.js'
npm warn tar TAR_ENTRY_ERROR ENOENT: no such file or directory, open '/mnt/data/pickinvoice/pickinvoice-step4/node_modules/next/dist/compiled/babel/plugin-transform-define.js'
npm warn tar TAR_ENTRY_ERROR ENOENT: no such file or directory, open '/mnt/data/pickinvoice/pickinvoice-step4/node_modules/next/dist/compiled/babel/plugin-transform-modules-commonjs.js'
npm warn tar TAR_ENTRY_ERROR ENOENT: no such file or directory, open '/mnt/data/pickinvoice/pickinvoice-step4/node_modules/next/dist/compiled/babel/plugin-transform-react-remove-prop-types.js'
npm warn tar TAR_ENTRY_ERROR ENOENT: no such file or directory, open '/mnt/data/pickinvoice/pickinvoice-step4/node_modules/next/dist/compiled/babel/plugin-transform-runtime.js'
npm warn tar TAR_ENTRY_ERROR ENOENT: no such file or directory, open '/mnt/data/pickinvoice/pickinvoice-step4/node_modules/next/dist/compiled/react-server-dom-webpack-experimental/plugin.js'
npm warn tar TAR_ENTRY_ERROR ENOENT: no such file or directory, open '/mnt/data/pickinvoice/pickinvoice-step4/node_modules/next/dist/compiled/react-server-dom-webpack/plugin.js'
npm warn tar TAR_ENTRY_ERROR ENOENT: no such file or directory, lstat '/mnt/data/pickinvoice/pickinvoice-step4/node_modules/next/dist/build/webpack'
npm warn tar TAR_ENTRY_ERROR ENOENT: no such file or directory, lstat '/mnt/data/pickinvoice/pickinvoice-step4/node_modules/next/dist/esm/build/webpack'
npm warn tar TAR_ENTRY_ERROR ENOENT: no such file or directory, open '/mnt/data/pickinvoice/pickinvoice-step4/node_modules/next/dist/telemetry/events/plugins.js'
npm warn tar TAR_ENTRY_ERROR ENOENT: no such file or directory, lstat '/mnt/data/pickinvoice/pickinvoice-step4/node_modules/next/dist/build/polyfills'
npm warn tar TAR_ENTRY_ERROR ENOENT: no such file or directory, lstat '/mnt/data/pickinvoice/pickinvoice-step4/node_modules/next/dist/build/polyfills'
npm warn tar TAR_ENTRY_ERROR ENOENT: no such file or directory, open '/mnt/data/pickinvoice/pickinvoice-step4/node_modules/next/dist/build/polyfills/object.assign/polyfill.js'
npm warn tar TAR_ENTRY_ERROR ENOENT: no such file or directory, open '/mnt/data/pickinvoice/pickinvoice-step4/node_modules/next/dist/esm/build/polyfills/object.assign/polyfill.js'
npm warn tar TAR_ENTRY_ERROR ENOENT: no such file or directory, open '/mnt/data/pickinvoice/pickinvoice-step4/node_modules/next/dist/compiled/@babel/runtime/helpers/esm/possibleConstructorReturn.js'
npm warn tar TAR_ENTRY_ERROR ENOENT: no such file or directory, open '/mnt/data/pickinvoice/pickinvoice-step4/node_modules/next/dist/compiled/@babel/runtime/helpers/possibleConstructorReturn.js'
npm warn tar TAR_ENTRY_ERROR ENOENT: no such file or directory, open '/mnt/data/pickinvoice/pickinvoice-step4/node_modules/next/dist/telemetry/post-payload.js'
npm warn tar TAR_ENTRY_ERROR ENOENT: no such file or directory, open '/mnt/data/pickinvoice/pickinvoice-step4/node_modules/next/dist/esm/server/post-process.js'
npm warn tar TAR_ENTRY_ERROR ENOENT: no such file or directory, open '/mnt/data/pickinvoice/pickinvoice-step4/node_modules/next/dist/server/post-process.js'
npm warn tar TAR_ENTRY_ERROR ENOENT: no such file or directory, lstat '/mnt/data/pickinvoice/pickinvoice-step4/node_modules/next/dist/build/webpack'
npm warn tar TAR_ENTRY_ERROR ENOENT: no such file or directory, lstat '/mnt/data/pickinvoice/pickinvoice-step4/node_modules/next/dist/esm/build/webpack'
npm warn tar TAR_ENTRY_ERROR ENOENT: no such file or directory, lstat '/mnt/data/pickinvoice/pickinvoice-step4/node_modules/next/dist/build/webpack'
npm warn tar TAR_ENTRY_ERROR ENOENT: no such file or directory, lstat '/mnt/data/pickinvoice/pickinvoice-step4/node_modules/next/dist/esm/build/webpack'
npm warn tar TAR_ENTRY_ERROR ENOENT: no such file or directory, lstat '/mnt/data/pickinvoice/pickinvoice-step4/node_modules/next/dist/build/webpack'
npm warn tar TAR_ENTRY_ERROR ENOENT: no such file or directory, lstat '/mnt/data/pickinvoice/pickinvoice-step4/node_modules/next/dist/esm/build/webpack'
npm warn tar TAR_ENTRY_ERROR ENOENT: no such file or directory, lstat '/mnt/data/pickinvoice/pickinvoice-step4/node_modules/next/dist/build/webpack'
npm warn tar TAR_ENTRY_ERROR ENOENT: no such file or directory, lstat '/mnt/data/pickinvoice/pickinvoice-step4/node_modules/next/dist/esm/build/webpack'
npm warn tar TAR_ENTRY_ERROR ENOENT: no such file or directory, lstat '/mnt/data/pickinvoice/pickinvoice-step4/node_modules/next/dist/build/webpack'
npm warn tar TAR_ENTRY_ERROR ENOENT: no such file or directory, lstat '/mnt/data/pickinvoice/pickinvoice-step4/node_modules/next/dist/esm/build/webpack'
npm warn tar TAR_ENTRY_ERROR ENOENT: no such file or directory, lstat '/mnt/data/pickinvoice/pickinvoice-step4/node_modules/next/dist/esm/server/app-render/rsc'
npm warn tar TAR_ENTRY_ERROR ENOENT: no such file or directory, lstat '/mnt/data/pickinvoice/pickinvoice-step4/node_modules/next/dist/server/app-render/rsc'
npm warn tar TAR_ENTRY_ERROR ENOENT: no such file or directory, open '/mnt/data/pickinvoice/pickinvoice-step4/node_modules/next/dist/esm/server/future/normalizers/request/postponed.js'
npm warn tar TAR_ENTRY_ERROR ENOENT: no such file or directory, open '/mnt/data/pickinvoice/pickinvoice-step4/node_modules/next/dist/server/future/normalizers/request/postponed.js'
npm warn tar TAR_ENTRY_ERROR ENOENT: no such file or directory, open '/mnt/data/pickinvoice/pickinvoice-step4/node_modules/next/dist/client/components/router-reducer/ppr-navigations.js'
npm warn tar TAR_ENTRY_ERROR ENOENT: no such file or directory, open '/mnt/data/pickinvoice/pickinvoice-step4/node_modules/next/dist/esm/client/components/router-reducer/ppr-navigations.js'
npm warn tar TAR_ENTRY_ERROR ENOENT: no such file or directory, open '/mnt/data/pickinvoice/pickinvoice-step4/node_modules/next/dist/client/components/router-reducer/prefetch-cache-utils.js'
npm warn tar TAR_ENTRY_ERROR ENOENT: no such file or directory, open '/mnt/data/pickinvoice/pickinvoice-step4/node_modules/next/dist/esm/client/components/router-reducer/prefetch-cache-utils.js'
npm warn tar TAR_ENTRY_ERROR ENOENT: no such file or directory, lstat '/mnt/data/pickinvoice/pickinvoice-step4/node_modules/next/dist/client/components/router-reducer/reducers'
npm warn tar TAR_ENTRY_ERROR ENOENT: no such file or directory, lstat '/mnt/data/pickinvoice/pickinvoice-step4/node_modules/next/dist/esm/client/components/router-reducer/reducers'
npm warn tar TAR_ENTRY_ERROR ENOENT: no such file or directory, open '/mnt/data/pickinvoice/pickinvoice-step4/node_modules/next/dist/esm/server/future/normalizers/request/prefetch-rsc.js'
npm warn tar TAR_ENTRY_ERROR ENOENT: no such file or directory, open '/mnt/data/pickinvoice/pickinvoice-step4/node_modules/next/dist/server/future/normalizers/request/prefetch-rsc.js'
npm warn tar TAR_ENTRY_ERROR ENOENT: no such file or directory, open '/mnt/data/pickinvoice/pickinvoice-step4/node_modules/next/dist/esm/server/future/normalizers/request/prefix.js'
npm warn tar TAR_ENTRY_ERROR ENOENT: no such file or directory, open '/mnt/data/pickinvoice/pickinvoice-step4/node_modules/next/dist/server/future/normalizers/request/prefix.js'
npm warn tar TAR_ENTRY_ERROR ENOENT: no such file or directory, open '/mnt/data/pickinvoice/pickinvoice-step4/node_modules/next/dist/esm/server/future/normalizers/prefixing-normalizer.js'
npm warn tar TAR_ENTRY_ERROR ENOENT: no such file or directory, open '/mnt/data/pickinvoice/pickinvoice-step4/node_modules/next/dist/server/future/normalizers/prefixing-normalizer.js'
npm warn tar TAR_ENTRY_ERROR ENOENT: no such file or directory, open '/mnt/data/pickinvoice/pickinvoice-step4/node_modules/next/dist/esm/shared/lib/lazy-dynamic/preload-css.js'
npm warn tar TAR_ENTRY_ERROR ENOENT: no such file or directory, open '/mnt/data/pickinvoice/pickinvoice-step4/node_modules/next/dist/shared/lib/lazy-dynamic/preload-css.js'
npm warn tar TAR_ENTRY_ERROR ENOENT: no such file or directory, lstat '/mnt/data/pickinvoice/pickinvoice-step4/node_modules/next/dist/esm/server/app-render/rsc'
npm warn tar TAR_ENTRY_ERROR ENOENT: no such file or directory, lstat '/mnt/data/pickinvoice/pickinvoice-step4/node_modules/next/dist/server/app-render/rsc'
npm warn tar TAR_ENTRY_ERROR ENOENT: no such file or directory, open '/mnt/data/pickinvoice/pickinvoice-step4/node_modules/next/dist/esm/shared/lib/router/utils/prepare-destination.js'
npm warn tar TAR_ENTRY_ERROR ENOENT: no such file or directory, open '/mnt/data/pickinvoice/pickinvoice-step4/node_modules/next/dist/shared/lib/router/utils/prepare-destination.js'
npm warn tar TAR_ENTRY_ERROR ENOENT: no such file or directory, open '/mnt/data/pickinvoice/pickinvoice-step4/node_modules/next/dist/compiled/babel/preset-env.js'
npm warn tar TAR_ENTRY_ERROR ENOENT: no such file or directory, open '/mnt/data/pickinvoice/pickinvoice-step4/node_modules/next/dist/compiled/babel/preset-react.js'
npm warn tar TAR_ENTRY_ERROR ENOENT: no such file or directory, open '/mnt/data/pickinvoice/pickinvoice-step4/node_modules/next/dist/compiled/babel/preset-typescript.js'
npm warn tar TAR_ENTRY_ERROR ENOENT: no such file or directory, lstat '/mnt/data/pickinvoice/pickinvoice-step4/node_modules/next/dist/build/babel'
npm warn tar TAR_ENTRY_ERROR ENOENT: no such file or directory, lstat '/mnt/data/pickinvoice/pickinvoice-step4/node_modules/next/dist/esm/build/babel'
npm warn tar TAR_ENTRY_ERROR ENOENT: no such file or directory, open '/mnt/data/pickinvoice/pickinvoice-step4/node_modules/next/dist/esm/lib/pretty-bytes.js'
npm warn tar TAR_ENTRY_ERROR ENOENT: no such file or directory, open '/mnt/data/pickinvoice/pickinvoice-step4/node_modules/next/dist/lib/pretty-bytes.js'
npm warn tar TAR_ENTRY_ERROR ENOENT: no such file or directory, lstat '/mnt/data/pickinvoice/pickinvoice-step4/node_modules/next/dist/build/polyfills'
npm warn tar TAR_ENTRY_ERROR ENOENT: no such file or directory, lstat '/mnt/data/pickinvoice/pickinvoice-step4/node_modules/next/dist/esm/build/polyfills'
npm warn tar TAR_ENTRY_ERROR ENOENT: no such file or directory, open '/mnt/data/pickinvoice/pickinvoice-step4/node_modules/next/dist/compiled/jest-worker/processChild.js'
npm warn tar TAR_ENTRY_ERROR ENOENT: no such file or directory, open '/mnt/data/pickinvoice/pickinvoice-step4/node_modules/next/dist/build/webpack/plugins/profiling-plugin.js'
npm warn tar TAR_ENTRY_ERROR ENOENT: no such file or directory, open '/mnt/data/pickinvoice/pickinvoice-step4/node_modules/next/dist/esm/build/webpack/plugins/profiling-plugin.js'
npm warn tar TAR_ENTRY_ERROR ENOENT: no such file or directory, open '/mnt/data/pickinvoice/pickinvoice-step4/node_modules/next/dist/compiled/react-dom-experimental/profiling.js'
npm warn tar TAR_ENTRY_ERROR ENOENT: no such file or directory, open '/mnt/data/pickinvoice/pickinvoice-step4/node_modules/next/dist/compiled/react-dom/profiling.js'
npm warn tar TAR_ENTRY_ERROR ENOENT: no such file or directory, open '/mnt/data/pickinvoice/pickinvoice-step4/node_modules/next/dist/build/progress.js'
npm warn tar TAR_ENTRY_ERROR ENOENT: no such file or directory, open '/mnt/data/pickinvoice/pickinvoice-step4/node_modules/next/dist/esm/build/progress.js'
npm warn tar TAR_ENTRY_ERROR ENOENT: no such file or directory, open '/mnt/data/pickinvoice/pickinvoice-step4/node_modules/next/dist/telemetry/project-id.js'
npm warn tar TAR_ENTRY_ERROR ENOENT: no such file or directory, open '/mnt/data/pickinvoice/pickinvoice-step4/node_modules/next/dist/client/components/promise-queue.js'
npm warn tar TAR_ENTRY_ERROR ENOENT: no such file or directory, open '/mnt/data/pickinvoice/pickinvoice-step4/node_modules/next/dist/esm/client/components/promise-queue.js'
npm warn tar TAR_ENTRY_ERROR ENOENT: no such file or directory, open '/mnt/data/pickinvoice/pickinvoice-step4/node_modules/next/dist/esm/server/lib/router-utils/proxy-request.js'
npm warn tar TAR_ENTRY_ERROR ENOENT: no such file or directory, open '/mnt/data/pickinvoice/pickinvoice-step4/node_modules/next/dist/server/lib/router-utils/proxy-request.js'
npm warn tar TAR_ENTRY_ERROR ENOENT: no such file or directory, open '/mnt/data/pickinvoice/pickinvoice-step4/node_modules/next/dist/esm/shared/lib/router/utils/querystring.js'
npm warn tar TAR_ENTRY_ERROR ENOENT: no such file or directory, open '/mnt/data/pickinvoice/pickinvoice-step4/node_modules/next/dist/shared/lib/router/utils/querystring.js'
npm warn tar TAR_ENTRY_ERROR ENOENT: no such file or directory, lstat '/mnt/data/pickinvoice/pickinvoice-step4/node_modules/next/dist/build/webpack'
npm warn tar TAR_ENTRY_ERROR ENOENT: no such file or directory, lstat '/mnt/data/pickinvoice/pickinvoice-step4/node_modules/next/dist/esm/build/webpack'
npm warn tar TAR_ENTRY_ERROR ENOENT: no such file or directory, lstat '/mnt/data/pickinvoice/pickinvoice-step4/node_modules/next/dist/build/webpack'
npm warn tar TAR_ENTRY_ERROR ENOENT: no such file or directory, lstat '/mnt/data/pickinvoice/pickinvoice-step4/node_modules/next/dist/esm/build/webpack'
npm warn tar TAR_ENTRY_ERROR ENOENT: no such file or directory, lstat '/mnt/data/pickinvoice/pickinvoice-step4/node_modules/next/dist/build/webpack'
npm warn tar TAR_ENTRY_ERROR ENOENT: no such file or directory, lstat '/mnt/data/pickinvoice/pickinvoice-step4/node_modules/next/dist/esm/build/webpack'
npm warn tar TAR_ENTRY_ERROR ENOENT: no such file or directory, lstat '/mnt/data/pickinvoice/pickinvoice-step4/node_modules/next/dist/build/webpack'
npm warn tar TAR_ENTRY_ERROR ENOENT: no such file or directory, lstat '/mnt/data/pickinvoice/pickinvoice-step4/node_modules/next/dist/esm/build/webpack'
npm warn tar TAR_ENTRY_ERROR ENOENT: no such file or directory, lstat '/mnt/data/pickinvoice/pickinvoice-step4/node_modules/next/dist/esm/server/future'
npm warn tar TAR_ENTRY_ERROR ENOENT: no such file or directory, lstat '/mnt/data/pickinvoice/pickinvoice-step4/node_modules/next/dist/server/future'
npm warn tar TAR_ENTRY_ERROR ENOENT: no such file or directory, lstat '/mnt/data/pickinvoice/pickinvoice-step4/node_modules/next/dist/compiled/react-dom-experimental/cjs'
npm warn tar TAR_ENTRY_ERROR ENOENT: no such file or directory, lstat '/mnt/data/pickinvoice/pickinvoice-step4/node_modules/next/dist/compiled/react-dom/cjs'
npm warn tar TAR_ENTRY_ERROR ENOENT: no such file or directory, lstat '/mnt/data/pickinvoice/pickinvoice-step4/node_modules/next/dist/compiled/react-dom-experimental/cjs'
npm warn tar TAR_ENTRY_ERROR ENOENT: no such file or directory, lstat '/mnt/data/pickinvoice/pickinvoice-step4/node_modules/next/dist/compiled/react-dom/cjs'
npm warn tar TAR_ENTRY_ERROR ENOENT: no such file or directory, lstat '/mnt/data/pickinvoice/pickinvoice-step4/node_modules/next/dist/compiled/react-dom-experimental/cjs'
npm warn tar TAR_ENTRY_ERROR ENOENT: no such file or directory, lstat '/mnt/data/pickinvoice/pickinvoice-step4/node_modules/next/dist/compiled/react-dom/cjs'
npm warn tar TAR_ENTRY_ERROR ENOENT: no such file or directory, lstat '/mnt/data/pickinvoice/pickinvoice-step4/node_modules/next/dist/compiled/react-dom-experimental/cjs'
npm warn tar TAR_ENTRY_ERROR ENOENT: no such file or directory, lstat '/mnt/data/pickinvoice/pickinvoice-step4/node_modules/next/dist/compiled/react-dom/cjs'
npm warn tar TAR_ENTRY_ERROR ENOENT: no such file or directory, lstat '/mnt/data/pickinvoice/pickinvoice-step4/node_modules/next/dist/compiled/react-dom-experimental/cjs'
npm warn tar TAR_ENTRY_ERROR ENOENT: no such file or directory, lstat '/mnt/data/pickinvoice/pickinvoice-step4/node_modules/next/dist/compiled/react-dom/cjs'
npm warn tar TAR_ENTRY_ERROR ENOENT: no such file or directory, lstat '/mnt/data/pickinvoice/pickinvoice-step4/node_modules/next/dist/compiled/react-dom-experimental/cjs'
npm warn tar TAR_ENTRY_ERROR ENOENT: no such file or directory, lstat '/mnt/data/pickinvoice/pickinvoice-step4/node_modules/next/dist/compiled/react-dom/cjs'
npm warn tar TAR_ENTRY_ERROR ENOENT: no such file or directory, lstat '/mnt/data/pickinvoice/pickinvoice-step4/node_modules/next/dist/compiled/react-dom-experimental/cjs'
npm warn tar TAR_ENTRY_ERROR ENOENT: no such file or directory, lstat '/mnt/data/pickinvoice/pickinvoice-step4/node_modules/next/dist/compiled/react-dom/cjs'
npm warn tar TAR_ENTRY_ERROR ENOENT: no such file or directory, lstat '/mnt/data/pickinvoice/pickinvoice-step4/node_modules/next/dist/compiled/react-dom-experimental/cjs'
npm warn tar TAR_ENTRY_ERROR ENOENT: no such file or directory, lstat '/mnt/data/pickinvoice/pickinvoice-step4/node_modules/next/dist/compiled/react-dom/cjs'
npm warn tar TAR_ENTRY_ERROR ENOENT: no such file or directory, lstat '/mnt/data/pickinvoice/pickinvoice-step4/node_modules/next/dist/compiled/react-dom-experimental/cjs'
npm warn tar TAR_ENTRY_ERROR ENOENT: no such file or directory, lstat '/mnt/data/pickinvoice/pickinvoice-step4/node_modules/next/dist/compiled/react-dom/cjs'
npm warn tar TAR_ENTRY_ERROR ENOENT: no such file or directory, lstat '/mnt/data/pickinvoice/pickinvoice-step4/node_modules/next/dist/compiled/react-dom-experimental/cjs'
npm warn tar TAR_ENTRY_ERROR ENOENT: no such file or directory, lstat '/mnt/data/pickinvoice/pickinvoice-step4/node_modules/next/dist/compiled/react-dom/cjs'
npm warn tar TAR_ENTRY_ERROR ENOENT: no such file or directory, lstat '/mnt/data/pickinvoice/pickinvoice-step4/node_modules/next/dist/compiled/react-dom-experimental/cjs'
npm warn tar TAR_ENTRY_ERROR ENOENT: no such file or directory, lstat '/mnt/data/pickinvoice/pickinvoice-step4/node_modules/next/dist/compiled/react-dom/cjs'
npm warn tar TAR_ENTRY_ERROR ENOENT: no such file or directory, lstat '/mnt/data/pickinvoice/pickinvoice-step4/node_modules/next/dist/compiled/react-dom-experimental/cjs'
npm warn tar TAR_ENTRY_ERROR ENOENT: no such file or directory, lstat '/mnt/data/pickinvoice/pickinvoice-step4/node_modules/next/dist/compiled/react-dom/cjs'
npm warn tar TAR_ENTRY_ERROR ENOENT: no such file or directory, lstat '/mnt/data/pickinvoice/pickinvoice-step4/node_modules/next/dist/compiled/react-dom-experimental/cjs'
npm warn tar TAR_ENTRY_ERROR ENOENT: no such file or directory, lstat '/mnt/data/pickinvoice/pickinvoice-step4/node_modules/next/dist/compiled/react-dom/cjs'
npm warn tar TAR_ENTRY_ERROR ENOENT: no such file or directory, lstat '/mnt/data/pickinvoice/pickinvoice-step4/node_modules/next/dist/compiled/react-dom-experimental/cjs'
npm warn tar TAR_ENTRY_ERROR ENOENT: no such file or directory, lstat '/mnt/data/pickinvoice/pickinvoice-step4/node_modules/next/dist/compiled/react-dom/cjs'
npm warn tar TAR_ENTRY_ERROR ENOENT: no such file or directory, lstat '/mnt/data/pickinvoice/pickinvoice-step4/node_modules/next/dist/compiled/react-dom-experimental/cjs'
npm warn tar TAR_ENTRY_ERROR ENOENT: no such file or directory, lstat '/mnt/data/pickinvoice/pickinvoice-step4/node_modules/next/dist/compiled/react-dom/cjs'
npm warn tar TAR_ENTRY_ERROR ENOENT: no such file or directory, lstat '/mnt/data/pickinvoice/pickinvoice-step4/node_modules/next/dist/compiled/react-dom-experimental/cjs'
npm warn tar TAR_ENTRY_ERROR ENOENT: no such file or directory, lstat '/mnt/data/pickinvoice/pickinvoice-step4/node_modules/next/dist/compiled/react-dom/cjs'
npm warn tar TAR_ENTRY_ERROR ENOENT: no such file or directory, lstat '/mnt/data/pickinvoice/pickinvoice-step4/node_modules/next/dist/compiled/react-dom-experimental/cjs'
npm warn tar TAR_ENTRY_ERROR ENOENT: no such file or directory, lstat '/mnt/data/pickinvoice/pickinvoice-step4/node_modules/next/dist/compiled/react-dom/cjs'
npm warn tar TAR_ENTRY_ERROR ENOENT: no such file or directory, lstat '/mnt/data/pickinvoice/pickinvoice-step4/node_modules/next/dist/compiled/react-dom-experimental/cjs'
npm warn tar TAR_ENTRY_ERROR ENOENT: no such file or directory, lstat '/mnt/data/pickinvoice/pickinvoice-step4/node_modules/next/dist/compiled/react-dom/cjs'
npm warn tar TAR_ENTRY_ERROR ENOENT: no such file or directory, lstat '/mnt/data/pickinvoice/pickinvoice-step4/node_modules/next/dist/compiled/react-dom-experimental/cjs'
npm warn tar TAR_ENTRY_ERROR ENOENT: no such file or directory, lstat '/mnt/data/pickinvoice/pickinvoice-step4/node_modules/next/dist/compiled/react-dom/cjs'
npm warn tar TAR_ENTRY_ERROR ENOENT: no such file or directory, lstat '/mnt/data/pickinvoice/pickinvoice-step4/node_modules/next/dist/compiled/react-dom-experimental/cjs'
npm warn tar TAR_ENTRY_ERROR ENOENT: no such file or directory, lstat '/mnt/data/pickinvoice/pickinvoice-step4/node_modules/next/dist/compiled/react-dom/cjs'
npm warn tar TAR_ENTRY_ERROR ENOENT: no such file or directory, lstat '/mnt/data/pickinvoice/pickinvoice-step4/node_modules/next/dist/compiled/react-dom-experimental/cjs'
npm warn tar TAR_ENTRY_ERROR ENOENT: no such file or directory, lstat '/mnt/data/pickinvoice/pickinvoice-step4/node_modules/next/dist/compiled/react-dom-experimental/cjs'
npm warn tar TAR_ENTRY_ERROR ENOENT: no such file or directory, lstat '/mnt/data/pickinvoice/pickinvoice-step4/node_modules/next/dist/compiled/react-dom-experimental/cjs'
npm warn tar TAR_ENTRY_ERROR ENOENT: no such file or directory, lstat '/mnt/data/pickinvoice/pickinvoice-step4/node_modules/next/dist/compiled/react-dom-experimental/cjs'
npm warn tar TAR_ENTRY_ERROR ENOENT: no such file or directory, lstat '/mnt/data/pickinvoice/pickinvoice-step4/node_modules/next/dist/compiled/react-dom/cjs'
npm warn tar TAR_ENTRY_ERROR ENOENT: no such file or directory, lstat '/mnt/data/pickinvoice/pickinvoice-step4/node_modules/next/dist/esm/server/future'
npm warn tar TAR_ENTRY_ERROR ENOENT: no such file or directory, lstat '/mnt/data/pickinvoice/pickinvoice-step4/node_modules/next/dist/esm/server/future'
npm warn tar TAR_ENTRY_ERROR ENOENT: no such file or directory, lstat '/mnt/data/pickinvoice/pickinvoice-step4/node_modules/next/dist/server/future'
npm warn tar TAR_ENTRY_ERROR ENOENT: no such file or directory, lstat '/mnt/data/pickinvoice/pickinvoice-step4/node_modules/next/dist/server/future'
npm warn tar TAR_ENTRY_ERROR ENOENT: no such file or directory, lstat '/mnt/data/pickinvoice/pickinvoice-step4/node_modules/next/dist/compiled/react-dom-experimental/cjs'
npm warn tar TAR_ENTRY_ERROR ENOENT: no such file or directory, lstat '/mnt/data/pickinvoice/pickinvoice-step4/node_modules/next/dist/compiled/react-dom/cjs'
npm warn tar TAR_ENTRY_ERROR ENOENT: no such file or directory, lstat '/mnt/data/pickinvoice/pickinvoice-step4/node_modules/next/dist/compiled/react-dom-experimental/cjs'
npm warn tar TAR_ENTRY_ERROR ENOENT: no such file or directory, lstat '/mnt/data/pickinvoice/pickinvoice-step4/node_modules/next/dist/compiled/react-dom/cjs'
npm warn tar TAR_ENTRY_ERROR ENOENT: no such file or directory, lstat '/mnt/data/pickinvoice/pickinvoice-step4/node_modules/next/dist/compiled/react-dom-experimental/cjs'
npm warn tar TAR_ENTRY_ERROR ENOENT: no such file or directory, lstat '/mnt/data/pickinvoice/pickinvoice-step4/node_modules/next/dist/compiled/react-dom/cjs'
npm warn tar TAR_ENTRY_ERROR ENOENT: no such file or directory, lstat '/mnt/data/pickinvoice/pickinvoice-step4/node_modules/next/dist/compiled/react-dom-experimental/cjs'
npm warn tar TAR_ENTRY_ERROR ENOENT: no such file or directory, lstat '/mnt/data/pickinvoice/pickinvoice-step4/node_modules/next/dist/compiled/react-dom/cjs'
npm warn tar TAR_ENTRY_ERROR ENOENT: no such file or directory, lstat '/mnt/data/pickinvoice/pickinvoice-step4/node_modules/next/dist/compiled/react-dom-experimental/cjs'
npm warn tar TAR_ENTRY_ERROR ENOENT: no such file or directory, lstat '/mnt/data/pickinvoice/pickinvoice-step4/node_modules/next/dist/compiled/react-dom/cjs'
npm warn tar TAR_ENTRY_ERROR ENOENT: no such file or directory, open '/mnt/data/pickinvoice/pickinvoice-step4/node_modules/next/dist/compiled/react-dom-experimental/react-dom.react-server.js'
npm warn tar TAR_ENTRY_ERROR ENOENT: no such file or directory, open '/mnt/data/pickinvoice/pickinvoice-step4/node_modules/next/dist/compiled/react-dom/react-dom.react-server.js'
npm warn tar TAR_ENTRY_ERROR ENOENT: no such file or directory, lstat '/mnt/data/pickinvoice/pickinvoice-step4/node_modules/next/dist/compiled/react-dom-experimental/cjs'
npm warn tar TAR_ENTRY_ERROR ENOENT: no such file or directory, lstat '/mnt/data/pickinvoice/pickinvoice-step4/node_modules/next/dist/compiled/react-dom/cjs'
npm warn tar TAR_ENTRY_ERROR ENOENT: no such file or directory, lstat '/mnt/data/pickinvoice/pickinvoice-step4/node_modules/next/dist/compiled/react-dom-experimental/cjs'
npm warn tar TAR_ENTRY_ERROR ENOENT: no such file or directory, lstat '/mnt/data/pickinvoice/pickinvoice-step4/node_modules/next/dist/compiled/react-dom/cjs'
npm warn tar TAR_ENTRY_ERROR ENOENT: no such file or directory, lstat '/mnt/data/pickinvoice/pickinvoice-step4/node_modules/next/dist/compiled/react-is/cjs'
npm warn tar TAR_ENTRY_ERROR ENOENT: no such file or directory, lstat '/mnt/data/pickinvoice/pickinvoice-step4/node_modules/next/dist/compiled/react-is/umd'
npm warn tar TAR_ENTRY_ERROR ENOENT: no such file or directory, lstat '/mnt/data/pickinvoice/pickinvoice-step4/node_modules/next/dist/compiled/react-is/cjs'
npm warn tar TAR_ENTRY_ERROR ENOENT: no such file or directory, lstat '/mnt/data/pickinvoice/pickinvoice-step4/node_modules/next/dist/compiled/react-is/umd'
npm warn tar TAR_ENTRY_ERROR ENOENT: no such file or directory, lstat '/mnt/data/pickinvoice/pickinvoice-step4/node_modules/next/dist/compiled/react-experimental/cjs'
npm warn tar TAR_ENTRY_ERROR ENOENT: no such file or directory, lstat '/mnt/data/pickinvoice/pickinvoice-step4/node_modules/next/dist/compiled/react/cjs'
npm warn tar TAR_ENTRY_ERROR ENOENT: no such file or directory, lstat '/mnt/data/pickinvoice/pickinvoice-step4/node_modules/next/dist/esm/server/future'
npm warn tar TAR_ENTRY_ERROR ENOENT: no such file or directory, lstat '/mnt/data/pickinvoice/pickinvoice-step4/node_modules/next/dist/esm/server/future'
npm warn tar TAR_ENTRY_ERROR ENOENT: no such file or directory, lstat '/mnt/data/pickinvoice/pickinvoice-step4/node_modules/next/dist/server/future'
npm warn tar TAR_ENTRY_ERROR ENOENT: no such file or directory, lstat '/mnt/data/pickinvoice/pickinvoice-step4/node_modules/next/dist/server/future'
npm warn tar TAR_ENTRY_ERROR ENOENT: no such file or directory, lstat '/mnt/data/pickinvoice/pickinvoice-step4/node_modules/next/dist/compiled/react-experimental/cjs'
npm warn tar TAR_ENTRY_ERROR ENOENT: no such file or directory, lstat '/mnt/data/pickinvoice/pickinvoice-step4/node_modules/next/dist/compiled/react/cjs'
npm warn tar TAR_ENTRY_ERROR ENOENT: no such file or directory, lstat '/mnt/data/pickinvoice/pickinvoice-step4/node_modules/next/dist/compiled/react-experimental/cjs'
npm warn tar TAR_ENTRY_ERROR ENOENT: no such file or directory, lstat '/mnt/data/pickinvoice/pickinvoice-step4/node_modules/next/dist/compiled/react/cjs'
npm warn tar TAR_ENTRY_ERROR ENOENT: no such file or directory, lstat '/mnt/data/pickinvoice/pickinvoice-step4/node_modules/next/dist/compiled/react-experimental/cjs'
npm warn tar TAR_ENTRY_ERROR ENOENT: no such file or directory, lstat '/mnt/data/pickinvoice/pickinvoice-step4/node_modules/next/dist/compiled/react/cjs'
npm warn tar TAR_ENTRY_ERROR ENOENT: no such file or directory, lstat '/mnt/data/pickinvoice/pickinvoice-step4/node_modules/next/dist/compiled/react-experimental/cjs'
npm warn tar TAR_ENTRY_ERROR ENOENT: no such file or directory, lstat '/mnt/data/pickinvoice/pickinvoice-step4/node_modules/next/dist/compiled/react/cjs'
npm warn tar TAR_ENTRY_ERROR ENOENT: no such file or directory, lstat '/mnt/data/pickinvoice/pickinvoice-step4/node_modules/next/dist/compiled/react-experimental/cjs'
npm warn tar TAR_ENTRY_ERROR ENOENT: no such file or directory, lstat '/mnt/data/pickinvoice/pickinvoice-step4/node_modules/next/dist/compiled/react/cjs'
npm warn tar TAR_ENTRY_ERROR ENOENT: no such file or directory, lstat '/mnt/data/pickinvoice/pickinvoice-step4/node_modules/next/dist/esm/server/future'
npm warn tar TAR_ENTRY_ERROR ENOENT: no such file or directory, lstat '/mnt/data/pickinvoice/pickinvoice-step4/node_modules/next/dist/esm/server/future'
npm warn tar TAR_ENTRY_ERROR ENOENT: no such file or directory, lstat '/mnt/data/pickinvoice/pickinvoice-step4/node_modules/next/dist/server/future'
npm warn tar TAR_ENTRY_ERROR ENOENT: no such file or directory, lstat '/mnt/data/pickinvoice/pickinvoice-step4/node_modules/next/dist/server/future'
npm warn tar TAR_ENTRY_ERROR ENOENT: no such file or directory, lstat '/mnt/data/pickinvoice/pickinvoice-step4/node_modules/next/dist/compiled/react-experimental/cjs'
npm warn tar TAR_ENTRY_ERROR ENOENT: no such file or directory, lstat '/mnt/data/pickinvoice/pickinvoice-step4/node_modules/next/dist/compiled/react/cjs'
npm warn tar TAR_ENTRY_ERROR ENOENT: no such file or directory, lstat '/mnt/data/pickinvoice/pickinvoice-step4/node_modules/next/dist/compiled/react-experimental/cjs'
npm warn tar TAR_ENTRY_ERROR ENOENT: no such file or directory, lstat '/mnt/data/pickinvoice/pickinvoice-step4/node_modules/next/dist/compiled/react/cjs'
npm warn tar TAR_ENTRY_ERROR ENOENT: no such file or directory, lstat '/mnt/data/pickinvoice/pickinvoice-step4/node_modules/next/dist/compiled/react-experimental/cjs'
npm warn tar TAR_ENTRY_ERROR ENOENT: no such file or directory, lstat '/mnt/data/pickinvoice/pickinvoice-step4/node_modules/next/dist/compiled/react/cjs'
npm warn tar TAR_ENTRY_ERROR ENOENT: no such file or directory, lstat '/mnt/data/pickinvoice/pickinvoice-step4/node_modules/next/dist/compiled/react-experimental/cjs'
npm warn tar TAR_ENTRY_ERROR ENOENT: no such file or directory, lstat '/mnt/data/pickinvoice/pickinvoice-step4/node_modules/next/dist/compiled/react/cjs'
npm warn tar TAR_ENTRY_ERROR ENOENT: no such file or directory, lstat '/mnt/data/pickinvoice/pickinvoice-step4/node_modules/next/dist/compiled/react-experimental/cjs'
npm warn tar TAR_ENTRY_ERROR ENOENT: no such file or directory, lstat '/mnt/data/pickinvoice/pickinvoice-step4/node_modules/next/dist/compiled/react/cjs'
npm warn tar TAR_ENTRY_ERROR ENOENT: no such file or directory, lstat '/mnt/data/pickinvoice/pickinvoice-step4/node_modules/next/dist/compiled/react-experimental/cjs'
npm warn tar TAR_ENTRY_ERROR ENOENT: no such file or directory, lstat '/mnt/data/pickinvoice/pickinvoice-step4/node_modules/next/dist/compiled/react/cjs'
npm warn tar TAR_ENTRY_ERROR ENOENT: no such file or directory, lstat '/mnt/data/pickinvoice/pickinvoice-step4/node_modules/next/dist/compiled/react-experimental/cjs'
npm warn tar TAR_ENTRY_ERROR ENOENT: no such file or directory, lstat '/mnt/data/pickinvoice/pickinvoice-step4/node_modules/next/dist/compiled/react/cjs'
npm warn tar TAR_ENTRY_ERROR ENOENT: no such file or directory, open '/mnt/data/pickinvoice/pickinvoice-step4/node_modules/next/dist/build/babel/plugins/react-loadable-plugin.js'
npm warn tar TAR_ENTRY_ERROR ENOENT: no such file or directory, open '/mnt/data/pickinvoice/pickinvoice-step4/node_modules/next/dist/build/webpack/plugins/react-loadable-plugin.js'
npm warn tar TAR_ENTRY_ERROR ENOENT: no such file or directory, open '/mnt/data/pickinvoice/pickinvoice-step4/node_modules/next/dist/esm/build/babel/plugins/react-loadable-plugin.js'
npm warn tar TAR_ENTRY_ERROR ENOENT: no such file or directory, open '/mnt/data/pickinvoice/pickinvoice-step4/node_modules/next/dist/esm/build/webpack/plugins/react-loadable-plugin.js'
npm warn tar TAR_ENTRY_ERROR ENOENT: no such file or directory, lstat '/mnt/data/pickinvoice/pickinvoice-step4/node_modules/next/dist/compiled/react-refresh/cjs'
npm warn tar TAR_ENTRY_ERROR ENOENT: no such file or directory, lstat '/mnt/data/pickinvoice/pickinvoice-step4/node_modules/next/dist/compiled/react-refresh/cjs'
npm warn tar TAR_ENTRY_ERROR ENOENT: no such file or directory, lstat '/mnt/data/pickinvoice/pickinvoice-step4/node_modules/next/dist/compiled/react-refresh/cjs'
npm warn tar TAR_ENTRY_ERROR ENOENT: no such file or directory, lstat '/mnt/data/pickinvoice/pickinvoice-step4/node_modules/next/dist/compiled/react-refresh/cjs'
npm warn tar TAR_ENTRY_ERROR ENOENT: no such file or directory, lstat '/mnt/data/pickinvoice/pickinvoice-step4/node_modules/next/dist/esm/server/future'
npm warn tar TAR_ENTRY_ERROR ENOENT: no such file or directory, lstat '/mnt/data/pickinvoice/pickinvoice-step4/node_modules/next/dist/server/future'
npm warn tar TAR_ENTRY_ERROR ENOENT: no such file or directory, lstat '/mnt/data/pickinvoice/pickinvoice-step4/node_modules/next/dist/compiled/react-server-dom-turbopack-experimental/cjs'
npm warn tar TAR_ENTRY_ERROR ENOENT: no such file or directory, lstat '/mnt/data/pickinvoice/pickinvoice-step4/node_modules/next/dist/compiled/react-server-dom-turbopack/cjs'
npm warn tar TAR_ENTRY_ERROR ENOENT: no such file or directory, lstat '/mnt/data/pickinvoice/pickinvoice-step4/node_modules/next/dist/compiled/react-server-dom-turbopack-experimental/cjs'
npm warn tar TAR_ENTRY_ERROR ENOENT: no such file or directory, lstat '/mnt/data/pickinvoice/pickinvoice-step4/node_modules/next/dist/compiled/react-server-dom-turbopack/cjs'
npm warn tar TAR_ENTRY_ERROR ENOENT: no such file or directory, lstat '/mnt/data/pickinvoice/pickinvoice-step4/node_modules/next/dist/compiled/react-server-dom-turbopack-experimental/cjs'
npm warn tar TAR_ENTRY_ERROR ENOENT: no such file or directory, lstat '/mnt/data/pickinvoice/pickinvoice-step4/node_modules/next/dist/compiled/react-server-dom-turbopack/cjs'
npm warn tar TAR_ENTRY_ERROR ENOENT: no such file or directory, lstat '/mnt/data/pickinvoice/pickinvoice-step4/node_modules/next/dist/compiled/react-server-dom-turbopack-experimental/cjs'
npm warn tar TAR_ENTRY_ERROR ENOENT: no such file or directory, lstat '/mnt/data/pickinvoice/pickinvoice-step4/node_modules/next/dist/compiled/react-server-dom-turbopack/cjs'
npm warn tar TAR_ENTRY_ERROR ENOENT: no such file or directory, lstat '/mnt/data/pickinvoice/pickinvoice-step4/node_modules/next/dist/compiled/react-server-dom-turbopack-experimental/cjs'
npm warn tar TAR_ENTRY_ERROR ENOENT: no such file or directory, lstat '/mnt/data/pickinvoice/pickinvoice-step4/node_modules/next/dist/compiled/react-server-dom-turbopack/cjs'
npm warn tar TAR_ENTRY_ERROR ENOENT: no such file or directory, lstat '/mnt/data/pickinvoice/pickinvoice-step4/node_modules/next/dist/compiled/react-server-dom-turbopack-experimental/cjs'
npm warn tar TAR_ENTRY_ERROR ENOENT: no such file or directory, lstat '/mnt/data/pickinvoice/pickinvoice-step4/node_modules/next/dist/compiled/react-server-dom-turbopack/cjs'
npm warn tar TAR_ENTRY_ERROR ENOENT: no such file or directory, lstat '/mnt/data/pickinvoice/pickinvoice-step4/node_modules/next/dist/compiled/react-server-dom-turbopack-experimental/cjs'
npm warn tar TAR_ENTRY_ERROR ENOENT: no such file or directory, lstat '/mnt/data/pickinvoice/pickinvoice-step4/node_modules/next/dist/compiled/react-server-dom-turbopack/cjs'
npm warn tar TAR_ENTRY_ERROR ENOENT: no such file or directory, lstat '/mnt/data/pickinvoice/pickinvoice-step4/node_modules/next/dist/compiled/react-server-dom-turbopack-experimental/cjs'
npm warn tar TAR_ENTRY_ERROR ENOENT: no such file or directory, lstat '/mnt/data/pickinvoice/pickinvoice-step4/node_modules/next/dist/compiled/react-server-dom-turbopack/cjs'
npm warn tar TAR_ENTRY_ERROR ENOENT: no such file or directory, lstat '/mnt/data/pickinvoice/pickinvoice-step4/node_modules/next/dist/compiled/react-server-dom-turbopack-experimental/cjs'
npm warn tar TAR_ENTRY_ERROR ENOENT: no such file or directory, lstat '/mnt/data/pickinvoice/pickinvoice-step4/node_modules/next/dist/compiled/react-server-dom-turbopack/cjs'
npm warn tar TAR_ENTRY_ERROR ENOENT: no such file or directory, lstat '/mnt/data/pickinvoice/pickinvoice-step4/node_modules/next/dist/compiled/react-server-dom-turbopack-experimental/cjs'
npm warn tar TAR_ENTRY_ERROR ENOENT: no such file or directory, lstat '/mnt/data/pickinvoice/pickinvoice-step4/node_modules/next/dist/compiled/react-server-dom-turbopack/cjs'
npm warn tar TAR_ENTRY_ERROR ENOENT: no such file or directory, lstat '/mnt/data/pickinvoice/pickinvoice-step4/node_modules/next/dist/compiled/react-server-dom-turbopack-experimental/cjs'
npm warn tar TAR_ENTRY_ERROR ENOENT: no such file or directory, lstat '/mnt/data/pickinvoice/pickinvoice-step4/node_modules/next/dist/compiled/react-server-dom-turbopack/cjs'
npm warn tar TAR_ENTRY_ERROR ENOENT: no such file or directory, lstat '/mnt/data/pickinvoice/pickinvoice-step4/node_modules/next/dist/compiled/react-server-dom-turbopack-experimental/cjs'
npm warn tar TAR_ENTRY_ERROR ENOENT: no such file or directory, lstat '/mnt/data/pickinvoice/pickinvoice-step4/node_modules/next/dist/compiled/react-server-dom-turbopack/cjs'
npm warn tar TAR_ENTRY_ERROR ENOENT: no such file or directory, lstat '/mnt/data/pickinvoice/pickinvoice-step4/node_modules/next/dist/compiled/react-server-dom-turbopack-experimental/cjs'
npm warn tar TAR_ENTRY_ERROR ENOENT: no such file or directory, lstat '/mnt/data/pickinvoice/pickinvoice-step4/node_modules/next/dist/compiled/react-server-dom-turbopack/cjs'
npm warn tar TAR_ENTRY_ERROR ENOENT: no such file or directory, lstat '/mnt/data/pickinvoice/pickinvoice-step4/node_modules/next/dist/esm/server/future'
npm warn tar TAR_ENTRY_ERROR ENOENT: no such file or directory, lstat '/mnt/data/pickinvoice/pickinvoice-step4/node_modules/next/dist/server/future'
npm warn tar TAR_ENTRY_ERROR ENOENT: no such file or directory, lstat '/mnt/data/pickinvoice/pickinvoice-step4/node_modules/next/dist/esm/server/future'
npm warn tar TAR_ENTRY_ERROR ENOENT: no such file or directory, lstat '/mnt/data/pickinvoice/pickinvoice-step4/node_modules/next/dist/server/future'
npm warn tar TAR_ENTRY_ERROR ENOENT: no such file or directory, lstat '/mnt/data/pickinvoice/pickinvoice-step4/node_modules/next/dist/compiled/react-server-dom-turbopack-experimental/cjs'
npm warn tar TAR_ENTRY_ERROR ENOENT: no such file or directory, lstat '/mnt/data/pickinvoice/pickinvoice-step4/node_modules/next/dist/compiled/react-server-dom-turbopack/cjs'
npm warn tar TAR_ENTRY_ERROR ENOENT: no such file or directory, lstat '/mnt/data/pickinvoice/pickinvoice-step4/node_modules/next/dist/compiled/react-server-dom-turbopack-experimental/cjs'
npm warn tar TAR_ENTRY_ERROR ENOENT: no such file or directory, lstat '/mnt/data/pickinvoice/pickinvoice-step4/node_modules/next/dist/compiled/react-server-dom-turbopack/cjs'
npm warn tar TAR_ENTRY_ERROR ENOENT: no such file or directory, lstat '/mnt/data/pickinvoice/pickinvoice-step4/node_modules/next/dist/compiled/react-server-dom-turbopack-experimental/cjs'
npm warn tar TAR_ENTRY_ERROR ENOENT: no such file or directory, lstat '/mnt/data/pickinvoice/pickinvoice-step4/node_modules/next/dist/compiled/react-server-dom-turbopack/cjs'
npm warn tar TAR_ENTRY_ERROR ENOENT: no such file or directory, lstat '/mnt/data/pickinvoice/pickinvoice-step4/node_modules/next/dist/compiled/react-server-dom-turbopack-experimental/cjs'
npm warn tar TAR_ENTRY_ERROR ENOENT: no such file or directory, lstat '/mnt/data/pickinvoice/pickinvoice-step4/node_modules/next/dist/compiled/react-server-dom-turbopack/cjs'
npm warn tar TAR_ENTRY_ERROR ENOENT: no such file or directory, lstat '/mnt/data/pickinvoice/pickinvoice-step4/node_modules/next/dist/compiled/react-server-dom-turbopack-experimental/cjs'
npm warn tar TAR_ENTRY_ERROR ENOENT: no such file or directory, lstat '/mnt/data/pickinvoice/pickinvoice-step4/node_modules/next/dist/compiled/react-server-dom-turbopack/cjs'
npm warn tar TAR_ENTRY_ERROR ENOENT: no such file or directory, lstat '/mnt/data/pickinvoice/pickinvoice-step4/node_modules/next/dist/compiled/react-server-dom-turbopack-experimental/cjs'
npm warn tar TAR_ENTRY_ERROR ENOENT: no such file or directory, lstat '/mnt/data/pickinvoice/pickinvoice-step4/node_modules/next/dist/compiled/react-server-dom-turbopack/cjs'
npm warn tar TAR_ENTRY_ERROR ENOENT: no such file or directory, lstat '/mnt/data/pickinvoice/pickinvoice-step4/node_modules/next/dist/compiled/react-server-dom-turbopack-experimental/cjs'
npm warn tar TAR_ENTRY_ERROR ENOENT: no such file or directory, lstat '/mnt/data/pickinvoice/pickinvoice-step4/node_modules/next/dist/compiled/react-server-dom-turbopack/cjs'
npm warn tar TAR_ENTRY_ERROR ENOENT: no such file or directory, lstat '/mnt/data/pickinvoice/pickinvoice-step4/node_modules/next/dist/compiled/react-server-dom-turbopack-experimental/cjs'
npm warn tar TAR_ENTRY_ERROR ENOENT: no such file or directory, lstat '/mnt/data/pickinvoice/pickinvoice-step4/node_modules/next/dist/compiled/react-server-dom-turbopack/cjs'
npm warn tar TAR_ENTRY_ERROR ENOENT: no such file or directory, lstat '/mnt/data/pickinvoice/pickinvoice-step4/node_modules/next/dist/compiled/react-server-dom-turbopack-experimental/cjs'
npm warn tar TAR_ENTRY_ERROR ENOENT: no such file or directory, lstat '/mnt/data/pickinvoice/pickinvoice-step4/node_modules/next/dist/compiled/react-server-dom-turbopack/cjs'
npm warn tar TAR_ENTRY_ERROR ENOENT: no such file or directory, lstat '/mnt/data/pickinvoice/pickinvoice-step4/node_modules/next/dist/compiled/react-server-dom-turbopack-experimental/cjs'
npm warn tar TAR_ENTRY_ERROR ENOENT: no such file or directory, lstat '/mnt/data/pickinvoice/pickinvoice-step4/node_modules/next/dist/compiled/react-server-dom-turbopack/cjs'
npm warn tar TAR_ENTRY_ERROR ENOENT: no such file or directory, lstat '/mnt/data/pickinvoice/pickinvoice-step4/node_modules/next/dist/compiled/react-server-dom-turbopack-experimental/cjs'
npm warn tar TAR_ENTRY_ERROR ENOENT: no such file or directory, lstat '/mnt/data/pickinvoice/pickinvoice-step4/node_modules/next/dist/compiled/react-server-dom-turbopack/cjs'
npm warn tar TAR_ENTRY_ERROR ENOENT: no such file or directory, lstat '/mnt/data/pickinvoice/pickinvoice-step4/node_modules/next/dist/compiled/react-server-dom-turbopack-experimental/cjs'
npm warn tar TAR_ENTRY_ERROR ENOENT: no such file or directory, lstat '/mnt/data/pickinvoice/pickinvoice-step4/node_modules/next/dist/compiled/react-server-dom-turbopack/cjs'
npm warn tar TAR_ENTRY_ERROR ENOENT: no such file or directory, lstat '/mnt/data/pickinvoice/pickinvoice-step4/node_modules/next/dist/esm/server/future'
npm warn tar TAR_ENTRY_ERROR ENOENT: no such file or directory, lstat '/mnt/data/pickinvoice/pickinvoice-step4/node_modules/next/dist/server/future'
npm warn tar TAR_ENTRY_ERROR ENOENT: no such file or directory, lstat '/mnt/data/pickinvoice/pickinvoice-step4/node_modules/next/dist/compiled/react-server-dom-webpack-experimental/cjs'
npm warn tar TAR_ENTRY_ERROR ENOENT: no such file or directory, lstat '/mnt/data/pickinvoice/pickinvoice-step4/node_modules/next/dist/compiled/react-server-dom-webpack/cjs'
npm warn tar TAR_ENTRY_ERROR ENOENT: no such file or directory, lstat '/mnt/data/pickinvoice/pickinvoice-step4/node_modules/next/dist/compiled/react-server-dom-webpack-experimental/cjs'
npm warn tar TAR_ENTRY_ERROR ENOENT: no such file or directory, lstat '/mnt/data/pickinvoice/pickinvoice-step4/node_modules/next/dist/compiled/react-server-dom-webpack/cjs'
npm warn tar TAR_ENTRY_ERROR ENOENT: no such file or directory, lstat '/mnt/data/pickinvoice/pickinvoice-step4/node_modules/next/dist/compiled/react-server-dom-webpack-experimental/cjs'
npm warn tar TAR_ENTRY_ERROR ENOENT: no such file or directory, lstat '/mnt/data/pickinvoice/pickinvoice-step4/node_modules/next/dist/compiled/react-server-dom-webpack/cjs'
npm warn tar TAR_ENTRY_ERROR ENOENT: no such file or directory, lstat '/mnt/data/pickinvoice/pickinvoice-step4/node_modules/next/dist/compiled/react-server-dom-webpack-experimental/cjs'
npm warn tar TAR_ENTRY_ERROR ENOENT: no such file or directory, lstat '/mnt/data/pickinvoice/pickinvoice-step4/node_modules/next/dist/compiled/react-server-dom-webpack/cjs'
npm warn tar TAR_ENTRY_ERROR ENOENT: no such file or directory, lstat '/mnt/data/pickinvoice/pickinvoice-step4/node_modules/next/dist/compiled/react-server-dom-webpack-experimental/cjs'
npm warn tar TAR_ENTRY_ERROR ENOENT: no such file or directory, lstat '/mnt/data/pickinvoice/pickinvoice-step4/node_modules/next/dist/compiled/react-server-dom-webpack/cjs'
npm warn tar TAR_ENTRY_ERROR ENOENT: no such file or directory, lstat '/mnt/data/pickinvoice/pickinvoice-step4/node_modules/next/dist/compiled/react-server-dom-webpack-experimental/cjs'
npm warn tar TAR_ENTRY_ERROR ENOENT: no such file or directory, lstat '/mnt/data/pickinvoice/pickinvoice-step4/node_modules/next/dist/compiled/react-server-dom-webpack/cjs'
npm warn tar TAR_ENTRY_ERROR ENOENT: no such file or directory, lstat '/mnt/data/pickinvoice/pickinvoice-step4/node_modules/next/dist/compiled/react-server-dom-webpack-experimental/cjs'
npm warn tar TAR_ENTRY_ERROR ENOENT: no such file or directory, lstat '/mnt/data/pickinvoice/pickinvoice-step4/node_modules/next/dist/compiled/react-server-dom-webpack/cjs'
npm warn tar TAR_ENTRY_ERROR ENOENT: no such file or directory, lstat '/mnt/data/pickinvoice/pickinvoice-step4/node_modules/next/dist/compiled/react-server-dom-webpack-experimental/cjs'
npm warn tar TAR_ENTRY_ERROR ENOENT: no such file or directory, lstat '/mnt/data/pickinvoice/pickinvoice-step4/node_modules/next/dist/compiled/react-server-dom-webpack/cjs'
npm warn tar TAR_ENTRY_ERROR ENOENT: no such file or directory, lstat '/mnt/data/pickinvoice/pickinvoice-step4/node_modules/next/dist/compiled/react-server-dom-webpack-experimental/cjs'
npm warn tar TAR_ENTRY_ERROR ENOENT: no such file or directory, lstat '/mnt/data/pickinvoice/pickinvoice-step4/node_modules/next/dist/compiled/react-server-dom-webpack/cjs'
npm warn tar TAR_ENTRY_ERROR ENOENT: no such file or directory, lstat '/mnt/data/pickinvoice/pickinvoice-step4/node_modules/next/dist/compiled/react-server-dom-webpack-experimental/cjs'
npm warn tar TAR_ENTRY_ERROR ENOENT: no such file or directory, lstat '/mnt/data/pickinvoice/pickinvoice-step4/node_modules/next/dist/compiled/react-server-dom-webpack/cjs'
npm warn tar TAR_ENTRY_ERROR ENOENT: no such file or directory, lstat '/mnt/data/pickinvoice/pickinvoice-step4/node_modules/next/dist/compiled/react-server-dom-webpack-experimental/cjs'
npm warn tar TAR_ENTRY_ERROR ENOENT: no such file or directory, lstat '/mnt/data/pickinvoice/pickinvoice-step4/node_modules/next/dist/compiled/react-server-dom-webpack/cjs'
npm warn tar TAR_ENTRY_ERROR ENOENT: no such file or directory, lstat '/mnt/data/pickinvoice/pickinvoice-step4/node_modules/next/dist/compiled/react-server-dom-webpack-experimental/cjs'
npm warn tar TAR_ENTRY_ERROR ENOENT: no such file or directory, lstat '/mnt/data/pickinvoice/pickinvoice-step4/node_modules/next/dist/compiled/react-server-dom-webpack/cjs'
npm warn tar TAR_ENTRY_ERROR ENOENT: no such file or directory, lstat '/mnt/data/pickinvoice/pickinvoice-step4/node_modules/next/dist/compiled/react-server-dom-webpack-experimental/cjs'
npm warn tar TAR_ENTRY_ERROR ENOENT: no such file or directory, lstat '/mnt/data/pickinvoice/pickinvoice-step4/node_modules/next/dist/compiled/react-server-dom-webpack/cjs'
npm warn tar TAR_ENTRY_ERROR ENOENT: no such file or directory, lstat '/mnt/data/pickinvoice/pickinvoice-step4/node_modules/next/dist/compiled/react-server-dom-webpack-experimental/cjs'
npm warn tar TAR_ENTRY_ERROR ENOENT: no such file or directory, lstat '/mnt/data/pickinvoice/pickinvoice-step4/node_modules/next/dist/compiled/react-server-dom-webpack/cjs'
npm warn tar TAR_ENTRY_ERROR ENOENT: no such file or directory, lstat '/mnt/data/pickinvoice/pickinvoice-step4/node_modules/next/dist/esm/server/future'
npm warn tar TAR_ENTRY_ERROR ENOENT: no such file or directory, lstat '/mnt/data/pickinvoice/pickinvoice-step4/node_modules/next/dist/server/future'
npm warn tar TAR_ENTRY_ERROR ENOENT: no such file or directory, lstat '/mnt/data/pickinvoice/pickinvoice-step4/node_modules/next/dist/esm/server/future'
npm warn tar TAR_ENTRY_ERROR ENOENT: no such file or directory, lstat '/mnt/data/pickinvoice/pickinvoice-step4/node_modules/next/dist/server/future'
npm warn tar TAR_ENTRY_ERROR ENOENT: no such file or directory, lstat '/mnt/data/pickinvoice/pickinvoice-step4/node_modules/next/dist/compiled/react-server-dom-webpack-experimental/cjs'
npm warn tar TAR_ENTRY_ERROR ENOENT: no such file or directory, lstat '/mnt/data/pickinvoice/pickinvoice-step4/node_modules/next/dist/compiled/react-server-dom-webpack/cjs'
npm warn tar TAR_ENTRY_ERROR ENOENT: no such file or directory, lstat '/mnt/data/pickinvoice/pickinvoice-step4/node_modules/next/dist/compiled/react-server-dom-webpack-experimental/cjs'
npm warn tar TAR_ENTRY_ERROR ENOENT: no such file or directory, lstat '/mnt/data/pickinvoice/pickinvoice-step4/node_modules/next/dist/compiled/react-server-dom-webpack/cjs'
npm warn tar TAR_ENTRY_ERROR ENOENT: no such file or directory, lstat '/mnt/data/pickinvoice/pickinvoice-step4/node_modules/next/dist/compiled/react-server-dom-webpack-experimental/cjs'
npm warn tar TAR_ENTRY_ERROR ENOENT: no such file or directory, lstat '/mnt/data/pickinvoice/pickinvoice-step4/node_modules/next/dist/compiled/react-server-dom-webpack/cjs'
npm warn tar TAR_ENTRY_ERROR ENOENT: no such file or directory, lstat '/mnt/data/pickinvoice/pickinvoice-step4/node_modules/next/dist/compiled/react-server-dom-webpack-experimental/cjs'
npm warn tar TAR_ENTRY_ERROR ENOENT: no such file or directory, lstat '/mnt/data/pickinvoice/pickinvoice-step4/node_modules/next/dist/compiled/react-server-dom-webpack/cjs'
npm warn tar TAR_ENTRY_ERROR ENOENT: no such file or directory, lstat '/mnt/data/pickinvoice/pickinvoice-step4/node_modules/next/dist/compiled/react-server-dom-webpack-experimental/cjs'
npm warn tar TAR_ENTRY_ERROR ENOENT: no such file or directory, lstat '/mnt/data/pickinvoice/pickinvoice-step4/node_modules/next/dist/compiled/react-server-dom-webpack/cjs'
npm warn tar TAR_ENTRY_ERROR ENOENT: no such file or directory, lstat '/mnt/data/pickinvoice/pickinvoice-step4/node_modules/next/dist/compiled/react-server-dom-webpack-experimental/cjs'
npm warn tar TAR_ENTRY_ERROR ENOENT: no such file or directory, lstat '/mnt/data/pickinvoice/pickinvoice-step4/node_modules/next/dist/compiled/react-server-dom-webpack/cjs'
npm warn tar TAR_ENTRY_ERROR ENOENT: no such file or directory, lstat '/mnt/data/pickinvoice/pickinvoice-step4/node_modules/next/dist/compiled/react-server-dom-webpack-experimental/cjs'
npm warn tar TAR_ENTRY_ERROR ENOENT: no such file or directory, lstat '/mnt/data/pickinvoice/pickinvoice-step4/node_modules/next/dist/compiled/react-server-dom-webpack/cjs'
npm warn tar TAR_ENTRY_ERROR ENOENT: no such file or directory, lstat '/mnt/data/pickinvoice/pickinvoice-step4/node_modules/next/dist/compiled/react-server-dom-webpack-experimental/cjs'
npm warn tar TAR_ENTRY_ERROR ENOENT: no such file or directory, lstat '/mnt/data/pickinvoice/pickinvoice-step4/node_modules/next/dist/compiled/react-server-dom-webpack/cjs'
npm warn tar TAR_ENTRY_ERROR ENOENT: no such file or directory, lstat '/mnt/data/pickinvoice/pickinvoice-step4/node_modules/next/dist/compiled/react-server-dom-webpack-experimental/cjs'
npm warn tar TAR_ENTRY_ERROR ENOENT: no such file or directory, lstat '/mnt/data/pickinvoice/pickinvoice-step4/node_modules/next/dist/compiled/react-server-dom-webpack/cjs'
npm warn tar TAR_ENTRY_ERROR ENOENT: no such file or directory, lstat '/mnt/data/pickinvoice/pickinvoice-step4/node_modules/next/dist/compiled/react-server-dom-webpack-experimental/cjs'
npm warn tar TAR_ENTRY_ERROR ENOENT: no such file or directory, lstat '/mnt/data/pickinvoice/pickinvoice-step4/node_modules/next/dist/compiled/react-server-dom-webpack/cjs'
npm warn tar TAR_ENTRY_ERROR ENOENT: no such file or directory, lstat '/mnt/data/pickinvoice/pickinvoice-step4/node_modules/next/dist/compiled/react-server-dom-webpack-experimental/cjs'
npm warn tar TAR_ENTRY_ERROR ENOENT: no such file or directory, lstat '/mnt/data/pickinvoice/pickinvoice-step4/node_modules/next/dist/compiled/react-server-dom-webpack/cjs'
npm warn tar TAR_ENTRY_ERROR ENOENT: no such file or directory, lstat '/mnt/data/pickinvoice/pickinvoice-step4/node_modules/next/dist/compiled/react-server-dom-webpack-experimental/cjs'
npm warn tar TAR_ENTRY_ERROR ENOENT: no such file or directory, lstat '/mnt/data/pickinvoice/pickinvoice-step4/node_modules/next/dist/compiled/react-server-dom-webpack/cjs'
npm warn tar TAR_ENTRY_ERROR ENOENT: no such file or directory, open '/mnt/data/pickinvoice/pickinvoice-step4/node_modules/next/dist/esm/server/app-render/react-server.node.js'
npm warn tar TAR_ENTRY_ERROR ENOENT: no such file or directory, open '/mnt/data/pickinvoice/pickinvoice-step4/node_modules/next/dist/server/app-render/react-server.node.js'
npm warn tar TAR_ENTRY_ERROR ENOENT: no such file or directory, lstat '/mnt/data/pickinvoice/pickinvoice-step4/node_modules/next/dist/compiled/react-experimental/cjs'
npm warn tar TAR_ENTRY_ERROR ENOENT: no such file or directory, lstat '/mnt/data/pickinvoice/pickinvoice-step4/node_modules/next/dist/compiled/react/cjs'
npm warn tar TAR_ENTRY_ERROR ENOENT: no such file or directory, lstat '/mnt/data/pickinvoice/pickinvoice-step4/node_modules/next/dist/esm/server/future'
npm warn tar TAR_ENTRY_ERROR ENOENT: no such file or directory, lstat '/mnt/data/pickinvoice/pickinvoice-step4/node_modules/next/dist/esm/server/future'
npm warn tar TAR_ENTRY_ERROR ENOENT: no such file or directory, lstat '/mnt/data/pickinvoice/pickinvoice-step4/node_modules/next/dist/server/future'
npm warn tar TAR_ENTRY_ERROR ENOENT: no such file or directory, lstat '/mnt/data/pickinvoice/pickinvoice-step4/node_modules/next/dist/server/future'
npm warn tar TAR_ENTRY_ERROR ENOENT: no such file or directory, lstat '/mnt/data/pickinvoice/pickinvoice-step4/node_modules/next/dist/compiled/react-experimental/cjs'
npm warn tar TAR_ENTRY_ERROR ENOENT: no such file or directory, lstat '/mnt/data/pickinvoice/pickinvoice-step4/node_modules/next/dist/compiled/react/cjs'
npm warn tar TAR_ENTRY_ERROR ENOENT: no such file or directory, lstat '/mnt/data/pickinvoice/pickinvoice-step4/node_modules/next/dist/compiled/react-experimental/cjs'
npm warn tar TAR_ENTRY_ERROR ENOENT: no such file or directory, lstat '/mnt/data/pickinvoice/pickinvoice-step4/node_modules/next/dist/compiled/react/cjs'
npm warn tar TAR_ENTRY_ERROR ENOENT: no such file or directory, lstat '/mnt/data/pickinvoice/pickinvoice-step4/node_modules/next/dist/compiled/react-experimental/cjs'
npm warn tar TAR_ENTRY_ERROR ENOENT: no such file or directory, lstat '/mnt/data/pickinvoice/pickinvoice-step4/node_modules/next/dist/compiled/react/cjs'
npm warn tar TAR_ENTRY_ERROR ENOENT: no such file or directory, open '/mnt/data/pickinvoice/pickinvoice-step4/node_modules/next/dist/compiled/react-experimental/react.react-server.js'
npm warn tar TAR_ENTRY_ERROR ENOENT: no such file or directory, open '/mnt/data/pickinvoice/pickinvoice-step4/node_modules/next/dist/compiled/react/react.react-server.js'
npm warn tar TAR_ENTRY_ERROR ENOENT: no such file or directory, lstat '/mnt/data/pickinvoice/pickinvoice-step4/node_modules/next/dist/compiled/react-experimental/cjs'
npm warn tar TAR_ENTRY_ERROR ENOENT: no such file or directory, lstat '/mnt/data/pickinvoice/pickinvoice-step4/node_modules/next/dist/compiled/react/cjs'
npm warn tar TAR_ENTRY_ERROR ENOENT: no such file or directory, lstat '/mnt/data/pickinvoice/pickinvoice-step4/node_modules/next/dist/compiled/react-experimental/cjs'
npm warn tar TAR_ENTRY_ERROR ENOENT: no such file or directory, lstat '/mnt/data/pickinvoice/pickinvoice-step4/node_modules/next/dist/compiled/react/cjs'
npm warn tar TAR_ENTRY_ERROR ENOENT: no such file or directory, lstat '/mnt/data/pickinvoice/pickinvoice-step4/node_modules/next/dist/client/components/react-dev-overlay'
npm warn tar TAR_ENTRY_ERROR ENOENT: no such file or directory, open '/mnt/data/pickinvoice/pickinvoice-step4/node_modules/next/dist/client/components/react-dev-overlay/pages/ReactDevOverlay.js'
npm warn tar TAR_ENTRY_ERROR ENOENT: no such file or directory, lstat '/mnt/data/pickinvoice/pickinvoice-step4/node_modules/next/dist/esm/client/components/react-dev-overlay'
npm warn tar TAR_ENTRY_ERROR ENOENT: no such file or directory, open '/mnt/data/pickinvoice/pickinvoice-step4/node_modules/next/dist/esm/client/components/react-dev-overlay/pages/ReactDevOverlay.js'
npm warn tar TAR_ENTRY_ERROR ENOENT: no such file or directory, open '/mnt/data/pickinvoice/pickinvoice-step4/node_modules/next/dist/compiled/@babel/runtime/helpers/esm/readOnlyError.js'
npm warn tar TAR_ENTRY_ERROR ENOENT: no such file or directory, open '/mnt/data/pickinvoice/pickinvoice-step4/node_modules/next/dist/compiled/@babel/runtime/helpers/readOnlyError.js'
npm warn tar TAR_ENTRY_ERROR ENOENT: no such file or directory, open '/mnt/data/pickinvoice/pickinvoice-step4/node_modules/next/dist/esm/lib/realpath.js'
npm warn tar TAR_ENTRY_ERROR ENOENT: no such file or directory, open '/mnt/data/pickinvoice/pickinvoice-step4/node_modules/next/dist/lib/realpath.js'
npm warn tar TAR_ENTRY_ERROR ENOENT: no such file or directory, open '/mnt/data/pickinvoice/pickinvoice-step4/node_modules/next/dist/esm/lib/recursive-copy.js'
npm warn tar TAR_ENTRY_ERROR ENOENT: no such file or directory, open '/mnt/data/pickinvoice/pickinvoice-step4/node_modules/next/dist/lib/recursive-copy.js'
npm warn tar TAR_ENTRY_ERROR ENOENT: no such file or directory, open '/mnt/data/pickinvoice/pickinvoice-step4/node_modules/next/dist/esm/lib/recursive-delete.js'
npm warn tar TAR_ENTRY_ERROR ENOENT: no such file or directory, open '/mnt/data/pickinvoice/pickinvoice-step4/node_modules/next/dist/lib/recursive-delete.js'
npm warn tar TAR_ENTRY_ERROR ENOENT: no such file or directory, open '/mnt/data/pickinvoice/pickinvoice-step4/node_modules/next/dist/esm/lib/recursive-readdir.js'
npm warn tar TAR_ENTRY_ERROR ENOENT: no such file or directory, open '/mnt/data/pickinvoice/pickinvoice-step4/node_modules/next/dist/lib/recursive-readdir.js'
npm warn tar TAR_ENTRY_ERROR ENOENT: no such file or directory, open '/mnt/data/pickinvoice/pickinvoice-step4/node_modules/next/dist/client/components/redirect-boundary.js'
npm warn tar TAR_ENTRY_ERROR ENOENT: no such file or directory, open '/mnt/data/pickinvoice/pickinvoice-step4/node_modules/next/dist/esm/client/components/redirect-boundary.js'
npm warn tar TAR_ENTRY_ERROR ENOENT: no such file or directory, open '/mnt/data/pickinvoice/pickinvoice-step4/node_modules/next/dist/client/components/redirect-status-code.js'
npm warn tar TAR_ENTRY_ERROR ENOENT: no such file or directory, open '/mnt/data/pickinvoice/pickinvoice-step4/node_modules/next/dist/esm/client/components/redirect-status-code.js'
npm warn tar TAR_ENTRY_ERROR ENOENT: no such file or directory, open '/mnt/data/pickinvoice/pickinvoice-step4/node_modules/next/dist/esm/lib/redirect-status.js'
npm warn tar TAR_ENTRY_ERROR ENOENT: no such file or directory, open '/mnt/data/pickinvoice/pickinvoice-step4/node_modules/next/dist/lib/redirect-status.js'
npm warn tar TAR_ENTRY_ERROR ENOENT: no such file or directory, open '/mnt/data/pickinvoice/pickinvoice-step4/node_modules/next/dist/client/components/redirect.js'
npm warn tar TAR_ENTRY_ERROR ENOENT: no such file or directory, open '/mnt/data/pickinvoice/pickinvoice-step4/node_modules/next/dist/esm/client/components/redirect.js'
npm warn tar TAR_ENTRY_ERROR ENOENT: no such file or directory, open '/mnt/data/pickinvoice/pickinvoice-step4/node_modules/next/dist/client/components/router-reducer/refetch-inactive-parallel-segments.js'
npm warn tar TAR_ENTRY_ERROR ENOENT: no such file or directory, open '/mnt/data/pickinvoice/pickinvoice-step4/node_modules/next/dist/esm/client/components/router-reducer/refetch-inactive-parallel-segments.js'
npm warn tar TAR_ENTRY_ERROR ENOENT: no such file or directory, lstat '/mnt/data/pickinvoice/pickinvoice-step4/node_modules/next/dist/esm/server/web/spec-extension/adapters'
npm warn tar TAR_ENTRY_ERROR ENOENT: no such file or directory, lstat '/mnt/data/pickinvoice/pickinvoice-step4/node_modules/next/dist/server/web/spec-extension/adapters'
npm warn tar TAR_ENTRY_ERROR ENOENT: no such file or directory, lstat '/mnt/data/pickinvoice/pickinvoice-step4/node_modules/next/dist/client/components/router-reducer/reducers'
npm warn tar TAR_ENTRY_ERROR ENOENT: no such file or directory, lstat '/mnt/data/pickinvoice/pickinvoice-step4/node_modules/next/dist/esm/client/components/router-reducer/reducers'
npm warn tar TAR_ENTRY_ERROR ENOENT: no such file or directory, open '/mnt/data/pickinvoice/pickinvoice-step4/node_modules/next/dist/compiled/@babel/runtime/helpers/esm/regeneratorRuntime.js'
npm warn tar TAR_ENTRY_ERROR ENOENT: no such file or directory, open '/mnt/data/pickinvoice/pickinvoice-step4/node_modules/next/dist/compiled/@babel/runtime/helpers/regeneratorRuntime.js'
npm warn tar TAR_ENTRY_ERROR ENOENT: no such file or directory, open '/mnt/data/pickinvoice/pickinvoice-step4/node_modules/next/dist/esm/shared/lib/router/utils/relativize-url.js'
npm warn tar TAR_ENTRY_ERROR ENOENT: no such file or directory, open '/mnt/data/pickinvoice/pickinvoice-step4/node_modules/next/dist/shared/lib/router/utils/relativize-url.js'
npm warn tar TAR_ENTRY_ERROR ENOENT: no such file or directory, open '/mnt/data/pickinvoice/pickinvoice-step4/node_modules/next/dist/client/remove-base-path.js'
npm warn tar TAR_ENTRY_ERROR ENOENT: no such file or directory, open '/mnt/data/pickinvoice/pickinvoice-step4/node_modules/next/dist/esm/client/remove-base-path.js'
npm warn tar TAR_ENTRY_ERROR ENOENT: no such file or directory, open '/mnt/data/pickinvoice/pickinvoice-step4/node_modules/next/dist/client/remove-locale.js'
npm warn tar TAR_ENTRY_ERROR ENOENT: no such file or directory, open '/mnt/data/pickinvoice/pickinvoice-step4/node_modules/next/dist/esm/client/remove-locale.js'
npm warn tar TAR_ENTRY_ERROR ENOENT: no such file or directory, open '/mnt/data/pickinvoice/pickinvoice-step4/node_modules/next/dist/esm/shared/lib/page-path/remove-page-path-tail.js'
npm warn tar TAR_ENTRY_ERROR ENOENT: no such file or directory, open '/mnt/data/pickinvoice/pickinvoice-step4/node_modules/next/dist/shared/lib/page-path/remove-page-path-tail.js'
npm warn tar TAR_ENTRY_ERROR ENOENT: no such file or directory, open '/mnt/data/pickinvoice/pickinvoice-step4/node_modules/next/dist/esm/shared/lib/router/utils/remove-path-prefix.js'
npm warn tar TAR_ENTRY_ERROR ENOENT: no such file or directory, open '/mnt/data/pickinvoice/pickinvoice-step4/node_modules/next/dist/shared/lib/router/utils/remove-path-prefix.js'
npm warn tar TAR_ENTRY_ERROR ENOENT: no such file or directory, open '/mnt/data/pickinvoice/pickinvoice-step4/node_modules/next/dist/esm/shared/lib/router/utils/remove-trailing-slash.js'
npm warn tar TAR_ENTRY_ERROR ENOENT: no such file or directory, open '/mnt/data/pickinvoice/pickinvoice-step4/node_modules/next/dist/shared/lib/router/utils/remove-trailing-slash.js'
npm warn tar TAR_ENTRY_ERROR ENOENT: no such file or directory, lstat '/mnt/data/pickinvoice/pickinvoice-step4/node_modules/next/dist/esm/lib/fs'
npm warn tar TAR_ENTRY_ERROR ENOENT: no such file or directory, lstat '/mnt/data/pickinvoice/pickinvoice-step4/node_modules/next/dist/lib/fs'
npm warn tar TAR_ENTRY_ERROR ENOENT: no such file or directory, open '/mnt/data/pickinvoice/pickinvoice-step4/node_modules/next/dist/client/components/render-from-template-context.js'
npm warn tar TAR_ENTRY_ERROR ENOENT: no such file or directory, open '/mnt/data/pickinvoice/pickinvoice-step4/node_modules/next/dist/esm/client/components/render-from-template-context.js'
npm warn tar TAR_ENTRY_ERROR ENOENT: no such file or directory, open '/mnt/data/pickinvoice/pickinvoice-step4/node_modules/next/dist/esm/server/render-result.js'
npm warn tar TAR_ENTRY_ERROR ENOENT: no such file or directory, open '/mnt/data/pickinvoice/pickinvoice-step4/node_modules/next/dist/server/render-result.js'
npm warn tar TAR_ENTRY_ERROR ENOENT: no such file or directory, open '/mnt/data/pickinvoice/pickinvoice-step4/node_modules/next/dist/esm/server/lib/render-server.js'
npm warn tar TAR_ENTRY_ERROR ENOENT: no such file or directory, open '/mnt/data/pickinvoice/pickinvoice-step4/node_modules/next/dist/server/lib/render-server.js'
npm warn tar TAR_ENTRY_ERROR ENOENT: no such file or directory, open '/mnt/data/pickinvoice/pickinvoice-step4/node_modules/next/dist/esm/server/app-render/render-to-string.js'
npm warn tar TAR_ENTRY_ERROR ENOENT: no such file or directory, open '/mnt/data/pickinvoice/pickinvoice-step4/node_modules/next/dist/server/app-render/render-to-string.js'
npm warn tar TAR_ENTRY_ERROR ENOENT: no such file or directory, lstat '/mnt/data/pickinvoice/pickinvoice-step4/node_modules/next/dist/build/webpack'
npm warn tar TAR_ENTRY_ERROR ENOENT: no such file or directory, lstat '/mnt/data/pickinvoice/pickinvoice-step4/node_modules/next/dist/esm/build/webpack'
npm warn tar TAR_ENTRY_ERROR ENOENT: no such file or directory, open '/mnt/data/pickinvoice/pickinvoice-step4/node_modules/next/dist/esm/server/render.js'
npm warn tar TAR_ENTRY_ERROR ENOENT: no such file or directory, open '/mnt/data/pickinvoice/pickinvoice-step4/node_modules/next/dist/server/render.js'
npm warn tar TAR_ENTRY_ERROR ENOENT: no such file or directory, lstat '/mnt/data/pickinvoice/pickinvoice-step4/node_modules/next/dist/client/tracing'
npm warn tar TAR_ENTRY_ERROR ENOENT: no such file or directory, lstat '/mnt/data/pickinvoice/pickinvoice-step4/node_modules/next/dist/esm/client/tracing'
npm warn tar TAR_ENTRY_ERROR ENOENT: no such file or directory, lstat '/mnt/data/pickinvoice/pickinvoice-step4/node_modules/next/dist/experimental/testmode/playwright'
npm warn tar TAR_ENTRY_ERROR ENOENT: no such file or directory, open '/mnt/data/pickinvoice/pickinvoice-step4/node_modules/next/dist/client/components/request-async-storage-instance.js'
npm warn tar TAR_ENTRY_ERROR ENOENT: no such file or directory, open '/mnt/data/pickinvoice/pickinvoice-step4/node_modules/next/dist/esm/client/components/request-async-storage-instance.js'
npm warn tar TAR_ENTRY_ERROR ENOENT: no such file or directory, open '/mnt/data/pickinvoice/pickinvoice-step4/node_modules/next/dist/esm/server/async-storage/request-async-storage-wrapper.js'
npm warn tar TAR_ENTRY_ERROR ENOENT: no such file or directory, open '/mnt/data/pickinvoice/pickinvoice-step4/node_modules/next/dist/server/async-storage/request-async-storage-wrapper.js'
npm warn tar TAR_ENTRY_ERROR ENOENT: no such file or directory, open '/mnt/data/pickinvoice/pickinvoice-step4/node_modules/next/dist/client/components/request-async-storage.external.js'
npm warn tar TAR_ENTRY_ERROR ENOENT: no such file or directory, open '/mnt/data/pickinvoice/pickinvoice-step4/node_modules/next/dist/esm/client/components/request-async-storage.external.js'
npm warn tar TAR_ENTRY_ERROR ENOENT: no such file or directory, lstat '/mnt/data/pickinvoice/pickinvoice-step4/node_modules/next/dist/esm/server/web/spec-extension/adapters'
npm warn tar TAR_ENTRY_ERROR ENOENT: no such file or directory, lstat '/mnt/data/pickinvoice/pickinvoice-step4/node_modules/next/dist/server/web/spec-extension/adapters'
npm warn tar TAR_ENTRY_ERROR ENOENT: no such file or directory, open '/mnt/data/pickinvoice/pickinvoice-step4/node_modules/next/dist/client/request-idle-callback.js'
npm warn tar TAR_ENTRY_ERROR ENOENT: no such file or directory, open '/mnt/data/pickinvoice/pickinvoice-step4/node_modules/next/dist/esm/client/request-idle-callback.js'
npm warn tar TAR_ENTRY_ERROR ENOENT: no such file or directory, open '/mnt/data/pickinvoice/pickinvoice-step4/node_modules/next/dist/esm/server/request-meta.js'
npm warn tar TAR_ENTRY_ERROR ENOENT: no such file or directory, open '/mnt/data/pickinvoice/pickinvoice-step4/node_modules/next/dist/server/request-meta.js'
npm warn tar TAR_ENTRY_ERROR ENOENT: no such file or directory, lstat '/mnt/data/pickinvoice/pickinvoice-step4/node_modules/next/dist/esm/server/lib/server-ipc'
npm warn tar TAR_ENTRY_ERROR ENOENT: no such file or directory, lstat '/mnt/data/pickinvoice/pickinvoice-step4/node_modules/next/dist/server/lib/server-ipc'
npm warn tar TAR_ENTRY_ERROR ENOENT: no such file or directory, open '/mnt/data/pickinvoice/pickinvoice-step4/node_modules/next/dist/esm/server/web/spec-extension/request.js'
npm warn tar TAR_ENTRY_ERROR ENOENT: no such file or directory, open '/mnt/data/pickinvoice/pickinvoice-step4/node_modules/next/dist/server/web/spec-extension/request.js'
npm warn tar TAR_ENTRY_ERROR ENOENT: no such file or directory, open '/mnt/data/pickinvoice/pickinvoice-step4/node_modules/next/dist/esm/server/require-hook.js'
npm warn tar TAR_ENTRY_ERROR ENOENT: no such file or directory, open '/mnt/data/pickinvoice/pickinvoice-step4/node_modules/next/dist/server/require-hook.js'
npm warn tar TAR_ENTRY_ERROR ENOENT: no such file or directory, open '/mnt/data/pickinvoice/pickinvoice-step4/node_modules/next/dist/esm/server/require.js'
npm warn tar TAR_ENTRY_ERROR ENOENT: no such file or directory, open '/mnt/data/pickinvoice/pickinvoice-step4/node_modules/next/dist/server/require.js'
npm warn tar TAR_ENTRY_ERROR ENOENT: no such file or directory, open '/mnt/data/pickinvoice/pickinvoice-step4/node_modules/next/dist/esm/server/app-render/required-scripts.js'
npm warn tar TAR_ENTRY_ERROR ENOENT: no such file or directory, open '/mnt/data/pickinvoice/pickinvoice-step4/node_modules/next/dist/server/app-render/required-scripts.js'
npm warn tar TAR_ENTRY_ERROR ENOENT: no such file or directory, lstat '/mnt/data/pickinvoice/pickinvoice-step4/node_modules/next/dist/esm/lib/metadata/resolvers'
npm warn tar TAR_ENTRY_ERROR ENOENT: no such file or directory, lstat '/mnt/data/pickinvoice/pickinvoice-step4/node_modules/next/dist/lib/metadata/resolvers'
npm warn tar TAR_ENTRY_ERROR ENOENT: no such file or directory, open '/mnt/data/pickinvoice/pickinvoice-step4/node_modules/next/dist/esm/lib/resolve-from.js'
npm warn tar TAR_ENTRY_ERROR ENOENT: no such file or directory, open '/mnt/data/pickinvoice/pickinvoice-step4/node_modules/next/dist/lib/resolve-from.js'
npm warn tar TAR_ENTRY_ERROR ENOENT: no such file or directory, open '/mnt/data/pickinvoice/pickinvoice-step4/node_modules/next/dist/esm/server/future/route-modules/app-route/helpers/resolve-handler-error.js'
npm warn tar TAR_ENTRY_ERROR ENOENT: no such file or directory, open '/mnt/data/pickinvoice/pickinvoice-step4/node_modules/next/dist/server/future/route-modules/app-route/helpers/resolve-handler-error.js'
npm warn tar TAR_ENTRY_ERROR ENOENT: no such file or directory, open '/mnt/data/pickinvoice/pickinvoice-step4/node_modules/next/dist/client/resolve-href.js'
npm warn tar TAR_ENTRY_ERROR ENOENT: no such file or directory, open '/mnt/data/pickinvoice/pickinvoice-step4/node_modules/next/dist/esm/client/resolve-href.js'
npm warn tar TAR_ENTRY_ERROR ENOENT: no such file or directory, lstat '/mnt/data/pickinvoice/pickinvoice-step4/node_modules/next/dist/esm/lib/metadata/resolvers'
npm warn tar TAR_ENTRY_ERROR ENOENT: no such file or directory, lstat '/mnt/data/pickinvoice/pickinvoice-step4/node_modules/next/dist/lib/metadata/resolvers'
npm warn tar TAR_ENTRY_ERROR ENOENT: no such file or directory, open '/mnt/data/pickinvoice/pickinvoice-step4/node_modules/next/dist/esm/lib/metadata/resolve-metadata.js'
npm warn tar TAR_ENTRY_ERROR ENOENT: no such file or directory, open '/mnt/data/pickinvoice/pickinvoice-step4/node_modules/next/dist/lib/metadata/resolve-metadata.js'
npm warn tar TAR_ENTRY_ERROR ENOENT: no such file or directory, lstat '/mnt/data/pickinvoice/pickinvoice-step4/node_modules/next/dist/esm/lib/metadata/resolvers'
npm warn tar TAR_ENTRY_ERROR ENOENT: no such file or directory, lstat '/mnt/data/pickinvoice/pickinvoice-step4/node_modules/next/dist/lib/metadata/resolvers'
npm warn tar TAR_ENTRY_ERROR ENOENT: no such file or directory, open '/mnt/data/pickinvoice/pickinvoice-step4/node_modules/next/dist/esm/shared/lib/router/utils/resolve-rewrites.js'
npm warn tar TAR_ENTRY_ERROR ENOENT: no such file or directory, open '/mnt/data/pickinvoice/pickinvoice-step4/node_modules/next/dist/shared/lib/router/utils/resolve-rewrites.js'
npm warn tar TAR_ENTRY_ERROR ENOENT: no such file or directory, lstat '/mnt/data/pickinvoice/pickinvoice-step4/node_modules/next/dist/build/webpack'
npm warn tar TAR_ENTRY_ERROR ENOENT: no such file or directory, lstat '/mnt/data/pickinvoice/pickinvoice-step4/node_modules/next/dist/esm/build/webpack'
npm warn tar TAR_ENTRY_ERROR ENOENT: no such file or directory, open '/mnt/data/pickinvoice/pickinvoice-step4/node_modules/next/dist/esm/server/lib/router-utils/resolve-routes.js'
npm warn tar TAR_ENTRY_ERROR ENOENT: no such file or directory, open '/mnt/data/pickinvoice/pickinvoice-step4/node_modules/next/dist/server/lib/router-utils/resolve-routes.js'
npm warn tar TAR_ENTRY_ERROR ENOENT: no such file or directory, lstat '/mnt/data/pickinvoice/pickinvoice-step4/node_modules/next/dist/esm/lib/metadata/resolvers'
npm warn tar TAR_ENTRY_ERROR ENOENT: no such file or directory, lstat '/mnt/data/pickinvoice/pickinvoice-step4/node_modules/next/dist/lib/metadata/resolvers'
npm warn tar TAR_ENTRY_ERROR ENOENT: no such file or directory, lstat '/mnt/data/pickinvoice/pickinvoice-step4/node_modules/next/dist/esm/lib/metadata/resolvers'
npm warn tar TAR_ENTRY_ERROR ENOENT: no such file or directory, lstat '/mnt/data/pickinvoice/pickinvoice-step4/node_modules/next/dist/lib/metadata/resolvers'
npm warn tar TAR_ENTRY_ERROR ENOENT: no such file or directory, lstat '/mnt/data/pickinvoice/pickinvoice-step4/node_modules/next/dist/build/webpack-config-rules'
npm warn tar TAR_ENTRY_ERROR ENOENT: no such file or directory, lstat '/mnt/data/pickinvoice/pickinvoice-step4/node_modules/next/dist/esm/build/webpack-config-rules'
npm warn tar TAR_ENTRY_ERROR ENOENT: no such file or directory, open '/mnt/data/pickinvoice/pickinvoice-step4/node_modules/next/dist/esm/lib/metadata/types/resolvers.js'
npm warn tar TAR_ENTRY_ERROR ENOENT: no such file or directory, open '/mnt/data/pickinvoice/pickinvoice-step4/node_modules/next/dist/lib/metadata/types/resolvers.js'
npm warn tar TAR_ENTRY_ERROR ENOENT: no such file or directory, open '/mnt/data/pickinvoice/pickinvoice-step4/node_modules/next/dist/esm/server/web/sandbox/resource-managers.js'
npm warn tar TAR_ENTRY_ERROR ENOENT: no such file or directory, open '/mnt/data/pickinvoice/pickinvoice-step4/node_modules/next/dist/server/web/sandbox/resource-managers.js'
npm warn tar TAR_ENTRY_ERROR ENOENT: no such file or directory, lstat '/mnt/data/pickinvoice/pickinvoice-step4/node_modules/next/dist/esm/server/future'
npm warn tar TAR_ENTRY_ERROR ENOENT: no such file or directory, lstat '/mnt/data/pickinvoice/pickinvoice-step4/node_modules/next/dist/server/future'
npm warn tar TAR_ENTRY_ERROR ENOENT: no such file or directory, open '/mnt/data/pickinvoice/pickinvoice-step4/node_modules/next/dist/esm/server/web/spec-extension/response.js'
npm warn tar TAR_ENTRY_ERROR ENOENT: no such file or directory, open '/mnt/data/pickinvoice/pickinvoice-step4/node_modules/next/dist/server/web/spec-extension/response.js'
npm warn tar TAR_ENTRY_ERROR ENOENT: no such file or directory, lstat '/mnt/data/pickinvoice/pickinvoice-step4/node_modules/next/dist/client/components/router-reducer/reducers'
npm warn tar TAR_ENTRY_ERROR ENOENT: no such file or directory, lstat '/mnt/data/pickinvoice/pickinvoice-step4/node_modules/next/dist/esm/client/components/router-reducer/reducers'
npm warn tar TAR_ENTRY_ERROR ENOENT: no such file or directory, lstat '/mnt/data/pickinvoice/pickinvoice-step4/node_modules/next/dist/build/turborepo-access-trace'
npm warn tar TAR_ENTRY_ERROR ENOENT: no such file or directory, lstat '/mnt/data/pickinvoice/pickinvoice-step4/node_modules/next/dist/esm/build/turborepo-access-trace'
npm warn tar TAR_ENTRY_ERROR ENOENT: no such file or directory, lstat '/mnt/data/pickinvoice/pickinvoice-step4/node_modules/next/dist/compiled/@next/font/dist/google'
npm warn tar TAR_ENTRY_ERROR ENOENT: no such file or directory, open '/mnt/data/pickinvoice/pickinvoice-step4/node_modules/next/dist/esm/server/lib/revalidate.js'
npm warn tar TAR_ENTRY_ERROR ENOENT: no such file or directory, open '/mnt/data/pickinvoice/pickinvoice-step4/node_modules/next/dist/esm/server/web/spec-extension/revalidate.js'
npm warn tar TAR_ENTRY_ERROR ENOENT: no such file or directory, open '/mnt/data/pickinvoice/pickinvoice-step4/node_modules/next/dist/server/lib/revalidate.js'
npm warn tar TAR_ENTRY_ERROR ENOENT: no such file or directory, open '/mnt/data/pickinvoice/pickinvoice-step4/node_modules/next/dist/server/web/spec-extension/revalidate.js'
npm warn tar TAR_ENTRY_ERROR ENOENT: no such file or directory, open '/mnt/data/pickinvoice/pickinvoice-step4/node_modules/next/dist/client/components/react-dev-overlay/internal/container/root-layout-missing-tags-error.js'
npm warn tar TAR_ENTRY_ERROR ENOENT: no such file or directory, open '/mnt/data/pickinvoice/pickinvoice-step4/node_modules/next/dist/esm/client/components/react-dev-overlay/internal/container/root-layout-missing-tags-error.js'
npm warn tar TAR_ENTRY_ERROR ENOENT: no such file or directory, open '/mnt/data/pickinvoice/pickinvoice-step4/node_modules/next/dist/client/route-announcer.js'
npm warn tar TAR_ENTRY_ERROR ENOENT: no such file or directory, open '/mnt/data/pickinvoice/pickinvoice-step4/node_modules/next/dist/esm/client/route-announcer.js'
npm warn tar TAR_ENTRY_ERROR ENOENT: no such file or directory, open '/mnt/data/pickinvoice/pickinvoice-step4/node_modules/next/dist/esm/server/future/route-definitions/route-definition.js'
npm warn tar TAR_ENTRY_ERROR ENOENT: no such file or directory, open '/mnt/data/pickinvoice/pickinvoice-step4/node_modules/next/dist/server/future/route-definitions/route-definition.js'
npm warn tar TAR_ENTRY_ERROR ENOENT: no such file or directory, lstat '/mnt/data/pickinvoice/pickinvoice-step4/node_modules/next/dist/esm/server/future'
npm warn tar TAR_ENTRY_ERROR ENOENT: no such file or directory, lstat '/mnt/data/pickinvoice/pickinvoice-step4/node_modules/next/dist/server/future'
npm warn tar TAR_ENTRY_ERROR ENOENT: no such file or directory, open '/mnt/data/pickinvoice/pickinvoice-step4/node_modules/next/dist/client/route-loader.js'
npm warn tar TAR_ENTRY_ERROR ENOENT: no such file or directory, open '/mnt/data/pickinvoice/pickinvoice-step4/node_modules/next/dist/esm/client/route-loader.js'
npm warn tar TAR_ENTRY_ERROR ENOENT: no such file or directory, open '/mnt/data/pickinvoice/pickinvoice-step4/node_modules/next/dist/esm/server/future/route-matches/route-match.js'
npm warn tar TAR_ENTRY_ERROR ENOENT: no such file or directory, open '/mnt/data/pickinvoice/pickinvoice-step4/node_modules/next/dist/server/future/route-matches/route-match.js'
npm warn tar TAR_ENTRY_ERROR ENOENT: no such file or directory, lstat '/mnt/data/pickinvoice/pickinvoice-step4/node_modules/next/dist/esm/server/future'
npm warn tar TAR_ENTRY_ERROR ENOENT: no such file or directory, lstat '/mnt/data/pickinvoice/pickinvoice-step4/node_modules/next/dist/server/future'
npm warn tar TAR_ENTRY_ERROR ENOENT: no such file or directory, open '/mnt/data/pickinvoice/pickinvoice-step4/node_modules/next/dist/esm/server/future/route-matcher-providers/route-matcher-provider.js'
npm warn tar TAR_ENTRY_ERROR ENOENT: no such file or directory, open '/mnt/data/pickinvoice/pickinvoice-step4/node_modules/next/dist/server/future/route-matcher-providers/route-matcher-provider.js'
npm warn tar TAR_ENTRY_ERROR ENOENT: no such file or directory, open '/mnt/data/pickinvoice/pickinvoice-step4/node_modules/next/dist/esm/server/future/route-matchers/route-matcher.js'
npm warn tar TAR_ENTRY_ERROR ENOENT: no such file or directory, open '/mnt/data/pickinvoice/pickinvoice-step4/node_modules/next/dist/esm/shared/lib/router/utils/route-matcher.js'
npm warn tar TAR_ENTRY_ERROR ENOENT: no such file or directory, open '/mnt/data/pickinvoice/pickinvoice-step4/node_modules/next/dist/server/future/route-matchers/route-matcher.js'
npm warn tar TAR_ENTRY_ERROR ENOENT: no such file or directory, open '/mnt/data/pickinvoice/pickinvoice-step4/node_modules/next/dist/shared/lib/router/utils/route-matcher.js'
npm warn tar TAR_ENTRY_ERROR ENOENT: no such file or directory, lstat '/mnt/data/pickinvoice/pickinvoice-step4/node_modules/next/dist/esm/server/future'
npm warn tar TAR_ENTRY_ERROR ENOENT: no such file or directory, lstat '/mnt/data/pickinvoice/pickinvoice-step4/node_modules/next/dist/server/future'
npm warn tar TAR_ENTRY_ERROR ENOENT: no such file or directory, open '/mnt/data/pickinvoice/pickinvoice-step4/node_modules/next/dist/esm/server/future/route-modules/route-module.js'
npm warn tar TAR_ENTRY_ERROR ENOENT: no such file or directory, open '/mnt/data/pickinvoice/pickinvoice-step4/node_modules/next/dist/server/future/route-modules/route-module.js'
npm warn tar TAR_ENTRY_ERROR ENOENT: no such file or directory, open '/mnt/data/pickinvoice/pickinvoice-step4/node_modules/next/dist/esm/shared/lib/router/utils/route-regex.js'
npm warn tar TAR_ENTRY_ERROR ENOENT: no such file or directory, open '/mnt/data/pickinvoice/pickinvoice-step4/node_modules/next/dist/shared/lib/router/utils/route-regex.js'
npm warn tar TAR_ENTRY_ERROR ENOENT: no such file or directory, open '/mnt/data/pickinvoice/pickinvoice-step4/node_modules/next/dist/esm/server/future/route-modules/app-page/vendored/contexts/router-context.js'
npm warn tar TAR_ENTRY_ERROR ENOENT: no such file or directory, open '/mnt/data/pickinvoice/pickinvoice-step4/node_modules/next/dist/esm/server/future/route-modules/pages/vendored/contexts/router-context.js'
npm warn tar TAR_ENTRY_ERROR ENOENT: no such file or directory, open '/mnt/data/pickinvoice/pickinvoice-step4/node_modules/next/dist/server/future/route-modules/app-page/vendored/contexts/router-context.js'
npm warn tar TAR_ENTRY_ERROR ENOENT: no such file or directory, open '/mnt/data/pickinvoice/pickinvoice-step4/node_modules/next/dist/server/future/route-modules/pages/vendored/contexts/router-context.js'
npm warn tar TAR_ENTRY_ERROR ENOENT: no such file or directory, open '/mnt/data/pickinvoice/pickinvoice-step4/node_modules/next/dist/esm/shared/lib/router-context.shared-runtime.js'
npm warn tar TAR_ENTRY_ERROR ENOENT: no such file or directory, open '/mnt/data/pickinvoice/pickinvoice-step4/node_modules/next/dist/shared/lib/router-context.shared-runtime.js'
npm warn tar TAR_ENTRY_ERROR ENOENT: no such file or directory, open '/mnt/data/pickinvoice/pickinvoice-step4/node_modules/next/dist/client/components/router-reducer/router-reducer-types.js'
npm warn tar TAR_ENTRY_ERROR ENOENT: no such file or directory, open '/mnt/data/pickinvoice/pickinvoice-step4/node_modules/next/dist/esm/client/components/router-reducer/router-reducer-types.js'
npm warn tar TAR_ENTRY_ERROR ENOENT: no such file or directory, open '/mnt/data/pickinvoice/pickinvoice-step4/node_modules/next/dist/client/components/router-reducer/router-reducer.js'
npm warn tar TAR_ENTRY_ERROR ENOENT: no such file or directory, open '/mnt/data/pickinvoice/pickinvoice-step4/node_modules/next/dist/esm/client/components/router-reducer/router-reducer.js'
npm warn tar TAR_ENTRY_ERROR ENOENT: no such file or directory, open '/mnt/data/pickinvoice/pickinvoice-step4/node_modules/next/dist/esm/server/lib/router-server.js'
npm warn tar TAR_ENTRY_ERROR ENOENT: no such file or directory, open '/mnt/data/pickinvoice/pickinvoice-step4/node_modules/next/dist/server/lib/router-server.js'
npm warn tar TAR_ENTRY_ERROR ENOENT: no such file or directory, open '/mnt/data/pickinvoice/pickinvoice-step4/node_modules/next/dist/api/router.js'
npm warn tar TAR_ENTRY_ERROR ENOENT: no such file or directory, lstat '/mnt/data/pickinvoice/pickinvoice-step4/node_modules/next/dist/client/compat'
npm warn tar TAR_ENTRY_ERROR ENOENT: no such file or directory, open '/mnt/data/pickinvoice/pickinvoice-step4/node_modules/next/dist/client/router.js'
npm warn tar TAR_ENTRY_ERROR ENOENT: no such file or directory, open '/mnt/data/pickinvoice/pickinvoice-step4/node_modules/next/dist/esm/api/router.js'
npm warn tar TAR_ENTRY_ERROR ENOENT: no such file or directory, lstat '/mnt/data/pickinvoice/pickinvoice-step4/node_modules/next/dist/esm/client/compat'
npm warn tar TAR_ENTRY_ERROR ENOENT: no such file or directory, open '/mnt/data/pickinvoice/pickinvoice-step4/node_modules/next/dist/esm/client/router.js'
npm warn tar TAR_ENTRY_ERROR ENOENT: no such file or directory, open '/mnt/data/pickinvoice/pickinvoice-step4/node_modules/next/dist/esm/shared/lib/router/router.js'
npm warn tar TAR_ENTRY_ERROR ENOENT: no such file or directory, open '/mnt/data/pickinvoice/pickinvoice-step4/node_modules/next/dist/shared/lib/router/router.js'
npm warn tar TAR_ENTRY_ERROR ENOENT: no such file or directory, open '/mnt/data/pickinvoice/pickinvoice-step4/node_modules/next/dist/esm/server/future/normalizers/request/rsc.js'
npm warn tar TAR_ENTRY_ERROR ENOENT: no such file or directory, open '/mnt/data/pickinvoice/pickinvoice-step4/node_modules/next/dist/server/future/normalizers/request/rsc.js'
npm warn tar TAR_ENTRY_ERROR ENOENT: no such file or directory, lstat '/mnt/data/pickinvoice/pickinvoice-step4/node_modules/next/dist/esm/lib/eslint'
npm warn tar TAR_ENTRY_ERROR ENOENT: no such file or directory, lstat '/mnt/data/pickinvoice/pickinvoice-step4/node_modules/next/dist/lib/eslint'
npm warn tar TAR_ENTRY_ERROR ENOENT: no such file or directory, open '/mnt/data/pickinvoice/pickinvoice-step4/node_modules/next/dist/esm/shared/lib/runtime-config.external.js'
npm warn tar TAR_ENTRY_ERROR ENOENT: no such file or directory, open '/mnt/data/pickinvoice/pickinvoice-step4/node_modules/next/dist/shared/lib/runtime-config.external.js'
npm warn tar TAR_ENTRY_ERROR ENOENT: no such file or directory, lstat '/mnt/data/pickinvoice/pickinvoice-step4/node_modules/next/dist/client/components/react-dev-overlay'
npm warn tar TAR_ENTRY_ERROR ENOENT: no such file or directory, lstat '/mnt/data/pickinvoice/pickinvoice-step4/node_modules/next/dist/esm/client/components/react-dev-overlay'
npm warn tar TAR_ENTRY_ERROR ENOENT: no such file or directory, open '/mnt/data/pickinvoice/pickinvoice-step4/node_modules/next/dist/compiled/react-refresh/runtime.js'
npm warn tar TAR_ENTRY_ERROR ENOENT: no such file or directory, open '/mnt/data/pickinvoice/pickinvoice-step4/node_modules/next/dist/compiled/regenerator-runtime/runtime.js'
npm warn tar TAR_ENTRY_ERROR ENOENT: no such file or directory, lstat '/mnt/data/pickinvoice/pickinvoice-step4/node_modules/next/dist/esm/lib/typescript'
npm warn tar TAR_ENTRY_ERROR ENOENT: no such file or directory, lstat '/mnt/data/pickinvoice/pickinvoice-step4/node_modules/next/dist/lib/typescript'
npm warn tar TAR_ENTRY_ERROR ENOENT: no such file or directory, open '/mnt/data/pickinvoice/pickinvoice-step4/node_modules/next/dist/compiled/postcss-safe-parser/safe-parse.js'
npm warn tar TAR_ENTRY_ERROR ENOENT: no such file or directory, open '/mnt/data/pickinvoice/pickinvoice-step4/node_modules/next/dist/esm/server/web/sandbox/sandbox.js'
npm warn tar TAR_ENTRY_ERROR ENOENT: no such file or directory, open '/mnt/data/pickinvoice/pickinvoice-step4/node_modules/next/dist/server/web/sandbox/sandbox.js'
npm warn tar TAR_ENTRY_ERROR ENOENT: no such file or directory, lstat '/mnt/data/pickinvoice/pickinvoice-step4/node_modules/next/dist/compiled/scheduler-experimental/cjs'
npm warn tar TAR_ENTRY_ERROR ENOENT: no such file or directory, lstat '/mnt/data/pickinvoice/pickinvoice-step4/node_modules/next/dist/compiled/scheduler/cjs'
npm warn tar TAR_ENTRY_ERROR ENOENT: no such file or directory, lstat '/mnt/data/pickinvoice/pickinvoice-step4/node_modules/next/dist/compiled/scheduler-experimental/cjs'
npm warn tar TAR_ENTRY_ERROR ENOENT: no such file or directory, lstat '/mnt/data/pickinvoice/pickinvoice-step4/node_modules/next/dist/compiled/scheduler/cjs'
npm warn tar TAR_ENTRY_ERROR ENOENT: no such file or directory, lstat '/mnt/data/pickinvoice/pickinvoice-step4/node_modules/next/dist/compiled/scheduler-experimental/cjs'
npm warn tar TAR_ENTRY_ERROR ENOENT: no such file or directory, lstat '/mnt/data/pickinvoice/pickinvoice-step4/node_modules/next/dist/compiled/scheduler/cjs'
npm warn tar TAR_ENTRY_ERROR ENOENT: no such file or directory, lstat '/mnt/data/pickinvoice/pickinvoice-step4/node_modules/next/dist/compiled/scheduler-experimental/cjs'
npm warn tar TAR_ENTRY_ERROR ENOENT: no such file or directory, lstat '/mnt/data/pickinvoice/pickinvoice-step4/node_modules/next/dist/compiled/scheduler/cjs'
npm warn tar TAR_ENTRY_ERROR ENOENT: no such file or directory, lstat '/mnt/data/pickinvoice/pickinvoice-step4/node_modules/next/dist/compiled/scheduler-experimental/cjs'
npm warn tar TAR_ENTRY_ERROR ENOENT: no such file or directory, lstat '/mnt/data/pickinvoice/pickinvoice-step4/node_modules/next/dist/compiled/scheduler/cjs'
npm warn tar TAR_ENTRY_ERROR ENOENT: no such file or directory, lstat '/mnt/data/pickinvoice/pickinvoice-step4/node_modules/next/dist/compiled/scheduler-experimental/cjs'
npm warn tar TAR_ENTRY_ERROR ENOENT: no such file or directory, lstat '/mnt/data/pickinvoice/pickinvoice-step4/node_modules/next/dist/compiled/scheduler/cjs'
npm warn tar TAR_ENTRY_ERROR ENOENT: no such file or directory, lstat '/mnt/data/pickinvoice/pickinvoice-step4/node_modules/next/dist/compiled/scheduler-experimental/cjs'
npm warn tar TAR_ENTRY_ERROR ENOENT: no such file or directory, lstat '/mnt/data/pickinvoice/pickinvoice-step4/node_modules/next/dist/compiled/scheduler/cjs'
npm warn tar TAR_ENTRY_ERROR ENOENT: no such file or directory, open '/mnt/data/pickinvoice/pickinvoice-step4/node_modules/next/dist/esm/lib/scheduler.js'
npm warn tar TAR_ENTRY_ERROR ENOENT: no such file or directory, open '/mnt/data/pickinvoice/pickinvoice-step4/node_modules/next/dist/lib/scheduler.js'
npm warn tar TAR_ENTRY_ERROR ENOENT: no such file or directory, lstat '/mnt/data/pickinvoice/pickinvoice-step4/node_modules/next/dist/compiled/scheduler-experimental/cjs'
npm warn tar TAR_ENTRY_ERROR ENOENT: no such file or directory, lstat '/mnt/data/pickinvoice/pickinvoice-step4/node_modules/next/dist/compiled/scheduler/cjs'
npm warn tar TAR_ENTRY_ERROR ENOENT: no such file or directory, lstat '/mnt/data/pickinvoice/pickinvoice-step4/node_modules/next/dist/compiled/scheduler-experimental/cjs'
npm warn tar TAR_ENTRY_ERROR ENOENT: no such file or directory, lstat '/mnt/data/pickinvoice/pickinvoice-step4/node_modules/next/dist/compiled/scheduler/cjs'
npm warn tar TAR_ENTRY_ERROR ENOENT: no such file or directory, lstat '/mnt/data/pickinvoice/pickinvoice-step4/node_modules/next/dist/compiled/scheduler-experimental/cjs'
npm warn tar TAR_ENTRY_ERROR ENOENT: no such file or directory, lstat '/mnt/data/pickinvoice/pickinvoice-step4/node_modules/next/dist/compiled/scheduler/cjs'
npm warn tar TAR_ENTRY_ERROR ENOENT: no such file or directory, lstat '/mnt/data/pickinvoice/pickinvoice-step4/node_modules/next/dist/compiled/scheduler-experimental/cjs'
npm warn tar TAR_ENTRY_ERROR ENOENT: no such file or directory, lstat '/mnt/data/pickinvoice/pickinvoice-step4/node_modules/next/dist/compiled/scheduler/cjs'
npm warn tar TAR_ENTRY_ERROR ENOENT: no such file or directory, lstat '/mnt/data/pickinvoice/pickinvoice-step4/node_modules/next/dist/compiled/scheduler-experimental/cjs'
npm warn tar TAR_ENTRY_ERROR ENOENT: no such file or directory, lstat '/mnt/data/pickinvoice/pickinvoice-step4/node_modules/next/dist/compiled/scheduler/cjs'
npm warn tar TAR_ENTRY_ERROR ENOENT: no such file or directory, open '/mnt/data/pickinvoice/pickinvoice-step4/node_modules/next/dist/api/script.js'
npm warn tar TAR_ENTRY_ERROR ENOENT: no such file or directory, open '/mnt/data/pickinvoice/pickinvoice-step4/node_modules/next/dist/client/script.js'
npm warn tar TAR_ENTRY_ERROR ENOENT: no such file or directory, open '/mnt/data/pickinvoice/pickinvoice-step4/node_modules/next/dist/esm/api/script.js'
npm warn tar TAR_ENTRY_ERROR ENOENT: no such file or directory, open '/mnt/data/pickinvoice/pickinvoice-step4/node_modules/next/dist/esm/client/script.js'
npm warn tar TAR_ENTRY_ERROR ENOENT: no such file or directory, open '/mnt/data/pickinvoice/pickinvoice-step4/node_modules/next/dist/compiled/postcss-scss/scss-syntax.js'
npm warn tar TAR_ENTRY_ERROR ENOENT: no such file or directory, open '/mnt/data/pickinvoice/pickinvoice-step4/node_modules/next/dist/client/components/search-params.js'
npm warn tar TAR_ENTRY_ERROR ENOENT: no such file or directory, open '/mnt/data/pickinvoice/pickinvoice-step4/node_modules/next/dist/esm/client/components/search-params.js'
npm warn tar TAR_ENTRY_ERROR ENOENT: no such file or directory, open '/mnt/data/pickinvoice/pickinvoice-step4/node_modules/next/dist/esm/shared/lib/segment.js'
npm warn tar TAR_ENTRY_ERROR ENOENT: no such file or directory, open '/mnt/data/pickinvoice/pickinvoice-step4/node_modules/next/dist/shared/lib/segment.js'
npm warn tar TAR_ENTRY_ERROR ENOENT: no such file or directory, open '/mnt/data/pickinvoice/pickinvoice-step4/node_modules/next/dist/esm/lib/semver-noop.js'
npm warn tar TAR_ENTRY_ERROR ENOENT: no such file or directory, open '/mnt/data/pickinvoice/pickinvoice-step4/node_modules/next/dist/lib/semver-noop.js'
npm warn tar TAR_ENTRY_ERROR ENOENT: no such file or directory, open '/mnt/data/pickinvoice/pickinvoice-step4/node_modules/next/dist/esm/server/send-payload.js'
npm warn tar TAR_ENTRY_ERROR ENOENT: no such file or directory, open '/mnt/data/pickinvoice/pickinvoice-step4/node_modules/next/dist/server/send-payload.js'
npm warn tar TAR_ENTRY_ERROR ENOENT: no such file or directory, open '/mnt/data/pickinvoice/pickinvoice-step4/node_modules/next/dist/esm/server/send-response.js'
npm warn tar TAR_ENTRY_ERROR ENOENT: no such file or directory, open '/mnt/data/pickinvoice/pickinvoice-step4/node_modules/next/dist/server/send-response.js'
npm warn tar TAR_ENTRY_ERROR ENOENT: no such file or directory, open '/mnt/data/pickinvoice/pickinvoice-step4/node_modules/next/dist/esm/server/serve-static.js'
npm warn tar TAR_ENTRY_ERROR ENOENT: no such file or directory, open '/mnt/data/pickinvoice/pickinvoice-step4/node_modules/next/dist/server/serve-static.js'
npm warn tar TAR_ENTRY_ERROR ENOENT: no such file or directory, lstat '/mnt/data/pickinvoice/pickinvoice-step4/node_modules/next/dist/client/components/router-reducer/reducers'
npm warn tar TAR_ENTRY_ERROR ENOENT: no such file or directory, lstat '/mnt/data/pickinvoice/pickinvoice-step4/node_modules/next/dist/esm/client/components/router-reducer/reducers'
npm warn tar TAR_ENTRY_ERROR ENOENT: no such file or directory, open '/mnt/data/pickinvoice/pickinvoice-step4/node_modules/next/dist/esm/server/lib/server-action-request-meta.js'
npm warn tar TAR_ENTRY_ERROR ENOENT: no such file or directory, open '/mnt/data/pickinvoice/pickinvoice-step4/node_modules/next/dist/server/lib/server-action-request-meta.js'
npm warn tar TAR_ENTRY_ERROR ENOENT: no such file or directory, open '/mnt/data/pickinvoice/pickinvoice-step4/node_modules/next/dist/esm/server/typescript/rules/server-boundary.js'
npm warn tar TAR_ENTRY_ERROR ENOENT: no such file or directory, open '/mnt/data/pickinvoice/pickinvoice-step4/node_modules/next/dist/server/typescript/rules/server-boundary.js'
npm warn tar TAR_ENTRY_ERROR ENOENT: no such file or directory, open '/mnt/data/pickinvoice/pickinvoice-step4/node_modules/next/dist/experimental/testmode/server-edge.js'
npm warn tar TAR_ENTRY_ERROR ENOENT: no such file or directory, open '/mnt/data/pickinvoice/pickinvoice-step4/node_modules/next/dist/esm/server/app-render/server-inserted-html.js'
npm warn tar TAR_ENTRY_ERROR ENOENT: no such file or directory, open '/mnt/data/pickinvoice/pickinvoice-step4/node_modules/next/dist/esm/server/future/route-modules/app-page/vendored/contexts/server-inserted-html.js'
npm warn tar TAR_ENTRY_ERROR ENOENT: no such file or directory, open '/mnt/data/pickinvoice/pickinvoice-step4/node_modules/next/dist/esm/server/future/route-modules/pages/vendored/contexts/server-inserted-html.js'
npm warn tar TAR_ENTRY_ERROR ENOENT: no such file or directory, open '/mnt/data/pickinvoice/pickinvoice-step4/node_modules/next/dist/server/app-render/server-inserted-html.js'
npm warn tar TAR_ENTRY_ERROR ENOENT: no such file or directory, open '/mnt/data/pickinvoice/pickinvoice-step4/node_modules/next/dist/server/future/route-modules/app-page/vendored/contexts/server-inserted-html.js'
npm warn tar TAR_ENTRY_ERROR ENOENT: no such file or directory, open '/mnt/data/pickinvoice/pickinvoice-step4/node_modules/next/dist/server/future/route-modules/pages/vendored/contexts/server-inserted-html.js'
npm warn tar TAR_ENTRY_ERROR ENOENT: no such file or directory, open '/mnt/data/pickinvoice/pickinvoice-step4/node_modules/next/dist/esm/shared/lib/server-inserted-html.shared-runtime.js'
npm warn tar TAR_ENTRY_ERROR ENOENT: no such file or directory, open '/mnt/data/pickinvoice/pickinvoice-step4/node_modules/next/dist/shared/lib/server-inserted-html.shared-runtime.js'
npm warn tar TAR_ENTRY_ERROR ENOENT: no such file or directory, lstat '/mnt/data/pickinvoice/pickinvoice-step4/node_modules/next/dist/esm/server/future'
npm warn tar TAR_ENTRY_ERROR ENOENT: no such file or directory, lstat '/mnt/data/pickinvoice/pickinvoice-step4/node_modules/next/dist/server/future'
npm warn tar TAR_ENTRY_ERROR ENOENT: no such file or directory, lstat '/mnt/data/pickinvoice/pickinvoice-step4/node_modules/next/dist/client/components/router-reducer/reducers'
npm warn tar TAR_ENTRY_ERROR ENOENT: no such file or directory, lstat '/mnt/data/pickinvoice/pickinvoice-step4/node_modules/next/dist/esm/client/components/router-reducer/reducers'
npm warn tar TAR_ENTRY_ERROR ENOENT: no such file or directory, open '/mnt/data/pickinvoice/pickinvoice-step4/node_modules/next/dist/build/webpack/loaders/next-flight-loader/server-reference.js'
npm warn tar TAR_ENTRY_ERROR ENOENT: no such file or directory, open '/mnt/data/pickinvoice/pickinvoice-step4/node_modules/next/dist/esm/build/webpack/loaders/next-flight-loader/server-reference.js'
npm warn tar TAR_ENTRY_ERROR ENOENT: no such file or directory, open '/mnt/data/pickinvoice/pickinvoice-step4/node_modules/next/dist/compiled/react-dom-experimental/server-rendering-stub.js'
npm warn tar TAR_ENTRY_ERROR ENOENT: no such file or directory, open '/mnt/data/pickinvoice/pickinvoice-step4/node_modules/next/dist/compiled/react-dom/server-rendering-stub.js'
npm warn tar TAR_ENTRY_ERROR ENOENT: no such file or directory, open '/mnt/data/pickinvoice/pickinvoice-step4/node_modules/next/dist/esm/server/server-route-utils.js'
npm warn tar TAR_ENTRY_ERROR ENOENT: no such file or directory, open '/mnt/data/pickinvoice/pickinvoice-step4/node_modules/next/dist/server/server-route-utils.js'
npm warn tar TAR_ENTRY_ERROR ENOENT: no such file or directory, open '/mnt/data/pickinvoice/pickinvoice-step4/node_modules/next/dist/esm/server/server-utils.js'
npm warn tar TAR_ENTRY_ERROR ENOENT: no such file or directory, open '/mnt/data/pickinvoice/pickinvoice-step4/node_modules/next/dist/server/server-utils.js'
npm warn tar TAR_ENTRY_ERROR ENOENT: no such file or directory, open '/mnt/data/pickinvoice/pickinvoice-step4/node_modules/next/dist/compiled/react-dom-experimental/server.browser.js'
npm warn tar TAR_ENTRY_ERROR ENOENT: no such file or directory, open '/mnt/data/pickinvoice/pickinvoice-step4/node_modules/next/dist/compiled/react-dom/server.browser.js'
npm warn tar TAR_ENTRY_ERROR ENOENT: no such file or directory, open '/mnt/data/pickinvoice/pickinvoice-step4/node_modules/next/dist/compiled/react-server-dom-turbopack-experimental/server.browser.js'
npm warn tar TAR_ENTRY_ERROR ENOENT: no such file or directory, open '/mnt/data/pickinvoice/pickinvoice-step4/node_modules/next/dist/compiled/react-server-dom-turbopack/server.browser.js'
npm warn tar TAR_ENTRY_ERROR ENOENT: no such file or directory, open '/mnt/data/pickinvoice/pickinvoice-step4/node_modules/next/dist/compiled/react-server-dom-webpack-experimental/server.browser.js'
npm warn tar TAR_ENTRY_ERROR ENOENT: no such file or directory, open '/mnt/data/pickinvoice/pickinvoice-step4/node_modules/next/dist/compiled/react-server-dom-webpack/server.browser.js'
npm warn tar TAR_ENTRY_ERROR ENOENT: no such file or directory, open '/mnt/data/pickinvoice/pickinvoice-step4/node_modules/next/dist/compiled/react-dom-experimental/server.edge.js'
npm warn tar TAR_ENTRY_ERROR ENOENT: no such file or directory, open '/mnt/data/pickinvoice/pickinvoice-step4/node_modules/next/dist/compiled/react-dom/server.edge.js'
npm warn tar TAR_ENTRY_ERROR ENOENT: no such file or directory, open '/mnt/data/pickinvoice/pickinvoice-step4/node_modules/next/dist/compiled/react-server-dom-turbopack-experimental/server.edge.js'
npm warn tar TAR_ENTRY_ERROR ENOENT: no such file or directory, open '/mnt/data/pickinvoice/pickinvoice-step4/node_modules/next/dist/compiled/react-server-dom-turbopack/server.edge.js'
npm warn tar TAR_ENTRY_ERROR ENOENT: no such file or directory, open '/mnt/data/pickinvoice/pickinvoice-step4/node_modules/next/dist/compiled/react-server-dom-webpack-experimental/server.edge.js'
npm warn tar TAR_ENTRY_ERROR ENOENT: no such file or directory, open '/mnt/data/pickinvoice/pickinvoice-step4/node_modules/next/dist/compiled/react-server-dom-webpack/server.edge.js'
npm warn tar TAR_ENTRY_ERROR ENOENT: no such file or directory, open '/mnt/data/pickinvoice/pickinvoice-step4/node_modules/next/dist/api/server.js'
npm warn tar TAR_ENTRY_ERROR ENOENT: no such file or directory, open '/mnt/data/pickinvoice/pickinvoice-step4/node_modules/next/dist/compiled/react-dom-experimental/server.js'
npm warn tar TAR_ENTRY_ERROR ENOENT: no such file or directory, open '/mnt/data/pickinvoice/pickinvoice-step4/node_modules/next/dist/compiled/react-dom/server.js'
npm warn tar TAR_ENTRY_ERROR ENOENT: no such file or directory, open '/mnt/data/pickinvoice/pickinvoice-step4/node_modules/next/dist/compiled/react-server-dom-turbopack-experimental/server.js'
npm warn tar TAR_ENTRY_ERROR ENOENT: no such file or directory, open '/mnt/data/pickinvoice/pickinvoice-step4/node_modules/next/dist/compiled/react-server-dom-turbopack/server.js'
npm warn tar TAR_ENTRY_ERROR ENOENT: no such file or directory, open '/mnt/data/pickinvoice/pickinvoice-step4/node_modules/next/dist/compiled/react-server-dom-webpack-experimental/server.js'
npm warn tar TAR_ENTRY_ERROR ENOENT: no such file or directory, open '/mnt/data/pickinvoice/pickinvoice-step4/node_modules/next/dist/compiled/react-server-dom-webpack/server.js'
npm warn tar TAR_ENTRY_ERROR ENOENT: no such file or directory, open '/mnt/data/pickinvoice/pickinvoice-step4/node_modules/next/dist/esm/api/server.js'
npm warn tar TAR_ENTRY_ERROR ENOENT: no such file or directory, open '/mnt/data/pickinvoice/pickinvoice-step4/node_modules/next/dist/esm/server/typescript/rules/server.js'
npm warn tar TAR_ENTRY_ERROR ENOENT: no such file or directory, lstat '/mnt/data/pickinvoice/pickinvoice-step4/node_modules/next/dist/experimental/testmode/proxy'
npm warn tar TAR_ENTRY_ERROR ENOENT: no such file or directory, open '/mnt/data/pickinvoice/pickinvoice-step4/node_modules/next/dist/experimental/testmode/server.js'
npm warn tar TAR_ENTRY_ERROR ENOENT: no such file or directory, open '/mnt/data/pickinvoice/pickinvoice-step4/node_modules/next/dist/server/typescript/rules/server.js'
npm warn tar TAR_ENTRY_ERROR ENOENT: no such file or directory, open '/mnt/data/pickinvoice/pickinvoice-step4/node_modules/next/dist/compiled/react-dom-experimental/server.node.js'
npm warn tar TAR_ENTRY_ERROR ENOENT: no such file or directory, open '/mnt/data/pickinvoice/pickinvoice-step4/node_modules/next/dist/compiled/react-dom/server.node.js'
npm warn tar TAR_ENTRY_ERROR ENOENT: no such file or directory, open '/mnt/data/pickinvoice/pickinvoice-step4/node_modules/next/dist/compiled/react-server-dom-turbopack-experimental/server.node.js'
npm warn tar TAR_ENTRY_ERROR ENOENT: no such file or directory, open '/mnt/data/pickinvoice/pickinvoice-step4/node_modules/next/dist/compiled/react-server-dom-turbopack/server.node.js'
npm warn tar TAR_ENTRY_ERROR ENOENT: no such file or directory, open '/mnt/data/pickinvoice/pickinvoice-step4/node_modules/next/dist/compiled/react-server-dom-webpack-experimental/server.node.js'
npm warn tar TAR_ENTRY_ERROR ENOENT: no such file or directory, open '/mnt/data/pickinvoice/pickinvoice-step4/node_modules/next/dist/compiled/react-server-dom-webpack/server.node.js'
npm warn tar TAR_ENTRY_ERROR ENOENT: no such file or directory, open '/mnt/data/pickinvoice/pickinvoice-step4/node_modules/next/dist/compiled/react-server-dom-turbopack-experimental/server.node.unbundled.js'
npm warn tar TAR_ENTRY_ERROR ENOENT: no such file or directory, open '/mnt/data/pickinvoice/pickinvoice-step4/node_modules/next/dist/compiled/react-server-dom-turbopack/server.node.unbundled.js'
npm warn tar TAR_ENTRY_ERROR ENOENT: no such file or directory, open '/mnt/data/pickinvoice/pickinvoice-step4/node_modules/next/dist/compiled/react-server-dom-webpack-experimental/server.node.unbundled.js'
npm warn tar TAR_ENTRY_ERROR ENOENT: no such file or directory, open '/mnt/data/pickinvoice/pickinvoice-step4/node_modules/next/dist/compiled/react-server-dom-webpack/server.node.unbundled.js'
npm warn tar TAR_ENTRY_ERROR ENOENT: no such file or directory, open '/mnt/data/pickinvoice/pickinvoice-step4/node_modules/next/dist/compiled/next-server/server.runtime.prod.js'
npm warn tar TAR_ENTRY_ERROR ENOENT: no such file or directory, open '/mnt/data/pickinvoice/pickinvoice-step4/node_modules/next/dist/telemetry/events/session-stopped.js'
npm warn tar TAR_ENTRY_ERROR ENOENT: no such file or directory, open '/mnt/data/pickinvoice/pickinvoice-step4/node_modules/next/dist/compiled/@babel/runtime/helpers/esm/set.js'
npm warn tar TAR_ENTRY_ERROR ENOENT: no such file or directory, open '/mnt/data/pickinvoice/pickinvoice-step4/node_modules/next/dist/compiled/@babel/runtime/helpers/set.js'
npm warn tar TAR_ENTRY_ERROR ENOENT: no such file or directory, open '/mnt/data/pickinvoice/pickinvoice-step4/node_modules/next/dist/compiled/@babel/runtime/helpers/esm/setPrototypeOf.js'
npm warn tar TAR_ENTRY_ERROR ENOENT: no such file or directory, open '/mnt/data/pickinvoice/pickinvoice-step4/node_modules/next/dist/compiled/@babel/runtime/helpers/setPrototypeOf.js'
npm warn tar TAR_ENTRY_ERROR ENOENT: no such file or directory, open '/mnt/data/pickinvoice/pickinvoice-step4/node_modules/next/dist/esm/server/lib/router-utils/setup-dev-bundler.js'
npm warn tar TAR_ENTRY_ERROR ENOENT: no such file or directory, open '/mnt/data/pickinvoice/pickinvoice-step4/node_modules/next/dist/server/lib/router-utils/setup-dev-bundler.js'
npm warn tar TAR_ENTRY_ERROR ENOENT: no such file or directory, open '/mnt/data/pickinvoice/pickinvoice-step4/node_modules/next/dist/esm/lib/setup-exception-listeners.js'
npm warn tar TAR_ENTRY_ERROR ENOENT: no such file or directory, open '/mnt/data/pickinvoice/pickinvoice-step4/node_modules/next/dist/lib/setup-exception-listeners.js'
npm warn tar TAR_ENTRY_ERROR ENOENT: no such file or directory, open '/mnt/data/pickinvoice/pickinvoice-step4/node_modules/next/dist/esm/server/setup-http-agent-env.js'
npm warn tar TAR_ENTRY_ERROR ENOENT: no such file or directory, open '/mnt/data/pickinvoice/pickinvoice-step4/node_modules/next/dist/server/setup-http-agent-env.js'
npm warn tar TAR_ENTRY_ERROR ENOENT: no such file or directory, open '/mnt/data/pickinvoice/pickinvoice-step4/node_modules/next/dist/client/setup-hydration-warning.js'
npm warn tar TAR_ENTRY_ERROR ENOENT: no such file or directory, open '/mnt/data/pickinvoice/pickinvoice-step4/node_modules/next/dist/esm/client/setup-hydration-warning.js'
npm warn tar TAR_ENTRY_ERROR ENOENT: no such file or directory, lstat '/mnt/data/pickinvoice/pickinvoice-step4/node_modules/next/dist/client/components/react-dev-overlay'
npm warn tar TAR_ENTRY_ERROR ENOENT: no such file or directory, lstat '/mnt/data/pickinvoice/pickinvoice-step4/node_modules/next/dist/esm/client/components/react-dev-overlay'
npm warn tar TAR_ENTRY_ERROR ENOENT: no such file or directory, lstat '/mnt/data/pickinvoice/pickinvoice-step4/node_modules/next/dist/esm/server/future'
npm warn tar TAR_ENTRY_ERROR ENOENT: no such file or directory, lstat '/mnt/data/pickinvoice/pickinvoice-step4/node_modules/next/dist/server/future'
npm warn tar TAR_ENTRY_ERROR ENOENT: no such file or directory, lstat '/mnt/data/pickinvoice/pickinvoice-step4/node_modules/next/dist/esm/server/lib/incremental-cache'
npm warn tar TAR_ENTRY_ERROR ENOENT: no such file or directory, lstat '/mnt/data/pickinvoice/pickinvoice-step4/node_modules/next/dist/server/lib/incremental-cache'
npm warn tar TAR_ENTRY_ERROR ENOENT: no such file or directory, lstat '/mnt/data/pickinvoice/pickinvoice-step4/node_modules/next/dist/build/webpack'
npm warn tar TAR_ENTRY_ERROR ENOENT: no such file or directory, lstat '/mnt/data/pickinvoice/pickinvoice-step4/node_modules/next/dist/client/components/react-dev-overlay'
npm warn tar TAR_ENTRY_ERROR ENOENT: no such file or directory, lstat '/mnt/data/pickinvoice/pickinvoice-step4/node_modules/next/dist/client/components/react-dev-overlay'
npm warn tar TAR_ENTRY_ERROR ENOENT: no such file or directory, lstat '/mnt/data/pickinvoice/pickinvoice-step4/node_modules/next/dist/esm/build/webpack'
npm warn tar TAR_ENTRY_ERROR ENOENT: no such file or directory, lstat '/mnt/data/pickinvoice/pickinvoice-step4/node_modules/next/dist/esm/client/components/react-dev-overlay'
npm warn tar TAR_ENTRY_ERROR ENOENT: no such file or directory, lstat '/mnt/data/pickinvoice/pickinvoice-step4/node_modules/next/dist/esm/client/components/react-dev-overlay'
npm warn tar TAR_ENTRY_ERROR ENOENT: no such file or directory, open '/mnt/data/pickinvoice/pickinvoice-step4/node_modules/next/dist/build/polyfills/object.assign/shim.js'
npm warn tar TAR_ENTRY_ERROR ENOENT: no such file or directory, open '/mnt/data/pickinvoice/pickinvoice-step4/node_modules/next/dist/esm/build/polyfills/object.assign/shim.js'
npm warn tar TAR_ENTRY_ERROR ENOENT: no such file or directory, open '/mnt/data/pickinvoice/pickinvoice-step4/node_modules/next/dist/client/components/router-reducer/should-hard-navigate.js'
npm warn tar TAR_ENTRY_ERROR ENOENT: no such file or directory, open '/mnt/data/pickinvoice/pickinvoice-step4/node_modules/next/dist/esm/client/components/router-reducer/should-hard-navigate.js'
npm warn tar TAR_ENTRY_ERROR ENOENT: no such file or directory, lstat '/mnt/data/pickinvoice/pickinvoice-step4/node_modules/next/dist/esm/lib/memory'
npm warn tar TAR_ENTRY_ERROR ENOENT: no such file or directory, lstat '/mnt/data/pickinvoice/pickinvoice-step4/node_modules/next/dist/lib/memory'
npm warn tar TAR_ENTRY_ERROR ENOENT: no such file or directory, open '/mnt/data/pickinvoice/pickinvoice-step4/node_modules/next/dist/esm/shared/lib/side-effect.js'
npm warn tar TAR_ENTRY_ERROR ENOENT: no such file or directory, open '/mnt/data/pickinvoice/pickinvoice-step4/node_modules/next/dist/shared/lib/side-effect.js'
npm warn tar TAR_ENTRY_ERROR ENOENT: no such file or directory, lstat '/mnt/data/pickinvoice/pickinvoice-step4/node_modules/next/dist/build/webpack'
npm warn tar TAR_ENTRY_ERROR ENOENT: no such file or directory, lstat '/mnt/data/pickinvoice/pickinvoice-step4/node_modules/next/dist/esm/build/webpack'
npm warn tar TAR_ENTRY_ERROR ENOENT: no such file or directory, open '/mnt/data/pickinvoice/pickinvoice-step4/node_modules/next/dist/compiled/webpack/SingleEntryPlugin.js'
npm warn tar TAR_ENTRY_ERROR ENOENT: no such file or directory, open '/mnt/data/pickinvoice/pickinvoice-step4/node_modules/next/dist/compiled/@babel/runtime/helpers/esm/skipFirstGeneratorNext.js'
npm warn tar TAR_ENTRY_ERROR ENOENT: no such file or directory, open '/mnt/data/pickinvoice/pickinvoice-step4/node_modules/next/dist/compiled/@babel/runtime/helpers/skipFirstGeneratorNext.js'
npm warn tar TAR_ENTRY_ERROR ENOENT: no such file or directory, open '/mnt/data/pickinvoice/pickinvoice-step4/node_modules/next/dist/compiled/@babel/runtime/helpers/esm/slicedToArray.js'
npm warn tar TAR_ENTRY_ERROR ENOENT: no such file or directory, open '/mnt/data/pickinvoice/pickinvoice-step4/node_modules/next/dist/compiled/@babel/runtime/helpers/slicedToArray.js'
npm warn tar TAR_ENTRY_ERROR ENOENT: no such file or directory, open '/mnt/data/pickinvoice/pickinvoice-step4/node_modules/next/dist/compiled/@babel/runtime/helpers/esm/slicedToArrayLoose.js'
npm warn tar TAR_ENTRY_ERROR ENOENT: no such file or directory, open '/mnt/data/pickinvoice/pickinvoice-step4/node_modules/next/dist/compiled/@babel/runtime/helpers/slicedToArrayLoose.js'
npm warn tar TAR_ENTRY_ERROR ENOENT: no such file or directory, lstat '/mnt/data/pickinvoice/pickinvoice-step4/node_modules/next/dist/compiled/@next/font/dist/google'
npm warn tar TAR_ENTRY_ERROR ENOENT: no such file or directory, lstat '/mnt/data/pickinvoice/pickinvoice-step4/node_modules/next/dist/compiled/@next/font/dist/google'
npm warn tar TAR_ENTRY_ERROR ENOENT: no such file or directory, open '/mnt/data/pickinvoice/pickinvoice-step4/node_modules/next/dist/esm/shared/lib/router/utils/sorted-routes.js'
npm warn tar TAR_ENTRY_ERROR ENOENT: no such file or directory, open '/mnt/data/pickinvoice/pickinvoice-step4/node_modules/next/dist/shared/lib/router/utils/sorted-routes.js'
npm warn tar TAR_ENTRY_ERROR ENOENT: no such file or directory, open '/mnt/data/pickinvoice/pickinvoice-step4/node_modules/next/dist/compiled/source-map/source-map.js'
npm warn tar TAR_ENTRY_ERROR ENOENT: no such file or directory, open '/mnt/data/pickinvoice/pickinvoice-step4/node_modules/next/dist/compiled/source-map08/source-map.js'
npm warn tar TAR_ENTRY_ERROR ENOENT: no such file or directory, open '/mnt/data/pickinvoice/pickinvoice-step4/node_modules/next/dist/compiled/webpack/sources.js'
npm warn tar TAR_ENTRY_ERROR ENOENT: no such file or directory, open '/mnt/data/pickinvoice/pickinvoice-step4/node_modules/next/dist/build/spinner.js'
npm warn tar TAR_ENTRY_ERROR ENOENT: no such file or directory, open '/mnt/data/pickinvoice/pickinvoice-step4/node_modules/next/dist/esm/build/spinner.js'
npm warn tar TAR_ENTRY_ERROR ENOENT: no such file or directory, lstat '/mnt/data/pickinvoice/pickinvoice-step4/node_modules/next/dist/esm/server/lib/squoosh/png'
npm warn tar TAR_ENTRY_ERROR ENOENT: no such file or directory, lstat '/mnt/data/pickinvoice/pickinvoice-step4/node_modules/next/dist/server/lib/squoosh/png'
npm warn tar TAR_ENTRY_ERROR ENOENT: no such file or directory, lstat '/mnt/data/pickinvoice/pickinvoice-step4/node_modules/next/dist/esm/server/lib/squoosh/png'
npm warn tar TAR_ENTRY_ERROR ENOENT: no such file or directory, lstat '/mnt/data/pickinvoice/pickinvoice-step4/node_modules/next/dist/server/lib/squoosh/png'
npm warn tar TAR_ENTRY_ERROR ENOENT: no such file or directory, lstat '/mnt/data/pickinvoice/pickinvoice-step4/node_modules/next/dist/esm/server/lib/squoosh/resize'
npm warn tar TAR_ENTRY_ERROR ENOENT: no such file or directory, lstat '/mnt/data/pickinvoice/pickinvoice-step4/node_modules/next/dist/server/lib/squoosh/resize'
npm warn tar TAR_ENTRY_ERROR ENOENT: no such file or directory, lstat '/mnt/data/pickinvoice/pickinvoice-step4/node_modules/next/dist/client/components/react-dev-overlay'
npm warn tar TAR_ENTRY_ERROR ENOENT: no such file or directory, lstat '/mnt/data/pickinvoice/pickinvoice-step4/node_modules/next/dist/esm/client/components/react-dev-overlay'
npm warn tar TAR_ENTRY_ERROR ENOENT: no such file or directory, open '/mnt/data/pickinvoice/pickinvoice-step4/node_modules/next/dist/compiled/stacktrace-parser/stack-trace-parser.cjs.js'
npm warn tar TAR_ENTRY_ERROR ENOENT: no such file or directory, open '/mnt/data/pickinvoice/pickinvoice-step4/node_modules/next/dist/esm/server/lib/start-server.js'
npm warn tar TAR_ENTRY_ERROR ENOENT: no such file or directory, open '/mnt/data/pickinvoice/pickinvoice-step4/node_modules/next/dist/server/lib/start-server.js'
npm warn tar TAR_ENTRY_ERROR ENOENT: no such file or directory, lstat '/mnt/data/pickinvoice/pickinvoice-step4/node_modules/next/dist/esm/lib/memory'
npm warn tar TAR_ENTRY_ERROR ENOENT: no such file or directory, lstat '/mnt/data/pickinvoice/pickinvoice-step4/node_modules/next/dist/lib/memory'
npm warn tar TAR_ENTRY_ERROR ENOENT: no such file or directory, open '/mnt/data/pickinvoice/pickinvoice-step4/node_modules/next/dist/client/components/static-generation-async-storage-instance.js'
npm warn tar TAR_ENTRY_ERROR ENOENT: no such file or directory, open '/mnt/data/pickinvoice/pickinvoice-step4/node_modules/next/dist/esm/client/components/static-generation-async-storage-instance.js'
npm warn tar TAR_ENTRY_ERROR ENOENT: no such file or directory, open '/mnt/data/pickinvoice/pickinvoice-step4/node_modules/next/dist/esm/server/async-storage/static-generation-async-storage-wrapper.js'
npm warn tar TAR_ENTRY_ERROR ENOENT: no such file or directory, open '/mnt/data/pickinvoice/pickinvoice-step4/node_modules/next/dist/server/async-storage/static-generation-async-storage-wrapper.js'
npm warn tar TAR_ENTRY_ERROR ENOENT: no such file or directory, open '/mnt/data/pickinvoice/pickinvoice-step4/node_modules/next/dist/client/components/static-generation-async-storage.external.js'
npm warn tar TAR_ENTRY_ERROR ENOENT: no such file or directory, open '/mnt/data/pickinvoice/pickinvoice-step4/node_modules/next/dist/esm/client/components/static-generation-async-storage.external.js'
npm warn tar TAR_ENTRY_ERROR ENOENT: no such file or directory, open '/mnt/data/pickinvoice/pickinvoice-step4/node_modules/next/dist/client/components/static-generation-bailout.js'
npm warn tar TAR_ENTRY_ERROR ENOENT: no such file or directory, open '/mnt/data/pickinvoice/pickinvoice-step4/node_modules/next/dist/esm/client/components/static-generation-bailout.js'
npm warn tar TAR_ENTRY_ERROR ENOENT: no such file or directory, lstat '/mnt/data/pickinvoice/pickinvoice-step4/node_modules/next/dist/esm/server/dev'
npm warn tar TAR_ENTRY_ERROR ENOENT: no such file or directory, lstat '/mnt/data/pickinvoice/pickinvoice-step4/node_modules/next/dist/server/dev'
npm warn tar TAR_ENTRY_ERROR ENOENT: no such file or directory, lstat '/mnt/data/pickinvoice/pickinvoice-step4/node_modules/next/dist/esm/server/app-render/static'
npm warn tar TAR_ENTRY_ERROR ENOENT: no such file or directory, lstat '/mnt/data/pickinvoice/pickinvoice-step4/node_modules/next/dist/server/app-render/static'
npm warn tar TAR_ENTRY_ERROR ENOENT: no such file or directory, open '/mnt/data/pickinvoice/pickinvoice-step4/node_modules/next/dist/compiled/react-dom-experimental/static.edge.js'
npm warn tar TAR_ENTRY_ERROR ENOENT: no such file or directory, open '/mnt/data/pickinvoice/pickinvoice-step4/node_modules/next/dist/compiled/react-dom/static.edge.js'
npm warn tar TAR_ENTRY_ERROR ENOENT: no such file or directory, lstat '/mnt/data/pickinvoice/pickinvoice-step4/node_modules/next/dist/experimental/testmode/playwright'
npm warn tar TAR_ENTRY_ERROR ENOENT: no such file or directory, open '/mnt/data/pickinvoice/pickinvoice-step4/node_modules/next/dist/telemetry/storage.js'
npm warn tar TAR_ENTRY_ERROR ENOENT: no such file or directory, lstat '/mnt/data/pickinvoice/pickinvoice-step4/node_modules/next/dist/build/output'
npm warn tar TAR_ENTRY_ERROR ENOENT: no such file or directory, lstat '/mnt/data/pickinvoice/pickinvoice-step4/node_modules/next/dist/esm/build/output'
npm warn tar TAR_ENTRY_ERROR ENOENT: no such file or directory, open '/mnt/data/pickinvoice/pickinvoice-step4/node_modules/next/dist/compiled/string_decoder/string_decoder.js'
npm warn tar TAR_ENTRY_ERROR ENOENT: no such file or directory, lstat '/mnt/data/pickinvoice/pickinvoice-step4/node_modules/next/dist/build/webpack'
npm warn tar TAR_ENTRY_ERROR ENOENT: no such file or directory, lstat '/mnt/data/pickinvoice/pickinvoice-step4/node_modules/next/dist/esm/build/webpack'
npm warn tar TAR_ENTRY_ERROR ENOENT: no such file or directory, open '/mnt/data/pickinvoice/pickinvoice-step4/node_modules/next/dist/esm/server/app-render/strip-flight-headers.js'
npm warn tar TAR_ENTRY_ERROR ENOENT: no such file or directory, open '/mnt/data/pickinvoice/pickinvoice-step4/node_modules/next/dist/server/app-render/strip-flight-headers.js'
npm warn tar TAR_ENTRY_ERROR ENOENT: no such file or directory, open '/mnt/data/pickinvoice/pickinvoice-step4/node_modules/next/dist/compiled/@edge-runtime/primitives/structured-clone.js.text.js'
npm warn tar TAR_ENTRY_ERROR ENOENT: no such file or directory, open '/mnt/data/pickinvoice/pickinvoice-step4/node_modules/next/dist/esm/shared/lib/styled-jsx.js'
npm warn tar TAR_ENTRY_ERROR ENOENT: no such file or directory, open '/mnt/data/pickinvoice/pickinvoice-step4/node_modules/next/dist/shared/lib/styled-jsx.js'
npm warn tar TAR_ENTRY_ERROR ENOENT: no such file or directory, lstat '/mnt/data/pickinvoice/pickinvoice-step4/node_modules/next/dist/build/jest'
npm warn tar TAR_ENTRY_ERROR ENOENT: no such file or directory, open '/mnt/data/pickinvoice/pickinvoice-step4/node_modules/next/dist/client/components/react-dev-overlay/internal/components/CodeFrame/styles.js'
npm warn tar TAR_ENTRY_ERROR ENOENT: no such file or directory, lstat '/mnt/data/pickinvoice/pickinvoice-step4/node_modules/next/dist/client/components/react-dev-overlay'
npm warn tar TAR_ENTRY_ERROR ENOENT: no such file or directory, lstat '/mnt/data/pickinvoice/pickinvoice-step4/node_modules/next/dist/client/components/react-dev-overlay'
npm warn tar TAR_ENTRY_ERROR ENOENT: no such file or directory, open '/mnt/data/pickinvoice/pickinvoice-step4/node_modules/next/dist/client/components/react-dev-overlay/internal/components/Overlay/styles.js'
npm warn tar TAR_ENTRY_ERROR ENOENT: no such file or directory, lstat '/mnt/data/pickinvoice/pickinvoice-step4/node_modules/next/dist/client/components/react-dev-overlay'
npm warn tar TAR_ENTRY_ERROR ENOENT: no such file or directory, lstat '/mnt/data/pickinvoice/pickinvoice-step4/node_modules/next/dist/client/components/react-dev-overlay'
npm warn tar TAR_ENTRY_ERROR ENOENT: no such file or directory, lstat '/mnt/data/pickinvoice/pickinvoice-step4/node_modules/next/dist/client/components/react-dev-overlay'
npm warn tar TAR_ENTRY_ERROR ENOENT: no such file or directory, open '/mnt/data/pickinvoice/pickinvoice-step4/node_modules/next/dist/esm/client/components/react-dev-overlay/internal/components/CodeFrame/styles.js'
npm warn tar TAR_ENTRY_ERROR ENOENT: no such file or directory, lstat '/mnt/data/pickinvoice/pickinvoice-step4/node_modules/next/dist/esm/client/components/react-dev-overlay'
npm warn tar TAR_ENTRY_ERROR ENOENT: no such file or directory, lstat '/mnt/data/pickinvoice/pickinvoice-step4/node_modules/next/dist/esm/client/components/react-dev-overlay'
npm warn tar TAR_ENTRY_ERROR ENOENT: no such file or directory, open '/mnt/data/pickinvoice/pickinvoice-step4/node_modules/next/dist/esm/client/components/react-dev-overlay/internal/components/Overlay/styles.js'
npm warn tar TAR_ENTRY_ERROR ENOENT: no such file or directory, lstat '/mnt/data/pickinvoice/pickinvoice-step4/node_modules/next/dist/esm/client/components/react-dev-overlay'
npm warn tar TAR_ENTRY_ERROR ENOENT: no such file or directory, lstat '/mnt/data/pickinvoice/pickinvoice-step4/node_modules/next/dist/esm/client/components/react-dev-overlay'
npm warn tar TAR_ENTRY_ERROR ENOENT: no such file or directory, lstat '/mnt/data/pickinvoice/pickinvoice-step4/node_modules/next/dist/esm/client/components/react-dev-overlay'
npm warn tar TAR_ENTRY_ERROR ENOENT: no such file or directory, open '/mnt/data/pickinvoice/pickinvoice-step4/node_modules/next/dist/build/webpack/plugins/subresource-integrity-plugin.js'
npm warn tar TAR_ENTRY_ERROR ENOENT: no such file or directory, open '/mnt/data/pickinvoice/pickinvoice-step4/node_modules/next/dist/esm/build/webpack/plugins/subresource-integrity-plugin.js'
npm warn tar TAR_ENTRY_ERROR ENOENT: no such file or directory, open '/mnt/data/pickinvoice/pickinvoice-step4/node_modules/next/dist/esm/server/future/normalizers/request/suffix.js'
npm warn tar TAR_ENTRY_ERROR ENOENT: no such file or directory, open '/mnt/data/pickinvoice/pickinvoice-step4/node_modules/next/dist/server/future/normalizers/request/suffix.js'
npm warn tar TAR_ENTRY_ERROR ENOENT: no such file or directory, open '/mnt/data/pickinvoice/pickinvoice-step4/node_modules/next/dist/compiled/@babel/runtime/helpers/esm/superPropBase.js'
npm warn tar TAR_ENTRY_ERROR ENOENT: no such file or directory, open '/mnt/data/pickinvoice/pickinvoice-step4/node_modules/next/dist/compiled/@babel/runtime/helpers/superPropBase.js'
npm warn tar TAR_ENTRY_ERROR ENOENT: no such file or directory, open '/mnt/data/pickinvoice/pickinvoice-step4/node_modules/next/dist/telemetry/events/swc-load-failure.js'
npm warn tar TAR_ENTRY_ERROR ENOENT: no such file or directory, open '/mnt/data/pickinvoice/pickinvoice-step4/node_modules/next/dist/telemetry/events/swc-plugins.js'
npm warn tar TAR_ENTRY_ERROR ENOENT: no such file or directory, open '/mnt/data/pickinvoice/pickinvoice-step4/node_modules/next/dist/compiled/@babel/runtime/helpers/esm/taggedTemplateLiteral.js'
npm warn tar TAR_ENTRY_ERROR ENOENT: no such file or directory, open '/mnt/data/pickinvoice/pickinvoice-step4/node_modules/next/dist/compiled/@babel/runtime/helpers/taggedTemplateLiteral.js'
npm warn tar TAR_ENTRY_ERROR ENOENT: no such file or directory, open '/mnt/data/pickinvoice/pickinvoice-step4/node_modules/next/dist/compiled/@babel/runtime/helpers/esm/taggedTemplateLiteralLoose.js'
npm warn tar TAR_ENTRY_ERROR ENOENT: no such file or directory, open '/mnt/data/pickinvoice/pickinvoice-step4/node_modules/next/dist/compiled/@babel/runtime/helpers/taggedTemplateLiteralLoose.js'
npm warn tar TAR_ENTRY_ERROR ENOENT: no such file or directory, lstat '/mnt/data/pickinvoice/pickinvoice-step4/node_modules/next/dist/esm/server/app-render/rsc'
npm warn tar TAR_ENTRY_ERROR ENOENT: no such file or directory, lstat '/mnt/data/pickinvoice/pickinvoice-step4/node_modules/next/dist/server/app-render/rsc'
npm warn tar TAR_ENTRY_ERROR ENOENT: no such file or directory, lstat '/mnt/data/pickinvoice/pickinvoice-step4/node_modules/next/dist/build/turborepo-access-trace'
npm warn tar TAR_ENTRY_ERROR ENOENT: no such file or directory, lstat '/mnt/data/pickinvoice/pickinvoice-step4/node_modules/next/dist/esm/build/turborepo-access-trace'
npm warn tar TAR_ENTRY_ERROR ENOENT: no such file or directory, open '/mnt/data/pickinvoice/pickinvoice-step4/node_modules/next/dist/compiled/@babel/runtime/helpers/esm/tdz.js'
npm warn tar TAR_ENTRY_ERROR ENOENT: no such file or directory, open '/mnt/data/pickinvoice/pickinvoice-step4/node_modules/next/dist/compiled/@babel/runtime/helpers/tdz.js'
npm warn tar TAR_ENTRY_ERROR ENOENT: no such file or directory, open '/mnt/data/pickinvoice/pickinvoice-step4/node_modules/next/dist/build/webpack/plugins/telemetry-plugin.js'
npm warn tar TAR_ENTRY_ERROR ENOENT: no such file or directory, open '/mnt/data/pickinvoice/pickinvoice-step4/node_modules/next/dist/esm/build/webpack/plugins/telemetry-plugin.js'
npm warn tar TAR_ENTRY_ERROR ENOENT: no such file or directory, open '/mnt/data/pickinvoice/pickinvoice-step4/node_modules/next/dist/compiled/@babel/runtime/helpers/esm/temporalRef.js'
npm warn tar TAR_ENTRY_ERROR ENOENT: no such file or directory, open '/mnt/data/pickinvoice/pickinvoice-step4/node_modules/next/dist/compiled/@babel/runtime/helpers/temporalRef.js'
npm warn tar TAR_ENTRY_ERROR ENOENT: no such file or directory, open '/mnt/data/pickinvoice/pickinvoice-step4/node_modules/next/dist/compiled/@babel/runtime/helpers/esm/temporalUndefined.js'
npm warn tar TAR_ENTRY_ERROR ENOENT: no such file or directory, open '/mnt/data/pickinvoice/pickinvoice-step4/node_modules/next/dist/compiled/@babel/runtime/helpers/temporalUndefined.js'
npm warn tar TAR_ENTRY_ERROR ENOENT: no such file or directory, lstat '/mnt/data/pickinvoice/pickinvoice-step4/node_modules/next/dist/client/components/react-dev-overlay'
npm warn tar TAR_ENTRY_ERROR ENOENT: no such file or directory, lstat '/mnt/data/pickinvoice/pickinvoice-step4/node_modules/next/dist/esm/client/components/react-dev-overlay'
npm warn tar TAR_ENTRY_ERROR ENOENT: no such file or directory, open '/mnt/data/pickinvoice/pickinvoice-step4/node_modules/next/dist/compiled/jest-worker/threadChild.js'
npm warn tar TAR_ENTRY_ERROR ENOENT: no such file or directory, open '/mnt/data/pickinvoice/pickinvoice-step4/node_modules/next/dist/compiled/@edge-runtime/primitives/timers.js.text.js'
npm warn tar TAR_ENTRY_ERROR ENOENT: no such file or directory, open '/mnt/data/pickinvoice/pickinvoice-step4/node_modules/next/dist/esm/server/lib/to-route.js'
npm warn tar TAR_ENTRY_ERROR ENOENT: no such file or directory, open '/mnt/data/pickinvoice/pickinvoice-step4/node_modules/next/dist/server/lib/to-route.js'
npm warn tar TAR_ENTRY_ERROR ENOENT: no such file or directory, open '/mnt/data/pickinvoice/pickinvoice-step4/node_modules/next/dist/compiled/@babel/runtime/helpers/esm/toArray.js'
npm warn tar TAR_ENTRY_ERROR ENOENT: no such file or directory, open '/mnt/data/pickinvoice/pickinvoice-step4/node_modules/next/dist/compiled/@babel/runtime/helpers/toArray.js'
npm warn tar TAR_ENTRY_ERROR ENOENT: no such file or directory, lstat '/mnt/data/pickinvoice/pickinvoice-step4/node_modules/next/dist/client/components/react-dev-overlay'
npm warn tar TAR_ENTRY_ERROR ENOENT: no such file or directory, lstat '/mnt/data/pickinvoice/pickinvoice-step4/node_modules/next/dist/esm/client/components/react-dev-overlay'
npm warn tar TAR_ENTRY_ERROR ENOENT: no such file or directory, open '/mnt/data/pickinvoice/pickinvoice-step4/node_modules/next/dist/compiled/@babel/runtime/helpers/esm/toConsumableArray.js'
npm warn tar TAR_ENTRY_ERROR ENOENT: no such file or directory, open '/mnt/data/pickinvoice/pickinvoice-step4/node_modules/next/dist/compiled/@babel/runtime/helpers/toConsumableArray.js'
npm warn tar TAR_ENTRY_ERROR ENOENT: no such file or directory, open '/mnt/data/pickinvoice/pickinvoice-step4/node_modules/next/dist/compiled/@babel/runtime/helpers/esm/toPrimitive.js'
npm warn tar TAR_ENTRY_ERROR ENOENT: no such file or directory, open '/mnt/data/pickinvoice/pickinvoice-step4/node_modules/next/dist/compiled/@babel/runtime/helpers/toPrimitive.js'
npm warn tar TAR_ENTRY_ERROR ENOENT: no such file or directory, open '/mnt/data/pickinvoice/pickinvoice-step4/node_modules/next/dist/compiled/@babel/runtime/helpers/esm/toPropertyKey.js'
npm warn tar TAR_ENTRY_ERROR ENOENT: no such file or directory, open '/mnt/data/pickinvoice/pickinvoice-step4/node_modules/next/dist/compiled/@babel/runtime/helpers/toPropertyKey.js'
npm warn tar TAR_ENTRY_ERROR ENOENT: no such file or directory, lstat '/mnt/data/pickinvoice/pickinvoice-step4/node_modules/next/dist/esm/lib/memory'
npm warn tar TAR_ENTRY_ERROR ENOENT: no such file or directory, lstat '/mnt/data/pickinvoice/pickinvoice-step4/node_modules/next/dist/lib/memory'
npm warn tar TAR_ENTRY_ERROR ENOENT: no such file or directory, lstat '/mnt/data/pickinvoice/pickinvoice-step4/node_modules/next/dist/client/tracing'
npm warn tar TAR_ENTRY_ERROR ENOENT: no such file or directory, lstat '/mnt/data/pickinvoice/pickinvoice-step4/node_modules/next/dist/esm/client/tracing'
npm warn tar TAR_ENTRY_ERROR ENOENT: no such file or directory, open '/mnt/data/pickinvoice/pickinvoice-step4/node_modules/next/dist/esm/server/lib/trace/tracer.js'
npm warn tar TAR_ENTRY_ERROR ENOENT: no such file or directory, open '/mnt/data/pickinvoice/pickinvoice-step4/node_modules/next/dist/server/lib/trace/tracer.js'
npm warn tar TAR_ENTRY_ERROR ENOENT: no such file or directory, lstat '/mnt/data/pickinvoice/pickinvoice-step4/node_modules/next/dist/build/babel'
npm warn tar TAR_ENTRY_ERROR ENOENT: no such file or directory, lstat '/mnt/data/pickinvoice/pickinvoice-step4/node_modules/next/dist/esm/build/babel'
npm warn tar TAR_ENTRY_ERROR ENOENT: no such file or directory, open '/mnt/data/pickinvoice/pickinvoice-step4/node_modules/next/dist/compiled/babel/traverse.js'
npm warn tar TAR_ENTRY_ERROR ENOENT: no such file or directory, open '/mnt/data/pickinvoice/pickinvoice-step4/node_modules/next/dist/client/trusted-types.js'
npm warn tar TAR_ENTRY_ERROR ENOENT: no such file or directory, open '/mnt/data/pickinvoice/pickinvoice-step4/node_modules/next/dist/esm/client/trusted-types.js'
npm warn tar TAR_ENTRY_ERROR ENOENT: no such file or directory, open '/mnt/data/pickinvoice/pickinvoice-step4/node_modules/next/dist/esm/server/api-utils/node/try-get-preview-data.js'
npm warn tar TAR_ENTRY_ERROR ENOENT: no such file or directory, open '/mnt/data/pickinvoice/pickinvoice-step4/node_modules/next/dist/server/api-utils/node/try-get-preview-data.js'
npm warn tar TAR_ENTRY_ERROR ENOENT: no such file or directory, open '/mnt/data/pickinvoice/pickinvoice-step4/node_modules/next/dist/esm/lib/try-to-parse-path.js'
npm warn tar TAR_ENTRY_ERROR ENOENT: no such file or directory, open '/mnt/data/pickinvoice/pickinvoice-step4/node_modules/next/dist/lib/try-to-parse-path.js'
npm warn tar TAR_ENTRY_ERROR ENOENT: no such file or directory, lstat '/mnt/data/pickinvoice/pickinvoice-step4/node_modules/next/dist/esm/server/dev'
npm warn tar TAR_ENTRY_ERROR ENOENT: no such file or directory, lstat '/mnt/data/pickinvoice/pickinvoice-step4/node_modules/next/dist/server/dev'
npm warn tar TAR_ENTRY_ERROR ENOENT: no such file or directory, open '/mnt/data/pickinvoice/pickinvoice-step4/node_modules/next/dist/esm/lib/turbopack-warning.js'
npm warn tar TAR_ENTRY_ERROR ENOENT: no such file or directory, open '/mnt/data/pickinvoice/pickinvoice-step4/node_modules/next/dist/lib/turbopack-warning.js'
npm warn tar TAR_ENTRY_ERROR ENOENT: no such file or directory, open '/mnt/data/pickinvoice/pickinvoice-step4/node_modules/next/dist/esm/lib/metadata/types/twitter-types.js'
npm warn tar TAR_ENTRY_ERROR ENOENT: no such file or directory, open '/mnt/data/pickinvoice/pickinvoice-step4/node_modules/next/dist/lib/metadata/types/twitter-types.js'
npm warn tar TAR_ENTRY_ERROR ENOENT: no such file or directory, open '/mnt/data/pickinvoice/pickinvoice-step4/node_modules/next/dist/build/type-check.js'
npm warn tar TAR_ENTRY_ERROR ENOENT: no such file or directory, open '/mnt/data/pickinvoice/pickinvoice-step4/node_modules/next/dist/esm/build/type-check.js'
npm warn tar TAR_ENTRY_ERROR ENOENT: no such file or directory, open '/mnt/data/pickinvoice/pickinvoice-step4/node_modules/next/dist/compiled/@babel/runtime/helpers/esm/typeof.js'
npm warn tar TAR_ENTRY_ERROR ENOENT: no such file or directory, open '/mnt/data/pickinvoice/pickinvoice-step4/node_modules/next/dist/compiled/@babel/runtime/helpers/typeof.js'
npm warn tar TAR_ENTRY_ERROR ENOENT: no such file or directory, lstat '/mnt/data/pickinvoice/pickinvoice-step4/node_modules/next/dist/build/turborepo-access-trace'
npm warn tar TAR_ENTRY_ERROR ENOENT: no such file or directory, lstat '/mnt/data/pickinvoice/pickinvoice-step4/node_modules/next/dist/build/webpack'
npm warn tar TAR_ENTRY_ERROR ENOENT: no such file or directory, open '/mnt/data/pickinvoice/pickinvoice-step4/node_modules/next/dist/compiled/@next/font/dist/types.js'
npm warn tar TAR_ENTRY_ERROR ENOENT: no such file or directory, open '/mnt/data/pickinvoice/pickinvoice-step4/node_modules/next/dist/compiled/babel/types.js'
npm warn tar TAR_ENTRY_ERROR ENOENT: no such file or directory, lstat '/mnt/data/pickinvoice/pickinvoice-step4/node_modules/next/dist/esm/build/turborepo-access-trace'
npm warn tar TAR_ENTRY_ERROR ENOENT: no such file or directory, lstat '/mnt/data/pickinvoice/pickinvoice-step4/node_modules/next/dist/esm/build/webpack'
npm warn tar TAR_ENTRY_ERROR ENOENT: no such file or directory, open '/mnt/data/pickinvoice/pickinvoice-step4/node_modules/next/dist/esm/export/routes/types.js'
npm warn tar TAR_ENTRY_ERROR ENOENT: no such file or directory, open '/mnt/data/pickinvoice/pickinvoice-step4/node_modules/next/dist/esm/server/app-render/types.js'
npm warn tar TAR_ENTRY_ERROR ENOENT: no such file or directory, lstat '/mnt/data/pickinvoice/pickinvoice-step4/node_modules/next/dist/esm/server/dev'
npm warn tar TAR_ENTRY_ERROR ENOENT: no such file or directory, open '/mnt/data/pickinvoice/pickinvoice-step4/node_modules/next/dist/esm/server/lib/router-utils/types.js'
npm warn tar TAR_ENTRY_ERROR ENOENT: no such file or directory, open '/mnt/data/pickinvoice/pickinvoice-step4/node_modules/next/dist/esm/server/lib/types.js'
npm warn tar TAR_ENTRY_ERROR ENOENT: no such file or directory, lstat '/mnt/data/pickinvoice/pickinvoice-step4/node_modules/next/dist/esm/server/response-cache'
npm warn tar TAR_ENTRY_ERROR ENOENT: no such file or directory, open '/mnt/data/pickinvoice/pickinvoice-step4/node_modules/next/dist/esm/server/web/types.js'
npm warn tar TAR_ENTRY_ERROR ENOENT: no such file or directory, open '/mnt/data/pickinvoice/pickinvoice-step4/node_modules/next/dist/esm/shared/lib/lazy-dynamic/types.js'
npm warn tar TAR_ENTRY_ERROR ENOENT: no such file or directory, lstat '/mnt/data/pickinvoice/pickinvoice-step4/node_modules/next/dist/experimental/testmode/proxy'
npm warn tar TAR_ENTRY_ERROR ENOENT: no such file or directory, open '/mnt/data/pickinvoice/pickinvoice-step4/node_modules/next/dist/export/routes/types.js'
npm warn tar TAR_ENTRY_ERROR ENOENT: no such file or directory, open '/mnt/data/pickinvoice/pickinvoice-step4/node_modules/next/dist/server/app-render/types.js'
npm warn tar TAR_ENTRY_ERROR ENOENT: no such file or directory, lstat '/mnt/data/pickinvoice/pickinvoice-step4/node_modules/next/dist/server/dev'
npm warn tar TAR_ENTRY_ERROR ENOENT: no such file or directory, open '/mnt/data/pickinvoice/pickinvoice-step4/node_modules/next/dist/server/lib/router-utils/types.js'
npm warn tar TAR_ENTRY_ERROR ENOENT: no such file or directory, open '/mnt/data/pickinvoice/pickinvoice-step4/node_modules/next/dist/server/lib/types.js'
npm warn tar TAR_ENTRY_ERROR ENOENT: no such file or directory, lstat '/mnt/data/pickinvoice/pickinvoice-step4/node_modules/next/dist/server/response-cache'
npm warn tar TAR_ENTRY_ERROR ENOENT: no such file or directory, open '/mnt/data/pickinvoice/pickinvoice-step4/node_modules/next/dist/server/web/types.js'
npm warn tar TAR_ENTRY_ERROR ENOENT: no such file or directory, open '/mnt/data/pickinvoice/pickinvoice-step4/node_modules/next/dist/shared/lib/lazy-dynamic/types.js'
npm warn tar TAR_ENTRY_ERROR ENOENT: no such file or directory, lstat '/mnt/data/pickinvoice/pickinvoice-step4/node_modules/next/dist/esm/server/stream-utils'
npm warn tar TAR_ENTRY_ERROR ENOENT: no such file or directory, lstat '/mnt/data/pickinvoice/pickinvoice-step4/node_modules/next/dist/server/stream-utils'
npm warn tar TAR_ENTRY_ERROR ENOENT: no such file or directory, open '/mnt/data/pickinvoice/pickinvoice-step4/node_modules/next/dist/esm/server/future/normalizers/underscore-normalizer.js'
npm warn tar TAR_ENTRY_ERROR ENOENT: no such file or directory, open '/mnt/data/pickinvoice/pickinvoice-step4/node_modules/next/dist/server/future/normalizers/underscore-normalizer.js'
npm warn tar TAR_ENTRY_ERROR ENOENT: no such file or directory, open '/mnt/data/pickinvoice/pickinvoice-step4/node_modules/next/dist/client/components/unresolved-thenable.js'
npm warn tar TAR_ENTRY_ERROR ENOENT: no such file or directory, open '/mnt/data/pickinvoice/pickinvoice-step4/node_modules/next/dist/esm/client/components/unresolved-thenable.js'
npm warn tar TAR_ENTRY_ERROR ENOENT: no such file or directory, open '/mnt/data/pickinvoice/pickinvoice-step4/node_modules/next/dist/compiled/scheduler-experimental/unstable_mock.js'
npm warn tar TAR_ENTRY_ERROR ENOENT: no such file or directory, open '/mnt/data/pickinvoice/pickinvoice-step4/node_modules/next/dist/compiled/scheduler/unstable_mock.js'
npm warn tar TAR_ENTRY_ERROR ENOENT: no such file or directory, open '/mnt/data/pickinvoice/pickinvoice-step4/node_modules/next/dist/compiled/scheduler-experimental/unstable_post_task.js'
npm warn tar TAR_ENTRY_ERROR ENOENT: no such file or directory, open '/mnt/data/pickinvoice/pickinvoice-step4/node_modules/next/dist/compiled/scheduler/unstable_post_task.js'
npm warn tar TAR_ENTRY_ERROR ENOENT: no such file or directory, open '/mnt/data/pickinvoice/pickinvoice-step4/node_modules/next/dist/esm/server/web/spec-extension/unstable-cache.js'
npm warn tar TAR_ENTRY_ERROR ENOENT: no such file or directory, open '/mnt/data/pickinvoice/pickinvoice-step4/node_modules/next/dist/server/web/spec-extension/unstable-cache.js'
npm warn tar TAR_ENTRY_ERROR ENOENT: no such file or directory, open '/mnt/data/pickinvoice/pickinvoice-step4/node_modules/next/dist/esm/server/web/spec-extension/unstable-no-store.js'
npm warn tar TAR_ENTRY_ERROR ENOENT: no such file or directory, open '/mnt/data/pickinvoice/pickinvoice-step4/node_modules/next/dist/server/web/spec-extension/unstable-no-store.js'
npm warn tar TAR_ENTRY_ERROR ENOENT: no such file or directory, open '/mnt/data/pickinvoice/pickinvoice-step4/node_modules/next/dist/compiled/@babel/runtime/helpers/esm/unsupportedIterableToArray.js'
npm warn tar TAR_ENTRY_ERROR ENOENT: no such file or directory, open '/mnt/data/pickinvoice/pickinvoice-step4/node_modules/next/dist/compiled/@babel/runtime/helpers/unsupportedIterableToArray.js'
npm warn tar TAR_ENTRY_ERROR ENOENT: no such file or directory, open '/mnt/data/pickinvoice/pickinvoice-step4/node_modules/next/dist/esm/server/web/spec-extension/url-pattern.js'
npm warn tar TAR_ENTRY_ERROR ENOENT: no such file or directory, open '/mnt/data/pickinvoice/pickinvoice-step4/node_modules/next/dist/server/web/spec-extension/url-pattern.js'
npm warn tar TAR_ENTRY_ERROR ENOENT: no such file or directory, open '/mnt/data/pickinvoice/pickinvoice-step4/node_modules/next/dist/esm/lib/url.js'
npm warn tar TAR_ENTRY_ERROR ENOENT: no such file or directory, open '/mnt/data/pickinvoice/pickinvoice-step4/node_modules/next/dist/lib/url.js'
npm warn tar TAR_ENTRY_ERROR ENOENT: no such file or directory, open '/mnt/data/pickinvoice/pickinvoice-step4/node_modules/next/dist/compiled/@edge-runtime/primitives/url.js.text.js'
npm warn tar TAR_ENTRY_ERROR ENOENT: no such file or directory, lstat '/mnt/data/pickinvoice/pickinvoice-step4/node_modules/next/dist/client/components/react-dev-overlay'
npm warn tar TAR_ENTRY_ERROR ENOENT: no such file or directory, lstat '/mnt/data/pickinvoice/pickinvoice-step4/node_modules/next/dist/esm/client/components/react-dev-overlay'
npm warn tar TAR_ENTRY_ERROR ENOENT: no such file or directory, open '/mnt/data/pickinvoice/pickinvoice-step4/node_modules/next/dist/esm/server/app-render/use-flight-response.js'
npm warn tar TAR_ENTRY_ERROR ENOENT: no such file or directory, open '/mnt/data/pickinvoice/pickinvoice-step4/node_modules/next/dist/server/app-render/use-flight-response.js'
npm warn tar TAR_ENTRY_ERROR ENOENT: no such file or directory, open '/mnt/data/pickinvoice/pickinvoice-step4/node_modules/next/dist/client/use-intersection.js'
npm warn tar TAR_ENTRY_ERROR ENOENT: no such file or directory, open '/mnt/data/pickinvoice/pickinvoice-step4/node_modules/next/dist/esm/client/use-intersection.js'
npm warn tar TAR_ENTRY_ERROR ENOENT: no such file or directory, lstat '/mnt/data/pickinvoice/pickinvoice-step4/node_modules/next/dist/client/components/react-dev-overlay'
npm warn tar TAR_ENTRY_ERROR ENOENT: no such file or directory, lstat '/mnt/data/pickinvoice/pickinvoice-step4/node_modules/next/dist/esm/client/components/react-dev-overlay'
npm warn tar TAR_ENTRY_ERROR ENOENT: no such file or directory, lstat '/mnt/data/pickinvoice/pickinvoice-step4/node_modules/next/dist/client/components/react-dev-overlay'
npm warn tar TAR_ENTRY_ERROR ENOENT: no such file or directory, lstat '/mnt/data/pickinvoice/pickinvoice-step4/node_modules/next/dist/esm/client/components/react-dev-overlay'
npm warn tar TAR_ENTRY_ERROR ENOENT: no such file or directory, open '/mnt/data/pickinvoice/pickinvoice-step4/node_modules/next/dist/client/components/use-reducer-with-devtools.js'
npm warn tar TAR_ENTRY_ERROR ENOENT: no such file or directory, open '/mnt/data/pickinvoice/pickinvoice-step4/node_modules/next/dist/esm/client/components/use-reducer-with-devtools.js'
npm warn tar TAR_ENTRY_ERROR ENOENT: no such file or directory, lstat '/mnt/data/pickinvoice/pickinvoice-step4/node_modules/next/dist/client/components/react-dev-overlay'
npm warn tar TAR_ENTRY_ERROR ENOENT: no such file or directory, lstat '/mnt/data/pickinvoice/pickinvoice-step4/node_modules/next/dist/esm/client/components/react-dev-overlay'
npm warn tar TAR_ENTRY_ERROR ENOENT: no such file or directory, open '/mnt/data/pickinvoice/pickinvoice-step4/node_modules/next/dist/esm/server/web/spec-extension/user-agent.js'
npm warn tar TAR_ENTRY_ERROR ENOENT: no such file or directory, open '/mnt/data/pickinvoice/pickinvoice-step4/node_modules/next/dist/server/web/spec-extension/user-agent.js'
npm warn tar TAR_ENTRY_ERROR ENOENT: no such file or directory, open '/mnt/data/pickinvoice/pickinvoice-step4/node_modules/next/dist/compiled/@babel/runtime/helpers/esm/using.js'
npm warn tar TAR_ENTRY_ERROR ENOENT: no such file or directory, open '/mnt/data/pickinvoice/pickinvoice-step4/node_modules/next/dist/compiled/@babel/runtime/helpers/using.js'
npm warn tar TAR_ENTRY_ERROR ENOENT: no such file or directory, lstat '/mnt/data/pickinvoice/pickinvoice-step4/node_modules/next/dist/build/babel'
npm warn tar TAR_ENTRY_ERROR ENOENT: no such file or directory, open '/mnt/data/pickinvoice/pickinvoice-step4/node_modules/next/dist/compiled/util/util.js'
npm warn tar TAR_ENTRY_ERROR ENOENT: no such file or directory, lstat '/mnt/data/pickinvoice/pickinvoice-step4/node_modules/next/dist/esm/build/babel'
npm warn tar TAR_ENTRY_ERROR ENOENT: no such file or directory, open '/mnt/data/pickinvoice/pickinvoice-step4/node_modules/next/dist/build/utils.js'
npm warn tar TAR_ENTRY_ERROR ENOENT: no such file or directory, lstat '/mnt/data/pickinvoice/pickinvoice-step4/node_modules/next/dist/build/webpack'
npm warn tar TAR_ENTRY_ERROR ENOENT: no such file or directory, open '/mnt/data/pickinvoice/pickinvoice-step4/node_modules/next/dist/build/webpack/loaders/css-loader/src/utils.js'
npm warn tar TAR_ENTRY_ERROR ENOENT: no such file or directory, open '/mnt/data/pickinvoice/pickinvoice-step4/node_modules/next/dist/build/webpack/loaders/lightningcss-loader/src/utils.js'
npm warn tar TAR_ENTRY_ERROR ENOENT: no such file or directory, lstat '/mnt/data/pickinvoice/pickinvoice-step4/node_modules/next/dist/build/webpack'
npm warn tar TAR_ENTRY_ERROR ENOENT: no such file or directory, lstat '/mnt/data/pickinvoice/pickinvoice-step4/node_modules/next/dist/build/webpack'
npm warn tar TAR_ENTRY_ERROR ENOENT: no such file or directory, lstat '/mnt/data/pickinvoice/pickinvoice-step4/node_modules/next/dist/build/webpack'
npm warn tar TAR_ENTRY_ERROR ENOENT: no such file or directory, open '/mnt/data/pickinvoice/pickinvoice-step4/node_modules/next/dist/esm/build/utils.js'
npm warn tar TAR_ENTRY_ERROR ENOENT: no such file or directory, lstat '/mnt/data/pickinvoice/pickinvoice-step4/node_modules/next/dist/esm/build/webpack'
npm warn tar TAR_ENTRY_ERROR ENOENT: no such file or directory, open '/mnt/data/pickinvoice/pickinvoice-step4/node_modules/next/dist/esm/build/webpack/loaders/css-loader/src/utils.js'
npm warn tar TAR_ENTRY_ERROR ENOENT: no such file or directory, open '/mnt/data/pickinvoice/pickinvoice-step4/node_modules/next/dist/esm/build/webpack/loaders/lightningcss-loader/src/utils.js'
npm warn tar TAR_ENTRY_ERROR ENOENT: no such file or directory, lstat '/mnt/data/pickinvoice/pickinvoice-step4/node_modules/next/dist/esm/build/webpack'
npm warn tar TAR_ENTRY_ERROR ENOENT: no such file or directory, lstat '/mnt/data/pickinvoice/pickinvoice-step4/node_modules/next/dist/esm/build/webpack'
npm warn tar TAR_ENTRY_ERROR ENOENT: no such file or directory, lstat '/mnt/data/pickinvoice/pickinvoice-step4/node_modules/next/dist/esm/build/webpack'
npm warn tar TAR_ENTRY_ERROR ENOENT: no such file or directory, open '/mnt/data/pickinvoice/pickinvoice-step4/node_modules/next/dist/esm/lib/metadata/generate/utils.js'
npm warn tar TAR_ENTRY_ERROR ENOENT: no such file or directory, lstat '/mnt/data/pickinvoice/pickinvoice-step4/node_modules/next/dist/esm/server/lib/server-ipc'
npm warn tar TAR_ENTRY_ERROR ENOENT: no such file or directory, open '/mnt/data/pickinvoice/pickinvoice-step4/node_modules/next/dist/esm/server/lib/utils.js'
npm warn tar TAR_ENTRY_ERROR ENOENT: no such file or directory, lstat '/mnt/data/pickinvoice/pickinvoice-step4/node_modules/next/dist/esm/server/response-cache'
npm warn tar TAR_ENTRY_ERROR ENOENT: no such file or directory, open '/mnt/data/pickinvoice/pickinvoice-step4/node_modules/next/dist/esm/server/typescript/utils.js'
npm warn tar TAR_ENTRY_ERROR ENOENT: no such file or directory, open '/mnt/data/pickinvoice/pickinvoice-step4/node_modules/next/dist/esm/server/utils.js'
npm warn tar TAR_ENTRY_ERROR ENOENT: no such file or directory, open '/mnt/data/pickinvoice/pickinvoice-step4/node_modules/next/dist/esm/server/web/utils.js'
npm warn tar TAR_ENTRY_ERROR ENOENT: no such file or directory, open '/mnt/data/pickinvoice/pickinvoice-step4/node_modules/next/dist/esm/shared/lib/utils.js'
npm warn tar TAR_ENTRY_ERROR ENOENT: no such file or directory, open '/mnt/data/pickinvoice/pickinvoice-step4/node_modules/next/dist/lib/metadata/generate/utils.js'
npm warn tar TAR_ENTRY_ERROR ENOENT: no such file or directory, lstat '/mnt/data/pickinvoice/pickinvoice-step4/node_modules/next/dist/server/lib/server-ipc'
npm warn tar TAR_ENTRY_ERROR ENOENT: no such file or directory, open '/mnt/data/pickinvoice/pickinvoice-step4/node_modules/next/dist/server/lib/utils.js'
npm warn tar TAR_ENTRY_ERROR ENOENT: no such file or directory, lstat '/mnt/data/pickinvoice/pickinvoice-step4/node_modules/next/dist/server/response-cache'
npm warn tar TAR_ENTRY_ERROR ENOENT: no such file or directory, open '/mnt/data/pickinvoice/pickinvoice-step4/node_modules/next/dist/server/typescript/utils.js'
npm warn tar TAR_ENTRY_ERROR ENOENT: no such file or directory, open '/mnt/data/pickinvoice/pickinvoice-step4/node_modules/next/dist/server/utils.js'
npm warn tar TAR_ENTRY_ERROR ENOENT: no such file or directory, open '/mnt/data/pickinvoice/pickinvoice-step4/node_modules/next/dist/server/web/utils.js'
npm warn tar TAR_ENTRY_ERROR ENOENT: no such file or directory, open '/mnt/data/pickinvoice/pickinvoice-step4/node_modules/next/dist/shared/lib/utils.js'
npm warn tar TAR_ENTRY_ERROR ENOENT: no such file or directory, lstat '/mnt/data/pickinvoice/pickinvoice-step4/node_modules/next/dist/compiled/@next/font/dist/google'
npm warn tar TAR_ENTRY_ERROR ENOENT: no such file or directory, lstat '/mnt/data/pickinvoice/pickinvoice-step4/node_modules/next/dist/compiled/@next/font/dist/google'
npm warn tar TAR_ENTRY_ERROR ENOENT: no such file or directory, lstat '/mnt/data/pickinvoice/pickinvoice-step4/node_modules/next/dist/compiled/@next/font/dist/local'
npm warn tar TAR_ENTRY_ERROR ENOENT: no such file or directory, lstat '/mnt/data/pickinvoice/pickinvoice-step4/node_modules/next/dist/compiled/@next/font/dist/local'
npm warn tar TAR_ENTRY_ERROR ENOENT: no such file or directory, open '/mnt/data/pickinvoice/pickinvoice-step4/node_modules/next/dist/esm/server/app-render/validate-url.js'
npm warn tar TAR_ENTRY_ERROR ENOENT: no such file or directory, open '/mnt/data/pickinvoice/pickinvoice-step4/node_modules/next/dist/server/app-render/validate-url.js'
npm warn tar TAR_ENTRY_ERROR ENOENT: no such file or directory, lstat '/mnt/data/pickinvoice/pickinvoice-step4/node_modules/next/dist/build/webpack'
npm warn tar TAR_ENTRY_ERROR ENOENT: no such file or directory, lstat '/mnt/data/pickinvoice/pickinvoice-step4/node_modules/next/dist/esm/build/webpack'
npm warn tar TAR_ENTRY_ERROR ENOENT: no such file or directory, open '/mnt/data/pickinvoice/pickinvoice-step4/node_modules/next/dist/esm/lib/verify-partytown-setup.js'
npm warn tar TAR_ENTRY_ERROR ENOENT: no such file or directory, open '/mnt/data/pickinvoice/pickinvoice-step4/node_modules/next/dist/lib/verify-partytown-setup.js'
npm warn tar TAR_ENTRY_ERROR ENOENT: no such file or directory, open '/mnt/data/pickinvoice/pickinvoice-step4/node_modules/next/dist/esm/lib/verify-root-layout.js'
npm warn tar TAR_ENTRY_ERROR ENOENT: no such file or directory, open '/mnt/data/pickinvoice/pickinvoice-step4/node_modules/next/dist/lib/verify-root-layout.js'
npm warn tar TAR_ENTRY_ERROR ENOENT: no such file or directory, open '/mnt/data/pickinvoice/pickinvoice-step4/node_modules/next/dist/esm/lib/verify-typescript-setup.js'
npm warn tar TAR_ENTRY_ERROR ENOENT: no such file or directory, open '/mnt/data/pickinvoice/pickinvoice-step4/node_modules/next/dist/lib/verify-typescript-setup.js'
npm warn tar TAR_ENTRY_ERROR ENOENT: no such file or directory, open '/mnt/data/pickinvoice/pickinvoice-step4/node_modules/next/dist/esm/lib/verifyAndLint.js'
npm warn tar TAR_ENTRY_ERROR ENOENT: no such file or directory, open '/mnt/data/pickinvoice/pickinvoice-step4/node_modules/next/dist/lib/verifyAndLint.js'
npm warn tar TAR_ENTRY_ERROR ENOENT: no such file or directory, open '/mnt/data/pickinvoice/pickinvoice-step4/node_modules/next/dist/telemetry/events/version.js'
npm warn tar TAR_ENTRY_ERROR ENOENT: no such file or directory, lstat '/mnt/data/pickinvoice/pickinvoice-step4/node_modules/next/dist/client/components/react-dev-overlay'
npm warn tar TAR_ENTRY_ERROR ENOENT: no such file or directory, lstat '/mnt/data/pickinvoice/pickinvoice-step4/node_modules/next/dist/esm/client/components/react-dev-overlay'
npm warn tar TAR_ENTRY_ERROR ENOENT: no such file or directory, open '/mnt/data/pickinvoice/pickinvoice-step4/node_modules/next/dist/esm/lib/wait.js'
npm warn tar TAR_ENTRY_ERROR ENOENT: no such file or directory, open '/mnt/data/pickinvoice/pickinvoice-step4/node_modules/next/dist/lib/wait.js'
npm warn tar TAR_ENTRY_ERROR ENOENT: no such file or directory, open '/mnt/data/pickinvoice/pickinvoice-step4/node_modules/next/dist/esm/server/app-render/walk-tree-with-flight-router-state.js'
npm warn tar TAR_ENTRY_ERROR ENOENT: no such file or directory, open '/mnt/data/pickinvoice/pickinvoice-step4/node_modules/next/dist/server/app-render/walk-tree-with-flight-router-state.js'
npm warn tar TAR_ENTRY_ERROR ENOENT: no such file or directory, lstat '/mnt/data/pickinvoice/pickinvoice-step4/node_modules/next/dist/esm/shared/lib/utils'
npm warn tar TAR_ENTRY_ERROR ENOENT: no such file or directory, lstat '/mnt/data/pickinvoice/pickinvoice-step4/node_modules/next/dist/shared/lib/utils'
npm warn tar TAR_ENTRY_ERROR ENOENT: no such file or directory, lstat '/mnt/data/pickinvoice/pickinvoice-step4/node_modules/next/dist/build/webpack'
npm warn tar TAR_ENTRY_ERROR ENOENT: no such file or directory, lstat '/mnt/data/pickinvoice/pickinvoice-step4/node_modules/next/dist/esm/build/webpack'
npm warn tar TAR_ENTRY_ERROR ENOENT: no such file or directory, open '/mnt/data/pickinvoice/pickinvoice-step4/node_modules/next/dist/compiled/watchpack/watchpack.js'
npm warn tar TAR_ENTRY_ERROR ENOENT: no such file or directory, open '/mnt/data/pickinvoice/pickinvoice-step4/node_modules/next/dist/esm/server/web-server.js'
npm warn tar TAR_ENTRY_ERROR ENOENT: no such file or directory, open '/mnt/data/pickinvoice/pickinvoice-step4/node_modules/next/dist/server/web-server.js'
npm warn tar TAR_ENTRY_ERROR ENOENT: no such file or directory, open '/mnt/data/pickinvoice/pickinvoice-step4/node_modules/next/dist/compiled/web-vitals-attribution/web-vitals.attribution.js'
npm warn tar TAR_ENTRY_ERROR ENOENT: no such file or directory, open '/mnt/data/pickinvoice/pickinvoice-step4/node_modules/next/dist/client/web-vitals.js'
npm warn tar TAR_ENTRY_ERROR ENOENT: no such file or directory, open '/mnt/data/pickinvoice/pickinvoice-step4/node_modules/next/dist/compiled/web-vitals/web-vitals.js'
npm warn tar TAR_ENTRY_ERROR ENOENT: no such file or directory, open '/mnt/data/pickinvoice/pickinvoice-step4/node_modules/next/dist/esm/client/web-vitals.js'
npm warn tar TAR_ENTRY_ERROR ENOENT: no such file or directory, lstat '/mnt/data/pickinvoice/pickinvoice-step4/node_modules/next/dist/esm/server/api-utils'
npm warn tar TAR_ENTRY_ERROR ENOENT: no such file or directory, lstat '/mnt/data/pickinvoice/pickinvoice-step4/node_modules/next/dist/esm/server/base-http'
npm warn tar TAR_ENTRY_ERROR ENOENT: no such file or directory, lstat '/mnt/data/pickinvoice/pickinvoice-step4/node_modules/next/dist/esm/server/response-cache'
npm warn tar TAR_ENTRY_ERROR ENOENT: no such file or directory, lstat '/mnt/data/pickinvoice/pickinvoice-step4/node_modules/next/dist/server/api-utils'
npm warn tar TAR_ENTRY_ERROR ENOENT: no such file or directory, lstat '/mnt/data/pickinvoice/pickinvoice-step4/node_modules/next/dist/server/base-http'
npm warn tar TAR_ENTRY_ERROR ENOENT: no such file or directory, lstat '/mnt/data/pickinvoice/pickinvoice-step4/node_modules/next/dist/server/response-cache'
npm warn tar TAR_ENTRY_ERROR ENOENT: no such file or directory, lstat '/mnt/data/pickinvoice/pickinvoice-step4/node_modules/next/dist/esm/server/lib/squoosh/webp'
npm warn tar TAR_ENTRY_ERROR ENOENT: no such file or directory, lstat '/mnt/data/pickinvoice/pickinvoice-step4/node_modules/next/dist/server/lib/squoosh/webp'
npm warn tar TAR_ENTRY_ERROR ENOENT: no such file or directory, lstat '/mnt/data/pickinvoice/pickinvoice-step4/node_modules/next/dist/esm/server/lib/squoosh/webp'
npm warn tar TAR_ENTRY_ERROR ENOENT: no such file or directory, lstat '/mnt/data/pickinvoice/pickinvoice-step4/node_modules/next/dist/server/lib/squoosh/webp'
npm warn tar TAR_ENTRY_ERROR ENOENT: no such file or directory, open '/mnt/data/pickinvoice/pickinvoice-step4/node_modules/next/dist/build/webpack-config.js'
npm warn tar TAR_ENTRY_ERROR ENOENT: no such file or directory, open '/mnt/data/pickinvoice/pickinvoice-step4/node_modules/next/dist/esm/build/webpack-config.js'
npm warn tar TAR_ENTRY_ERROR ENOENT: no such file or directory, open '/mnt/data/pickinvoice/pickinvoice-step4/node_modules/next/dist/compiled/webpack/webpack-lib.js'
npm warn tar TAR_ENTRY_ERROR ENOENT: no such file or directory, open '/mnt/data/pickinvoice/pickinvoice-step4/node_modules/next/dist/client/webpack.js'
npm warn tar TAR_ENTRY_ERROR ENOENT: no such file or directory, open '/mnt/data/pickinvoice/pickinvoice-step4/node_modules/next/dist/compiled/webpack/webpack.js'
npm warn tar TAR_ENTRY_ERROR ENOENT: no such file or directory, open '/mnt/data/pickinvoice/pickinvoice-step4/node_modules/next/dist/esm/client/webpack.js'
npm warn tar TAR_ENTRY_ERROR ENOENT: no such file or directory, lstat '/mnt/data/pickinvoice/pickinvoice-step4/node_modules/next/dist/build/webpack'
npm warn tar TAR_ENTRY_ERROR ENOENT: no such file or directory, lstat '/mnt/data/pickinvoice/pickinvoice-step4/node_modules/next/dist/esm/build/webpack'
npm warn tar TAR_ENTRY_ERROR ENOENT: no such file or directory, open '/mnt/data/pickinvoice/pickinvoice-step4/node_modules/next/dist/client/components/react-dev-overlay/pages/websocket.js'
npm warn tar TAR_ENTRY_ERROR ENOENT: no such file or directory, lstat '/mnt/data/pickinvoice/pickinvoice-step4/node_modules/next/dist/client/dev/error-overlay'
npm warn tar TAR_ENTRY_ERROR ENOENT: no such file or directory, open '/mnt/data/pickinvoice/pickinvoice-step4/node_modules/next/dist/esm/client/components/react-dev-overlay/pages/websocket.js'
npm warn tar TAR_ENTRY_ERROR ENOENT: no such file or directory, lstat '/mnt/data/pickinvoice/pickinvoice-step4/node_modules/next/dist/esm/client/dev/error-overlay'
npm warn tar TAR_ENTRY_ERROR ENOENT: no such file or directory, open '/mnt/data/pickinvoice/pickinvoice-step4/node_modules/next/dist/compiled/webpack/WebWorkerTemplatePlugin.js'
npm warn tar TAR_ENTRY_ERROR ENOENT: no such file or directory, lstat '/mnt/data/pickinvoice/pickinvoice-step4/node_modules/next/dist/build/polyfills'
npm warn tar TAR_ENTRY_ERROR ENOENT: no such file or directory, lstat '/mnt/data/pickinvoice/pickinvoice-step4/node_modules/next/dist/esm/build/polyfills'
npm warn tar TAR_ENTRY_ERROR ENOENT: no such file or directory, open '/mnt/data/pickinvoice/pickinvoice-step4/node_modules/next/dist/esm/lib/with-promise-cache.js'
npm warn tar TAR_ENTRY_ERROR ENOENT: no such file or directory, open '/mnt/data/pickinvoice/pickinvoice-step4/node_modules/next/dist/lib/with-promise-cache.js'
npm warn tar TAR_ENTRY_ERROR ENOENT: no such file or directory, open '/mnt/data/pickinvoice/pickinvoice-step4/node_modules/next/dist/client/with-router.js'
npm warn tar TAR_ENTRY_ERROR ENOENT: no such file or directory, open '/mnt/data/pickinvoice/pickinvoice-step4/node_modules/next/dist/esm/client/with-router.js'
npm warn tar TAR_ENTRY_ERROR ENOENT: no such file or directory, open '/mnt/data/pickinvoice/pickinvoice-step4/node_modules/next/dist/esm/server/lib/worker-utils.js'
npm warn tar TAR_ENTRY_ERROR ENOENT: no such file or directory, open '/mnt/data/pickinvoice/pickinvoice-step4/node_modules/next/dist/server/lib/worker-utils.js'
npm warn tar TAR_ENTRY_ERROR ENOENT: no such file or directory, open '/mnt/data/pickinvoice/pickinvoice-step4/node_modules/next/dist/build/worker.js'
npm warn tar TAR_ENTRY_ERROR ENOENT: no such file or directory, open '/mnt/data/pickinvoice/pickinvoice-step4/node_modules/next/dist/esm/build/worker.js'
npm warn tar TAR_ENTRY_ERROR ENOENT: no such file or directory, open '/mnt/data/pickinvoice/pickinvoice-step4/node_modules/next/dist/esm/lib/worker.js'
npm warn tar TAR_ENTRY_ERROR ENOENT: no such file or directory, open '/mnt/data/pickinvoice/pickinvoice-step4/node_modules/next/dist/lib/worker.js'
npm warn tar TAR_ENTRY_ERROR ENOENT: no such file or directory, open '/mnt/data/pickinvoice/pickinvoice-step4/node_modules/next/dist/esm/server/future/normalizers/wrap-normalizer-fn.js'
npm warn tar TAR_ENTRY_ERROR ENOENT: no such file or directory, open '/mnt/data/pickinvoice/pickinvoice-step4/node_modules/next/dist/server/future/normalizers/wrap-normalizer-fn.js'
npm warn tar TAR_ENTRY_ERROR ENOENT: no such file or directory, open '/mnt/data/pickinvoice/pickinvoice-step4/node_modules/next/dist/compiled/@babel/runtime/helpers/esm/wrapAsyncGenerator.js'
npm warn tar TAR_ENTRY_ERROR ENOENT: no such file or directory, open '/mnt/data/pickinvoice/pickinvoice-step4/node_modules/next/dist/compiled/@babel/runtime/helpers/wrapAsyncGenerator.js'
npm warn tar TAR_ENTRY_ERROR ENOENT: no such file or directory, open '/mnt/data/pickinvoice/pickinvoice-step4/node_modules/next/dist/compiled/@babel/runtime/helpers/esm/wrapNativeSuper.js'
npm warn tar TAR_ENTRY_ERROR ENOENT: no such file or directory, open '/mnt/data/pickinvoice/pickinvoice-step4/node_modules/next/dist/compiled/@babel/runtime/helpers/wrapNativeSuper.js'
npm warn tar TAR_ENTRY_ERROR ENOENT: no such file or directory, open '/mnt/data/pickinvoice/pickinvoice-step4/node_modules/next/dist/compiled/@babel/runtime/helpers/esm/wrapRegExp.js'
npm warn tar TAR_ENTRY_ERROR ENOENT: no such file or directory, open '/mnt/data/pickinvoice/pickinvoice-step4/node_modules/next/dist/compiled/@babel/runtime/helpers/wrapRegExp.js'
npm warn tar TAR_ENTRY_ERROR ENOENT: no such file or directory, lstat '/mnt/data/pickinvoice/pickinvoice-step4/node_modules/next/dist/esm/lib/fs'
npm warn tar TAR_ENTRY_ERROR ENOENT: no such file or directory, lstat '/mnt/data/pickinvoice/pickinvoice-step4/node_modules/next/dist/lib/fs'
npm warn tar TAR_ENTRY_ERROR ENOENT: no such file or directory, open '/mnt/data/pickinvoice/pickinvoice-step4/node_modules/next/dist/build/write-build-id.js'
npm warn tar TAR_ENTRY_ERROR ENOENT: no such file or directory, open '/mnt/data/pickinvoice/pickinvoice-step4/node_modules/next/dist/esm/build/write-build-id.js'
npm warn tar TAR_ENTRY_ERROR ENOENT: no such file or directory, lstat '/mnt/data/pickinvoice/pickinvoice-step4/node_modules/next/dist/esm/lib/typescript'
npm warn tar TAR_ENTRY_ERROR ENOENT: no such file or directory, lstat '/mnt/data/pickinvoice/pickinvoice-step4/node_modules/next/dist/lib/typescript'
npm warn tar TAR_ENTRY_ERROR ENOENT: no such file or directory, lstat '/mnt/data/pickinvoice/pickinvoice-step4/node_modules/next/dist/esm/lib/typescript'
npm warn tar TAR_ENTRY_ERROR ENOENT: no such file or directory, lstat '/mnt/data/pickinvoice/pickinvoice-step4/node_modules/next/dist/lib/typescript'
npm warn tar TAR_ENTRY_ERROR ENOENT: no such file or directory, lstat '/mnt/data/pickinvoice/pickinvoice-step4/node_modules/next/dist/esm/lib/eslint'
npm warn tar TAR_ENTRY_ERROR ENOENT: no such file or directory, lstat '/mnt/data/pickinvoice/pickinvoice-step4/node_modules/next/dist/lib/eslint'
npm warn tar TAR_ENTRY_ERROR ENOENT: no such file or directory, open '/mnt/data/pickinvoice/pickinvoice-step4/node_modules/next/dist/compiled/@babel/runtime/helpers/esm/writeOnlyError.js'
npm warn tar TAR_ENTRY_ERROR ENOENT: no such file or directory, open '/mnt/data/pickinvoice/pickinvoice-step4/node_modules/next/dist/compiled/@babel/runtime/helpers/writeOnlyError.js'
npm warn tar TAR_ENTRY_ERROR ENOENT: no such file or directory, lstat '/mnt/data/pickinvoice/pickinvoice-step4/node_modules/next/dist/esm/lib/eslint'
npm warn tar TAR_ENTRY_ERROR ENOENT: no such file or directory, lstat '/mnt/data/pickinvoice/pickinvoice-step4/node_modules/next/dist/lib/eslint'
npm warn tar TAR_ENTRY_ERROR ENOENT: no such file or directory, open '/mnt/data/pickinvoice/pickinvoice-step4/node_modules/next/dist/server/capsize-font-metrics.json'
npm warn tar TAR_ENTRY_ERROR ENOENT: no such file or directory, lstat '/mnt/data/pickinvoice/pickinvoice-step4/node_modules/next/dist/compiled/@next/font/dist/google'
npm warn tar TAR_ENTRY_ERROR ENOENT: no such file or directory, open '/mnt/data/pickinvoice/pickinvoice-step4/node_modules/next/dist/esm/lib/known-edge-safe-packages.json'
npm warn tar TAR_ENTRY_ERROR ENOENT: no such file or directory, open '/mnt/data/pickinvoice/pickinvoice-step4/node_modules/next/dist/lib/known-edge-safe-packages.json'
npm warn tar TAR_ENTRY_ERROR ENOENT: no such file or directory, open '/mnt/data/pickinvoice/pickinvoice-step4/node_modules/next/dist/compiled/@babel/runtime/helpers/esm/package.json'
npm warn tar TAR_ENTRY_ERROR ENOENT: no such file or directory, open '/mnt/data/pickinvoice/pickinvoice-step4/node_modules/next/dist/compiled/@babel/runtime/package.json'
npm warn tar TAR_ENTRY_ERROR ENOENT: no such file or directory, open '/mnt/data/pickinvoice/pickinvoice-step4/node_modules/next/dist/compiled/@edge-runtime/primitives/package.json'
npm warn tar TAR_ENTRY_ERROR ENOENT: no such file or directory, open '/mnt/data/pickinvoice/pickinvoice-step4/node_modules/next/dist/compiled/@mswjs/interceptors/ClientRequest/package.json'
npm warn tar TAR_ENTRY_ERROR ENOENT: no such file or directory, open '/mnt/data/pickinvoice/pickinvoice-step4/node_modules/next/dist/compiled/@napi-rs/triples/package.json'
npm warn tar TAR_ENTRY_ERROR ENOENT: no such file or directory, open '/mnt/data/pickinvoice/pickinvoice-step4/node_modules/next/dist/compiled/@opentelemetry/api/package.json'
npm warn tar TAR_ENTRY_ERROR ENOENT: no such file or directory, open '/mnt/data/pickinvoice/pickinvoice-step4/node_modules/next/dist/compiled/@vercel/nft/package.json'
npm warn tar TAR_ENTRY_ERROR ENOENT: no such file or directory, open '/mnt/data/pickinvoice/pickinvoice-step4/node_modules/next/dist/compiled/@vercel/og/package.json'
npm warn tar TAR_ENTRY_ERROR ENOENT: no such file or directory, open '/mnt/data/pickinvoice/pickinvoice-step4/node_modules/next/dist/compiled/acorn/package.json'
npm warn tar TAR_ENTRY_ERROR ENOENT: no such file or directory, open '/mnt/data/pickinvoice/pickinvoice-step4/node_modules/next/dist/compiled/anser/package.json'
npm warn tar TAR_ENTRY_ERROR ENOENT: no such file or directory, open '/mnt/data/pickinvoice/pickinvoice-step4/node_modules/next/dist/compiled/assert/package.json'
npm warn tar TAR_ENTRY_ERROR ENOENT: no such file or directory, open '/mnt/data/pickinvoice/pickinvoice-step4/node_modules/next/dist/compiled/babel/package.json'
npm warn tar TAR_ENTRY_ERROR ENOENT: no such file or directory, open '/mnt/data/pickinvoice/pickinvoice-step4/node_modules/next/dist/compiled/browserify-zlib/package.json'
npm warn tar TAR_ENTRY_ERROR ENOENT: no such file or directory, open '/mnt/data/pickinvoice/pickinvoice-step4/node_modules/next/dist/compiled/browserslist/package.json'
npm warn tar TAR_ENTRY_ERROR ENOENT: no such file or directory, open '/mnt/data/pickinvoice/pickinvoice-step4/node_modules/next/dist/compiled/buffer/package.json'
npm warn tar TAR_ENTRY_ERROR ENOENT: no such file or directory, open '/mnt/data/pickinvoice/pickinvoice-step4/node_modules/next/dist/compiled/bytes/package.json'
npm warn tar TAR_ENTRY_ERROR ENOENT: no such file or directory, open '/mnt/data/pickinvoice/pickinvoice-step4/node_modules/next/dist/compiled/ci-info/package.json'
npm warn tar TAR_ENTRY_ERROR ENOENT: no such file or directory, open '/mnt/data/pickinvoice/pickinvoice-step4/node_modules/next/dist/compiled/cli-select/package.json'
npm warn tar TAR_ENTRY_ERROR ENOENT: no such file or directory, open '/mnt/data/pickinvoice/pickinvoice-step4/node_modules/next/dist/compiled/commander/package.json'
npm warn tar TAR_ENTRY_ERROR ENOENT: no such file or directory, open '/mnt/data/pickinvoice/pickinvoice-step4/node_modules/next/dist/compiled/comment-json/package.json'
npm warn tar TAR_ENTRY_ERROR ENOENT: no such file or directory, open '/mnt/data/pickinvoice/pickinvoice-step4/node_modules/next/dist/compiled/compression/package.json'
npm warn tar TAR_ENTRY_ERROR ENOENT: no such file or directory, open '/mnt/data/pickinvoice/pickinvoice-step4/node_modules/next/dist/compiled/conf/package.json'
npm warn tar TAR_ENTRY_ERROR ENOENT: no such file or directory, open '/mnt/data/pickinvoice/pickinvoice-step4/node_modules/next/dist/compiled/content-disposition/package.json'
npm warn tar TAR_ENTRY_ERROR ENOENT: no such file or directory, open '/mnt/data/pickinvoice/pickinvoice-step4/node_modules/next/dist/compiled/content-type/package.json'
npm warn tar TAR_ENTRY_ERROR ENOENT: no such file or directory, open '/mnt/data/pickinvoice/pickinvoice-step4/node_modules/next/dist/compiled/cookie/package.json'
npm warn tar TAR_ENTRY_ERROR ENOENT: no such file or directory, open '/mnt/data/pickinvoice/pickinvoice-step4/node_modules/next/dist/compiled/cross-spawn/package.json'
npm warn tar TAR_ENTRY_ERROR ENOENT: no such file or directory, open '/mnt/data/pickinvoice/pickinvoice-step4/node_modules/next/dist/compiled/crypto-browserify/package.json'
npm warn tar TAR_ENTRY_ERROR ENOENT: no such file or directory, open '/mnt/data/pickinvoice/pickinvoice-step4/node_modules/next/dist/compiled/debug/package.json'
npm warn tar TAR_ENTRY_ERROR ENOENT: no such file or directory, open '/mnt/data/pickinvoice/pickinvoice-step4/node_modules/next/dist/compiled/devalue/package.json'
npm warn tar TAR_ENTRY_ERROR ENOENT: no such file or directory, open '/mnt/data/pickinvoice/pickinvoice-step4/node_modules/next/dist/compiled/events/package.json'
npm warn tar TAR_ENTRY_ERROR ENOENT: no such file or directory, open '/mnt/data/pickinvoice/pickinvoice-step4/node_modules/next/dist/compiled/find-cache-dir/package.json'
npm warn tar TAR_ENTRY_ERROR ENOENT: no such file or directory, open '/mnt/data/pickinvoice/pickinvoice-step4/node_modules/next/dist/compiled/find-up/package.json'
npm warn tar TAR_ENTRY_ERROR ENOENT: no such file or directory, open '/mnt/data/pickinvoice/pickinvoice-step4/node_modules/next/dist/compiled/fresh/package.json'
npm warn tar TAR_ENTRY_ERROR ENOENT: no such file or directory, open '/mnt/data/pickinvoice/pickinvoice-step4/node_modules/next/dist/compiled/get-orientation/package.json'
npm warn tar TAR_ENTRY_ERROR ENOENT: no such file or directory, open '/mnt/data/pickinvoice/pickinvoice-step4/node_modules/next/dist/compiled/glob/package.json'
npm warn tar TAR_ENTRY_ERROR ENOENT: no such file or directory, open '/mnt/data/pickinvoice/pickinvoice-step4/node_modules/next/dist/compiled/gzip-size/package.json'
npm warn tar TAR_ENTRY_ERROR ENOENT: no such file or directory, open '/mnt/data/pickinvoice/pickinvoice-step4/node_modules/next/dist/compiled/http-proxy/package.json'
npm warn tar TAR_ENTRY_ERROR ENOENT: no such file or directory, open '/mnt/data/pickinvoice/pickinvoice-step4/node_modules/next/dist/compiled/https-browserify/package.json'
npm warn tar TAR_ENTRY_ERROR ENOENT: no such file or directory, open '/mnt/data/pickinvoice/pickinvoice-step4/node_modules/next/dist/compiled/ignore-loader/package.json'
npm warn tar TAR_ENTRY_ERROR ENOENT: no such file or directory, open '/mnt/data/pickinvoice/pickinvoice-step4/node_modules/next/dist/compiled/image-size/package.json'
npm warn tar TAR_ENTRY_ERROR ENOENT: no such file or directory, open '/mnt/data/pickinvoice/pickinvoice-step4/node_modules/next/dist/compiled/is-docker/package.json'
npm warn tar TAR_ENTRY_ERROR ENOENT: no such file or directory, open '/mnt/data/pickinvoice/pickinvoice-step4/node_modules/next/dist/compiled/is-wsl/package.json'
npm warn tar TAR_ENTRY_ERROR ENOENT: no such file or directory, open '/mnt/data/pickinvoice/pickinvoice-step4/node_modules/next/dist/compiled/jest-worker/package.json'
npm warn tar TAR_ENTRY_ERROR ENOENT: no such file or directory, open '/mnt/data/pickinvoice/pickinvoice-step4/node_modules/next/dist/compiled/jsonwebtoken/package.json'
npm warn tar TAR_ENTRY_ERROR ENOENT: no such file or directory, open '/mnt/data/pickinvoice/pickinvoice-step4/node_modules/next/dist/compiled/loader-runner/package.json'
npm warn tar TAR_ENTRY_ERROR ENOENT: no such file or directory, open '/mnt/data/pickinvoice/pickinvoice-step4/node_modules/next/dist/compiled/loader-utils2/package.json'
npm warn tar TAR_ENTRY_ERROR ENOENT: no such file or directory, open '/mnt/data/pickinvoice/pickinvoice-step4/node_modules/next/dist/compiled/loader-utils3/package.json'
npm warn tar TAR_ENTRY_ERROR ENOENT: no such file or directory, open '/mnt/data/pickinvoice/pickinvoice-step4/node_modules/next/dist/compiled/lodash.curry/package.json'
npm warn tar TAR_ENTRY_ERROR ENOENT: no such file or directory, open '/mnt/data/pickinvoice/pickinvoice-step4/node_modules/next/dist/compiled/lru-cache/package.json'
npm warn tar TAR_ENTRY_ERROR ENOENT: no such file or directory, open '/mnt/data/pickinvoice/pickinvoice-step4/node_modules/next/dist/compiled/mini-css-extract-plugin/package.json'
npm warn tar TAR_ENTRY_ERROR ENOENT: no such file or directory, open '/mnt/data/pickinvoice/pickinvoice-step4/node_modules/next/dist/compiled/nanoid/package.json'
npm warn tar TAR_ENTRY_ERROR ENOENT: no such file or directory, open '/mnt/data/pickinvoice/pickinvoice-step4/node_modules/next/dist/compiled/native-url/package.json'
npm warn tar TAR_ENTRY_ERROR ENOENT: no such file or directory, open '/mnt/data/pickinvoice/pickinvoice-step4/node_modules/next/dist/compiled/neo-async/package.json'
npm warn tar TAR_ENTRY_ERROR ENOENT: no such file or directory, open '/mnt/data/pickinvoice/pickinvoice-step4/node_modules/next/dist/compiled/node-html-parser/package.json'
npm warn tar TAR_ENTRY_ERROR ENOENT: no such file or directory, open '/mnt/data/pickinvoice/pickinvoice-step4/node_modules/next/dist/compiled/ora/package.json'
npm warn tar TAR_ENTRY_ERROR ENOENT: no such file or directory, open '/mnt/data/pickinvoice/pickinvoice-step4/node_modules/next/dist/compiled/os-browserify/package.json'
npm warn tar TAR_ENTRY_ERROR ENOENT: no such file or directory, open '/mnt/data/pickinvoice/pickinvoice-step4/node_modules/next/dist/compiled/p-limit/package.json'
npm warn tar TAR_ENTRY_ERROR ENOENT: no such file or directory, open '/mnt/data/pickinvoice/pickinvoice-step4/node_modules/next/dist/compiled/path-browserify/package.json'
npm warn tar TAR_ENTRY_ERROR ENOENT: no such file or directory, open '/mnt/data/pickinvoice/pickinvoice-step4/node_modules/next/dist/compiled/picomatch/package.json'
npm warn tar TAR_ENTRY_ERROR ENOENT: no such file or directory, open '/mnt/data/pickinvoice/pickinvoice-step4/node_modules/next/dist/compiled/platform/package.json'
npm warn tar TAR_ENTRY_ERROR ENOENT: no such file or directory, open '/mnt/data/pickinvoice/pickinvoice-step4/node_modules/next/dist/compiled/postcss-flexbugs-fixes/package.json'
npm warn tar TAR_ENTRY_ERROR ENOENT: no such file or directory, open '/mnt/data/pickinvoice/pickinvoice-step4/node_modules/next/dist/compiled/postcss-modules-extract-imports/package.json'
npm warn tar TAR_ENTRY_ERROR ENOENT: no such file or directory, open '/mnt/data/pickinvoice/pickinvoice-step4/node_modules/next/dist/compiled/postcss-modules-local-by-default/package.json'
npm warn tar TAR_ENTRY_ERROR ENOENT: no such file or directory, open '/mnt/data/pickinvoice/pickinvoice-step4/node_modules/next/dist/compiled/postcss-modules-scope/package.json'
npm warn tar TAR_ENTRY_ERROR ENOENT: no such file or directory, open '/mnt/data/pickinvoice/pickinvoice-step4/node_modules/next/dist/compiled/postcss-modules-values/package.json'
npm warn tar TAR_ENTRY_ERROR ENOENT: no such file or directory, open '/mnt/data/pickinvoice/pickinvoice-step4/node_modules/next/dist/compiled/postcss-preset-env/package.json'
npm warn tar TAR_ENTRY_ERROR ENOENT: no such file or directory, open '/mnt/data/pickinvoice/pickinvoice-step4/node_modules/next/dist/compiled/postcss-safe-parser/package.json'
npm warn tar TAR_ENTRY_ERROR ENOENT: no such file or directory, open '/mnt/data/pickinvoice/pickinvoice-step4/node_modules/next/dist/compiled/postcss-scss/package.json'
npm warn tar TAR_ENTRY_ERROR ENOENT: no such file or directory, open '/mnt/data/pickinvoice/pickinvoice-step4/node_modules/next/dist/compiled/postcss-value-parser/package.json'
npm warn tar TAR_ENTRY_ERROR ENOENT: no such file or directory, open '/mnt/data/pickinvoice/pickinvoice-step4/node_modules/next/dist/compiled/process/package.json'
npm warn tar TAR_ENTRY_ERROR ENOENT: no such file or directory, open '/mnt/data/pickinvoice/pickinvoice-step4/node_modules/next/dist/compiled/raw-body/package.json'
npm warn tar TAR_ENTRY_ERROR ENOENT: no such file or directory, open '/mnt/data/pickinvoice/pickinvoice-step4/node_modules/next/dist/compiled/react-dom-experimental/package.json'
npm warn tar TAR_ENTRY_ERROR ENOENT: no such file or directory, open '/mnt/data/pickinvoice/pickinvoice-step4/node_modules/next/dist/compiled/react-dom/package.json'
npm warn tar TAR_ENTRY_ERROR ENOENT: no such file or directory, open '/mnt/data/pickinvoice/pickinvoice-step4/node_modules/next/dist/compiled/react-experimental/package.json'
npm warn tar TAR_ENTRY_ERROR ENOENT: no such file or directory, open '/mnt/data/pickinvoice/pickinvoice-step4/node_modules/next/dist/compiled/react-is/package.json'
npm warn tar TAR_ENTRY_ERROR ENOENT: no such file or directory, open '/mnt/data/pickinvoice/pickinvoice-step4/node_modules/next/dist/compiled/react-refresh/package.json'
npm warn tar TAR_ENTRY_ERROR ENOENT: no such file or directory, open '/mnt/data/pickinvoice/pickinvoice-step4/node_modules/next/dist/compiled/react-server-dom-turbopack-experimental/package.json'
npm warn tar TAR_ENTRY_ERROR ENOENT: no such file or directory, open '/mnt/data/pickinvoice/pickinvoice-step4/node_modules/next/dist/compiled/react-server-dom-turbopack/package.json'
npm warn tar TAR_ENTRY_ERROR ENOENT: no such file or directory, open '/mnt/data/pickinvoice/pickinvoice-step4/node_modules/next/dist/compiled/react-server-dom-webpack-experimental/package.json'
npm warn tar TAR_ENTRY_ERROR ENOENT: no such file or directory, open '/mnt/data/pickinvoice/pickinvoice-step4/node_modules/next/dist/compiled/react-server-dom-webpack/package.json'
npm warn tar TAR_ENTRY_ERROR ENOENT: no such file or directory, open '/mnt/data/pickinvoice/pickinvoice-step4/node_modules/next/dist/compiled/react/package.json'
npm warn tar TAR_ENTRY_ERROR ENOENT: no such file or directory, open '/mnt/data/pickinvoice/pickinvoice-step4/node_modules/next/dist/compiled/regenerator-runtime/package.json'
npm warn tar TAR_ENTRY_ERROR ENOENT: no such file or directory, open '/mnt/data/pickinvoice/pickinvoice-step4/node_modules/next/dist/compiled/sass-loader/package.json'
npm warn tar TAR_ENTRY_ERROR ENOENT: no such file or directory, open '/mnt/data/pickinvoice/pickinvoice-step4/node_modules/next/dist/compiled/scheduler-experimental/package.json'
npm warn tar TAR_ENTRY_ERROR ENOENT: no such file or directory, open '/mnt/data/pickinvoice/pickinvoice-step4/node_modules/next/dist/compiled/scheduler/package.json'
npm warn tar TAR_ENTRY_ERROR ENOENT: no such file or directory, open '/mnt/data/pickinvoice/pickinvoice-step4/node_modules/next/dist/compiled/schema-utils2/package.json'
npm warn tar TAR_ENTRY_ERROR ENOENT: no such file or directory, open '/mnt/data/pickinvoice/pickinvoice-step4/node_modules/next/dist/compiled/schema-utils3/package.json'
npm warn tar TAR_ENTRY_ERROR ENOENT: no such file or directory, open '/mnt/data/pickinvoice/pickinvoice-step4/node_modules/next/dist/compiled/semver/package.json'
npm warn tar TAR_ENTRY_ERROR ENOENT: no such file or directory, open '/mnt/data/pickinvoice/pickinvoice-step4/node_modules/next/dist/compiled/send/package.json'
npm warn tar TAR_ENTRY_ERROR ENOENT: no such file or directory, open '/mnt/data/pickinvoice/pickinvoice-step4/node_modules/next/dist/compiled/shell-quote/package.json'
npm warn tar TAR_ENTRY_ERROR ENOENT: no such file or directory, open '/mnt/data/pickinvoice/pickinvoice-step4/node_modules/next/dist/compiled/source-map/package.json'
npm warn tar TAR_ENTRY_ERROR ENOENT: no such file or directory, open '/mnt/data/pickinvoice/pickinvoice-step4/node_modules/next/dist/compiled/source-map08/package.json'
npm warn tar TAR_ENTRY_ERROR ENOENT: no such file or directory, open '/mnt/data/pickinvoice/pickinvoice-step4/node_modules/next/dist/compiled/stacktrace-parser/package.json'
npm warn tar TAR_ENTRY_ERROR ENOENT: no such file or directory, open '/mnt/data/pickinvoice/pickinvoice-step4/node_modules/next/dist/compiled/stream-browserify/package.json'
npm warn tar TAR_ENTRY_ERROR ENOENT: no such file or directory, open '/mnt/data/pickinvoice/pickinvoice-step4/node_modules/next/dist/compiled/stream-http/package.json'
npm warn tar TAR_ENTRY_ERROR ENOENT: no such file or directory, open '/mnt/data/pickinvoice/pickinvoice-step4/node_modules/next/dist/compiled/string_decoder/package.json'
npm warn tar TAR_ENTRY_ERROR ENOENT: no such file or directory, open '/mnt/data/pickinvoice/pickinvoice-step4/node_modules/next/dist/compiled/strip-ansi/package.json'
npm warn tar TAR_ENTRY_ERROR ENOENT: no such file or directory, open '/mnt/data/pickinvoice/pickinvoice-step4/node_modules/next/dist/compiled/superstruct/package.json'
npm warn tar TAR_ENTRY_ERROR ENOENT: no such file or directory, open '/mnt/data/pickinvoice/pickinvoice-step4/node_modules/next/dist/compiled/tar/package.json'
npm warn tar TAR_ENTRY_ERROR ENOENT: no such file or directory, open '/mnt/data/pickinvoice/pickinvoice-step4/node_modules/next/dist/compiled/terser/package.json'
npm warn tar TAR_ENTRY_ERROR ENOENT: no such file or directory, open '/mnt/data/pickinvoice/pickinvoice-step4/node_modules/next/dist/compiled/text-table/package.json'
npm warn tar TAR_ENTRY_ERROR ENOENT: no such file or directory, open '/mnt/data/pickinvoice/pickinvoice-step4/node_modules/next/dist/compiled/tty-browserify/package.json'
npm warn tar TAR_ENTRY_ERROR ENOENT: no such file or directory, open '/mnt/data/pickinvoice/pickinvoice-step4/node_modules/next/dist/compiled/util/package.json'
npm warn tar TAR_ENTRY_ERROR ENOENT: no such file or directory, open '/mnt/data/pickinvoice/pickinvoice-step4/node_modules/next/dist/compiled/vm-browserify/package.json'
npm warn tar TAR_ENTRY_ERROR ENOENT: no such file or directory, open '/mnt/data/pickinvoice/pickinvoice-step4/node_modules/next/dist/compiled/watchpack/package.json'
npm warn tar TAR_ENTRY_ERROR ENOENT: no such file or directory, open '/mnt/data/pickinvoice/pickinvoice-step4/node_modules/next/dist/compiled/web-vitals-attribution/package.json'
npm warn tar TAR_ENTRY_ERROR ENOENT: no such file or directory, open '/mnt/data/pickinvoice/pickinvoice-step4/node_modules/next/dist/compiled/web-vitals/package.json'
npm warn tar TAR_ENTRY_ERROR ENOENT: no such file or directory, open '/mnt/data/pickinvoice/pickinvoice-step4/node_modules/next/dist/compiled/webpack-sources1/package.json'
npm warn tar TAR_ENTRY_ERROR ENOENT: no such file or directory, open '/mnt/data/pickinvoice/pickinvoice-step4/node_modules/next/dist/compiled/webpack-sources3/package.json'
npm warn tar TAR_ENTRY_ERROR ENOENT: no such file or directory, open '/mnt/data/pickinvoice/pickinvoice-step4/node_modules/next/dist/compiled/webpack/package.json'
npm warn tar TAR_ENTRY_ERROR ENOENT: no such file or directory, open '/mnt/data/pickinvoice/pickinvoice-step4/node_modules/next/dist/compiled/ws/package.json'
npm warn tar TAR_ENTRY_ERROR ENOENT: no such file or directory, open '/mnt/data/pickinvoice/pickinvoice-step4/node_modules/next/dist/compiled/zod/package.json'
npm warn tar TAR_ENTRY_ERROR ENOENT: no such file or directory, open '/mnt/data/pickinvoice/pickinvoice-step4/node_modules/next/dist/src/compiled/@ampproject/toolbox-optimizer/package.json'
npm warn tar TAR_ENTRY_ERROR ENOENT: no such file or directory, open '/mnt/data/pickinvoice/pickinvoice-step4/node_modules/next/dist/esm/lib/server-external-packages.json'
npm warn tar TAR_ENTRY_ERROR ENOENT: no such file or directory, open '/mnt/data/pickinvoice/pickinvoice-step4/node_modules/next/dist/lib/server-external-packages.json'
npm warn tar TAR_ENTRY_ERROR ENOENT: no such file or directory, open '/mnt/data/pickinvoice/pickinvoice-step4/node_modules/next/dist/esm/pages/_app.js.map'
npm warn tar TAR_ENTRY_ERROR ENOENT: no such file or directory, open '/mnt/data/pickinvoice/pickinvoice-step4/node_modules/next/dist/pages/_app.js.map'
npm warn tar TAR_ENTRY_ERROR ENOENT: no such file or directory, open '/mnt/data/pickinvoice/pickinvoice-step4/node_modules/next/dist/esm/pages/_document.js.map'
npm warn tar TAR_ENTRY_ERROR ENOENT: no such file or directory, open '/mnt/data/pickinvoice/pickinvoice-step4/node_modules/next/dist/pages/_document.js.map'
npm warn tar TAR_ENTRY_ERROR ENOENT: no such file or directory, open '/mnt/data/pickinvoice/pickinvoice-step4/node_modules/next/dist/esm/pages/_error.js.map'
npm warn tar TAR_ENTRY_ERROR ENOENT: no such file or directory, open '/mnt/data/pickinvoice/pickinvoice-step4/node_modules/next/dist/esm/server/future/route-modules/pages/builtin/_error.js.map'
npm warn tar TAR_ENTRY_ERROR ENOENT: no such file or directory, open '/mnt/data/pickinvoice/pickinvoice-step4/node_modules/next/dist/pages/_error.js.map'
npm warn tar TAR_ENTRY_ERROR ENOENT: no such file or directory, open '/mnt/data/pickinvoice/pickinvoice-step4/node_modules/next/dist/server/future/route-modules/pages/builtin/_error.js.map'
npm warn tar TAR_ENTRY_ERROR ENOENT: no such file or directory, open '/mnt/data/pickinvoice/pickinvoice-step4/node_modules/next/dist/esm/server/future/normalizers/absolute-filename-normalizer.js.map'
npm warn tar TAR_ENTRY_ERROR ENOENT: no such file or directory, open '/mnt/data/pickinvoice/pickinvoice-step4/node_modules/next/dist/server/future/normalizers/absolute-filename-normalizer.js.map'
npm warn tar TAR_ENTRY_ERROR ENOENT: no such file or directory, open '/mnt/data/pickinvoice/pickinvoice-step4/node_modules/next/dist/esm/shared/lib/page-path/absolute-path-to-page.js.map'
npm warn tar TAR_ENTRY_ERROR ENOENT: no such file or directory, open '/mnt/data/pickinvoice/pickinvoice-step4/node_modules/next/dist/shared/lib/page-path/absolute-path-to-page.js.map'
npm warn tar TAR_ENTRY_ERROR ENOENT: no such file or directory, open '/mnt/data/pickinvoice/pickinvoice-step4/node_modules/next/dist/esm/server/accept-header.js.map'
npm warn tar TAR_ENTRY_ERROR ENOENT: no such file or directory, open '/mnt/data/pickinvoice/pickinvoice-step4/node_modules/next/dist/server/accept-header.js.map'
npm warn tar TAR_ENTRY_ERROR ENOENT: no such file or directory, open '/mnt/data/pickinvoice/pickinvoice-step4/node_modules/next/dist/client/components/action-async-storage-instance.js.map'
npm warn tar TAR_ENTRY_ERROR ENOENT: no such file or directory, open '/mnt/data/pickinvoice/pickinvoice-step4/node_modules/next/dist/esm/client/components/action-async-storage-instance.js.map'
npm warn tar TAR_ENTRY_ERROR ENOENT: no such file or directory, open '/mnt/data/pickinvoice/pickinvoice-step4/node_modules/next/dist/client/components/action-async-storage.external.js.map'
npm warn tar TAR_ENTRY_ERROR ENOENT: no such file or directory, open '/mnt/data/pickinvoice/pickinvoice-step4/node_modules/next/dist/esm/client/components/action-async-storage.external.js.map'
npm warn tar TAR_ENTRY_ERROR ENOENT: no such file or directory, open '/mnt/data/pickinvoice/pickinvoice-step4/node_modules/next/dist/build/webpack/loaders/next-flight-loader/action-client-wrapper.js.map'
npm warn tar TAR_ENTRY_ERROR ENOENT: no such file or directory, open '/mnt/data/pickinvoice/pickinvoice-step4/node_modules/next/dist/esm/build/webpack/loaders/next-flight-loader/action-client-wrapper.js.map'
npm warn tar TAR_ENTRY_ERROR ENOENT: no such file or directory, open '/mnt/data/pickinvoice/pickinvoice-step4/node_modules/next/dist/esm/server/app-render/action-handler.js.map'
npm warn tar TAR_ENTRY_ERROR ENOENT: no such file or directory, open '/mnt/data/pickinvoice/pickinvoice-step4/node_modules/next/dist/server/app-render/action-handler.js.map'
npm warn tar TAR_ENTRY_ERROR ENOENT: no such file or directory, open '/mnt/data/pickinvoice/pickinvoice-step4/node_modules/next/dist/esm/shared/lib/router/action-queue.js.map'
npm warn tar TAR_ENTRY_ERROR ENOENT: no such file or directory, open '/mnt/data/pickinvoice/pickinvoice-step4/node_modules/next/dist/shared/lib/router/action-queue.js.map'
npm warn tar TAR_ENTRY_ERROR ENOENT: no such file or directory, open '/mnt/data/pickinvoice/pickinvoice-step4/node_modules/next/dist/esm/server/app-render/action-utils.js.map'
npm warn tar TAR_ENTRY_ERROR ENOENT: no such file or directory, open '/mnt/data/pickinvoice/pickinvoice-step4/node_modules/next/dist/server/app-render/action-utils.js.map'
npm warn tar TAR_ENTRY_ERROR ENOENT: no such file or directory, open '/mnt/data/pickinvoice/pickinvoice-step4/node_modules/next/dist/build/webpack/loaders/next-flight-loader/action-validate.js.map'
npm warn tar TAR_ENTRY_ERROR ENOENT: no such file or directory, open '/mnt/data/pickinvoice/pickinvoice-step4/node_modules/next/dist/esm/build/webpack/loaders/next-flight-loader/action-validate.js.map'
npm warn tar TAR_ENTRY_ERROR ENOENT: no such file or directory, open '/mnt/data/pickinvoice/pickinvoice-step4/node_modules/next/dist/esm/server/future/normalizers/request/action.js.map'
npm warn tar TAR_ENTRY_ERROR ENOENT: no such file or directory, open '/mnt/data/pickinvoice/pickinvoice-step4/node_modules/next/dist/server/future/normalizers/request/action.js.map'
npm warn tar TAR_ENTRY_ERROR ENOENT: no such file or directory, open '/mnt/data/pickinvoice/pickinvoice-step4/node_modules/next/dist/esm/server/web/adapter.js.map'
npm warn tar TAR_ENTRY_ERROR ENOENT: no such file or directory, open '/mnt/data/pickinvoice/pickinvoice-step4/node_modules/next/dist/server/web/adapter.js.map'
npm warn tar TAR_ENTRY_ERROR ENOENT: no such file or directory, open '/mnt/data/pickinvoice/pickinvoice-step4/node_modules/next/dist/esm/shared/lib/router/adapters.js.map'
npm warn tar TAR_ENTRY_ERROR ENOENT: no such file or directory, open '/mnt/data/pickinvoice/pickinvoice-step4/node_modules/next/dist/shared/lib/router/adapters.js.map'
npm warn tar TAR_ENTRY_ERROR ENOENT: no such file or directory, open '/mnt/data/pickinvoice/pickinvoice-step4/node_modules/next/dist/client/add-base-path.js.map'
npm warn tar TAR_ENTRY_ERROR ENOENT: no such file or directory, open '/mnt/data/pickinvoice/pickinvoice-step4/node_modules/next/dist/esm/client/add-base-path.js.map'
npm warn tar TAR_ENTRY_ERROR ENOENT: no such file or directory, open '/mnt/data/pickinvoice/pickinvoice-step4/node_modules/next/dist/client/add-locale.js.map'
npm warn tar TAR_ENTRY_ERROR ENOENT: no such file or directory, open '/mnt/data/pickinvoice/pickinvoice-step4/node_modules/next/dist/esm/client/add-locale.js.map'
npm warn tar TAR_ENTRY_ERROR ENOENT: no such file or directory, open '/mnt/data/pickinvoice/pickinvoice-step4/node_modules/next/dist/esm/shared/lib/router/utils/add-locale.js.map'
npm warn tar TAR_ENTRY_ERROR ENOENT: no such file or directory, open '/mnt/data/pickinvoice/pickinvoice-step4/node_modules/next/dist/shared/lib/router/utils/add-locale.js.map'
npm warn tar TAR_ENTRY_ERROR ENOENT: no such file or directory, open '/mnt/data/pickinvoice/pickinvoice-step4/node_modules/next/dist/esm/shared/lib/router/utils/add-path-prefix.js.map'
npm warn tar TAR_ENTRY_ERROR ENOENT: no such file or directory, open '/mnt/data/pickinvoice/pickinvoice-step4/node_modules/next/dist/shared/lib/router/utils/add-path-prefix.js.map'
npm warn tar TAR_ENTRY_ERROR ENOENT: no such file or directory, open '/mnt/data/pickinvoice/pickinvoice-step4/node_modules/next/dist/esm/shared/lib/router/utils/add-path-suffix.js.map'
npm warn tar TAR_ENTRY_ERROR ENOENT: no such file or directory, open '/mnt/data/pickinvoice/pickinvoice-step4/node_modules/next/dist/shared/lib/router/utils/add-path-suffix.js.map'
npm warn tar TAR_ENTRY_ERROR ENOENT: no such file or directory, open '/mnt/data/pickinvoice/pickinvoice-step4/node_modules/next/dist/esm/lib/metadata/generate/alternate.js.map'
npm warn tar TAR_ENTRY_ERROR ENOENT: no such file or directory, open '/mnt/data/pickinvoice/pickinvoice-step4/node_modules/next/dist/lib/metadata/generate/alternate.js.map'
npm warn tar TAR_ENTRY_ERROR ENOENT: no such file or directory, open '/mnt/data/pickinvoice/pickinvoice-step4/node_modules/next/dist/esm/lib/metadata/types/alternative-urls-types.js.map'
npm warn tar TAR_ENTRY_ERROR ENOENT: no such file or directory, open '/mnt/data/pickinvoice/pickinvoice-step4/node_modules/next/dist/lib/metadata/types/alternative-urls-types.js.map'
npm warn tar TAR_ENTRY_ERROR ENOENT: no such file or directory, open '/mnt/data/pickinvoice/pickinvoice-step4/node_modules/next/dist/build/babel/plugins/amp-attributes.js.map'
npm warn tar TAR_ENTRY_ERROR ENOENT: no such file or directory, open '/mnt/data/pickinvoice/pickinvoice-step4/node_modules/next/dist/esm/build/babel/plugins/amp-attributes.js.map'
npm warn tar TAR_ENTRY_ERROR ENOENT: no such file or directory, open '/mnt/data/pickinvoice/pickinvoice-step4/node_modules/next/dist/esm/server/future/route-modules/app-page/vendored/contexts/amp-context.js.map'
npm warn tar TAR_ENTRY_ERROR ENOENT: no such file or directory, open '/mnt/data/pickinvoice/pickinvoice-step4/node_modules/next/dist/esm/server/future/route-modules/pages/vendored/contexts/amp-context.js.map'
npm warn tar TAR_ENTRY_ERROR ENOENT: no such file or directory, open '/mnt/data/pickinvoice/pickinvoice-step4/node_modules/next/dist/server/future/route-modules/app-page/vendored/contexts/amp-context.js.map'
npm warn tar TAR_ENTRY_ERROR ENOENT: no such file or directory, open '/mnt/data/pickinvoice/pickinvoice-step4/node_modules/next/dist/server/future/route-modules/pages/vendored/contexts/amp-context.js.map'
npm warn tar TAR_ENTRY_ERROR ENOENT: no such file or directory, open '/mnt/data/pickinvoice/pickinvoice-step4/node_modules/next/dist/esm/shared/lib/amp-context.shared-runtime.js.map'
npm warn tar TAR_ENTRY_ERROR ENOENT: no such file or directory, open '/mnt/data/pickinvoice/pickinvoice-step4/node_modules/next/dist/shared/lib/amp-context.shared-runtime.js.map'
npm warn tar TAR_ENTRY_ERROR ENOENT: no such file or directory, open '/mnt/data/pickinvoice/pickinvoice-step4/node_modules/next/dist/client/dev/amp-dev.js.map'
npm warn tar TAR_ENTRY_ERROR ENOENT: no such file or directory, open '/mnt/data/pickinvoice/pickinvoice-step4/node_modules/next/dist/esm/client/dev/amp-dev.js.map'
npm warn tar TAR_ENTRY_ERROR ENOENT: no such file or directory, open '/mnt/data/pickinvoice/pickinvoice-step4/node_modules/next/dist/esm/shared/lib/amp-mode.js.map'
npm warn tar TAR_ENTRY_ERROR ENOENT: no such file or directory, open '/mnt/data/pickinvoice/pickinvoice-step4/node_modules/next/dist/shared/lib/amp-mode.js.map'
npm warn tar TAR_ENTRY_ERROR ENOENT: no such file or directory, open '/mnt/data/pickinvoice/pickinvoice-step4/node_modules/next/dist/esm/shared/lib/amp.js.map'
npm warn tar TAR_ENTRY_ERROR ENOENT: no such file or directory, open '/mnt/data/pickinvoice/pickinvoice-step4/node_modules/next/dist/shared/lib/amp.js.map'
npm warn tar TAR_ENTRY_ERROR ENOENT: no such file or directory, open '/mnt/data/pickinvoice/pickinvoice-step4/node_modules/next/dist/telemetry/anonymous-meta.js.map'
npm warn tar TAR_ENTRY_ERROR ENOENT: no such file or directory, open '/mnt/data/pickinvoice/pickinvoice-step4/node_modules/next/dist/esm/server/api-utils/node/api-resolver.js.map'
npm warn tar TAR_ENTRY_ERROR ENOENT: no such file or directory, open '/mnt/data/pickinvoice/pickinvoice-step4/node_modules/next/dist/server/api-utils/node/api-resolver.js.map'
npm warn tar TAR_ENTRY_ERROR ENOENT: no such file or directory, open '/mnt/data/pickinvoice/pickinvoice-step4/node_modules/next/dist/build/webpack/loaders/css-loader/src/runtime/api.js.map'
npm warn tar TAR_ENTRY_ERROR ENOENT: no such file or directory, open '/mnt/data/pickinvoice/pickinvoice-step4/node_modules/next/dist/esm/build/webpack/loaders/css-loader/src/runtime/api.js.map'
npm warn tar TAR_ENTRY_ERROR ENOENT: no such file or directory, open '/mnt/data/pickinvoice/pickinvoice-step4/node_modules/next/dist/client/app-bootstrap.js.map'
npm warn tar TAR_ENTRY_ERROR ENOENT: no such file or directory, open '/mnt/data/pickinvoice/pickinvoice-step4/node_modules/next/dist/esm/client/app-bootstrap.js.map'
npm warn tar TAR_ENTRY_ERROR ENOENT: no such file or directory, open '/mnt/data/pickinvoice/pickinvoice-step4/node_modules/next/dist/build/webpack/plugins/app-build-manifest-plugin.js.map'
npm warn tar TAR_ENTRY_ERROR ENOENT: no such file or directory, open '/mnt/data/pickinvoice/pickinvoice-step4/node_modules/next/dist/esm/build/webpack/plugins/app-build-manifest-plugin.js.map'
npm warn tar TAR_ENTRY_ERROR ENOENT: no such file or directory, open '/mnt/data/pickinvoice/pickinvoice-step4/node_modules/next/dist/esm/server/future/normalizers/built/app/app-bundle-path-normalizer.js.map'
npm warn tar TAR_ENTRY_ERROR ENOENT: no such file or directory, open '/mnt/data/pickinvoice/pickinvoice-step4/node_modules/next/dist/server/future/normalizers/built/app/app-bundle-path-normalizer.js.map'
npm warn tar TAR_ENTRY_ERROR ENOENT: no such file or directory, open '/mnt/data/pickinvoice/pickinvoice-step4/node_modules/next/dist/client/app-call-server.js.map'
npm warn tar TAR_ENTRY_ERROR ENOENT: no such file or directory, open '/mnt/data/pickinvoice/pickinvoice-step4/node_modules/next/dist/esm/client/app-call-server.js.map'
npm warn tar TAR_ENTRY_ERROR ENOENT: no such file or directory, open '/mnt/data/pickinvoice/pickinvoice-step4/node_modules/next/dist/esm/server/lib/app-dir-module.js.map'
npm warn tar TAR_ENTRY_ERROR ENOENT: no such file or directory, open '/mnt/data/pickinvoice/pickinvoice-step4/node_modules/next/dist/server/lib/app-dir-module.js.map'
npm warn tar TAR_ENTRY_ERROR ENOENT: no such file or directory, open '/mnt/data/pickinvoice/pickinvoice-step4/node_modules/next/dist/api/app-dynamic.js.map'
npm warn tar TAR_ENTRY_ERROR ENOENT: no such file or directory, open '/mnt/data/pickinvoice/pickinvoice-step4/node_modules/next/dist/esm/api/app-dynamic.js.map'
npm warn tar TAR_ENTRY_ERROR ENOENT: no such file or directory, open '/mnt/data/pickinvoice/pickinvoice-step4/node_modules/next/dist/esm/shared/lib/app-dynamic.js.map'
npm warn tar TAR_ENTRY_ERROR ENOENT: no such file or directory, open '/mnt/data/pickinvoice/pickinvoice-step4/node_modules/next/dist/shared/lib/app-dynamic.js.map'
npm warn tar TAR_ENTRY_ERROR ENOENT: no such file or directory, open '/mnt/data/pickinvoice/pickinvoice-step4/node_modules/next/dist/esm/server/future/normalizers/built/app/app-filename-normalizer.js.map'
npm warn tar TAR_ENTRY_ERROR ENOENT: no such file or directory, open '/mnt/data/pickinvoice/pickinvoice-step4/node_modules/next/dist/server/future/normalizers/built/app/app-filename-normalizer.js.map'
npm warn tar TAR_ENTRY_ERROR ENOENT: no such file or directory, open '/mnt/data/pickinvoice/pickinvoice-step4/node_modules/next/dist/client/app-index.js.map'
npm warn tar TAR_ENTRY_ERROR ENOENT: no such file or directory, open '/mnt/data/pickinvoice/pickinvoice-step4/node_modules/next/dist/esm/client/app-index.js.map'
npm warn tar TAR_ENTRY_ERROR ENOENT: no such file or directory, open '/mnt/data/pickinvoice/pickinvoice-step4/node_modules/next/dist/esm/server/lib/app-info-log.js.map'
npm warn tar TAR_ENTRY_ERROR ENOENT: no such file or directory, open '/mnt/data/pickinvoice/pickinvoice-step4/node_modules/next/dist/server/lib/app-info-log.js.map'
npm warn tar TAR_ENTRY_ERROR ENOENT: no such file or directory, open '/mnt/data/pickinvoice/pickinvoice-step4/node_modules/next/dist/client/app-link-gc.js.map'
npm warn tar TAR_ENTRY_ERROR ENOENT: no such file or directory, open '/mnt/data/pickinvoice/pickinvoice-step4/node_modules/next/dist/esm/client/app-link-gc.js.map'
npm warn tar TAR_ENTRY_ERROR ENOENT: no such file or directory, open '/mnt/data/pickinvoice/pickinvoice-step4/node_modules/next/dist/client/app-next-dev.js.map'
npm warn tar TAR_ENTRY_ERROR ENOENT: no such file or directory, open '/mnt/data/pickinvoice/pickinvoice-step4/node_modules/next/dist/esm/client/app-next-dev.js.map'
npm warn tar TAR_ENTRY_ERROR ENOENT: no such file or directory, open '/mnt/data/pickinvoice/pickinvoice-step4/node_modules/next/dist/client/app-next-turbopack.js.map'
npm warn tar TAR_ENTRY_ERROR ENOENT: no such file or directory, open '/mnt/data/pickinvoice/pickinvoice-step4/node_modules/next/dist/esm/client/app-next-turbopack.js.map'
npm warn tar TAR_ENTRY_ERROR ENOENT: no such file or directory, open '/mnt/data/pickinvoice/pickinvoice-step4/node_modules/next/dist/client/app-next.js.map'
npm warn tar TAR_ENTRY_ERROR ENOENT: no such file or directory, open '/mnt/data/pickinvoice/pickinvoice-step4/node_modules/next/dist/esm/client/app-next.js.map'
npm warn tar TAR_ENTRY_ERROR ENOENT: no such file or directory, open '/mnt/data/pickinvoice/pickinvoice-step4/node_modules/next/dist/compiled/next-server/app-page-experimental.runtime.dev.js.map'
npm warn tar TAR_ENTRY_ERROR ENOENT: no such file or directory, open '/mnt/data/pickinvoice/pickinvoice-step4/node_modules/next/dist/compiled/next-server/app-page-experimental.runtime.prod.js.map'
npm warn tar TAR_ENTRY_ERROR ENOENT: no such file or directory, open '/mnt/data/pickinvoice/pickinvoice-step4/node_modules/next/dist/esm/server/future/normalizers/built/app/app-page-normalizer.js.map'
npm warn tar TAR_ENTRY_ERROR ENOENT: no such file or directory, open '/mnt/data/pickinvoice/pickinvoice-step4/node_modules/next/dist/server/future/normalizers/built/app/app-page-normalizer.js.map'
npm warn tar TAR_ENTRY_ERROR ENOENT: no such file or directory, open '/mnt/data/pickinvoice/pickinvoice-step4/node_modules/next/dist/esm/server/future/route-definitions/app-page-route-definition.js.map'
npm warn tar TAR_ENTRY_ERROR ENOENT: no such file or directory, open '/mnt/data/pickinvoice/pickinvoice-step4/node_modules/next/dist/server/future/route-definitions/app-page-route-definition.js.map'
npm warn tar TAR_ENTRY_ERROR ENOENT: no such file or directory, open '/mnt/data/pickinvoice/pickinvoice-step4/node_modules/next/dist/esm/server/future/route-matches/app-page-route-match.js.map'
npm warn tar TAR_ENTRY_ERROR ENOENT: no such file or directory, open '/mnt/data/pickinvoice/pickinvoice-step4/node_modules/next/dist/server/future/route-matches/app-page-route-match.js.map'
npm warn tar TAR_ENTRY_ERROR ENOENT: no such file or directory, open '/mnt/data/pickinvoice/pickinvoice-step4/node_modules/next/dist/esm/server/future/route-matcher-providers/app-page-route-matcher-provider.js.map'
npm warn tar TAR_ENTRY_ERROR ENOENT: no such file or directory, open '/mnt/data/pickinvoice/pickinvoice-step4/node_modules/next/dist/server/future/route-matcher-providers/app-page-route-matcher-provider.js.map'
npm warn tar TAR_ENTRY_ERROR ENOENT: no such file or directory, open '/mnt/data/pickinvoice/pickinvoice-step4/node_modules/next/dist/esm/server/future/route-matchers/app-page-route-matcher.js.map'
npm warn tar TAR_ENTRY_ERROR ENOENT: no such file or directory, open '/mnt/data/pickinvoice/pickinvoice-step4/node_modules/next/dist/server/future/route-matchers/app-page-route-matcher.js.map'
npm warn tar TAR_ENTRY_ERROR ENOENT: no such file or directory, open '/mnt/data/pickinvoice/pickinvoice-step4/node_modules/next/dist/compiled/next-server/app-page-turbo-experimental.runtime.prod.js.map'
npm warn tar TAR_ENTRY_ERROR ENOENT: no such file or directory, open '/mnt/data/pickinvoice/pickinvoice-step4/node_modules/next/dist/compiled/next-server/app-page-turbo.runtime.prod.js.map'
npm warn tar TAR_ENTRY_ERROR ENOENT: no such file or directory, open '/mnt/data/pickinvoice/pickinvoice-step4/node_modules/next/dist/build/templates/app-page.js.map'
npm warn tar TAR_ENTRY_ERROR ENOENT: no such file or directory, open '/mnt/data/pickinvoice/pickinvoice-step4/node_modules/next/dist/esm/build/templates/app-page.js.map'
npm warn tar TAR_ENTRY_ERROR ENOENT: no such file or directory, open '/mnt/data/pickinvoice/pickinvoice-step4/node_modules/next/dist/esm/export/routes/app-page.js.map'
npm warn tar TAR_ENTRY_ERROR ENOENT: no such file or directory, open '/mnt/data/pickinvoice/pickinvoice-step4/node_modules/next/dist/export/routes/app-page.js.map'
npm warn tar TAR_ENTRY_ERROR ENOENT: no such file or directory, open '/mnt/data/pickinvoice/pickinvoice-step4/node_modules/next/dist/compiled/next-server/app-page.runtime.dev.js.map'
npm warn tar TAR_ENTRY_ERROR ENOENT: no such file or directory, open '/mnt/data/pickinvoice/pickinvoice-step4/node_modules/next/dist/compiled/next-server/app-page.runtime.prod.js.map'
npm warn tar TAR_ENTRY_ERROR ENOENT: no such file or directory, open '/mnt/data/pickinvoice/pickinvoice-step4/node_modules/next/dist/esm/server/future/normalizers/built/app/app-pathname-normalizer.js.map'
npm warn tar TAR_ENTRY_ERROR ENOENT: no such file or directory, open '/mnt/data/pickinvoice/pickinvoice-step4/node_modules/next/dist/server/future/normalizers/built/app/app-pathname-normalizer.js.map'
npm warn tar TAR_ENTRY_ERROR ENOENT: no such file or directory, open '/mnt/data/pickinvoice/pickinvoice-step4/node_modules/next/dist/esm/shared/lib/router/utils/app-paths.js.map'
npm warn tar TAR_ENTRY_ERROR ENOENT: no such file or directory, open '/mnt/data/pickinvoice/pickinvoice-step4/node_modules/next/dist/shared/lib/router/utils/app-paths.js.map'
npm warn tar TAR_ENTRY_ERROR ENOENT: no such file or directory, open '/mnt/data/pickinvoice/pickinvoice-step4/node_modules/next/dist/esm/server/app-render/app-render.js.map'
npm warn tar TAR_ENTRY_ERROR ENOENT: no such file or directory, open '/mnt/data/pickinvoice/pickinvoice-step4/node_modules/next/dist/server/app-render/app-render.js.map'
npm warn tar TAR_ENTRY_ERROR ENOENT: no such file or directory, open '/mnt/data/pickinvoice/pickinvoice-step4/node_modules/next/dist/compiled/next-server/app-route-experimental.runtime.dev.js.map'
npm warn tar TAR_ENTRY_ERROR ENOENT: no such file or directory, open '/mnt/data/pickinvoice/pickinvoice-step4/node_modules/next/dist/compiled/next-server/app-route-experimental.runtime.prod.js.map'
npm warn tar TAR_ENTRY_ERROR ENOENT: no such file or directory, open '/mnt/data/pickinvoice/pickinvoice-step4/node_modules/next/dist/esm/server/future/route-definitions/app-route-route-definition.js.map'
npm warn tar TAR_ENTRY_ERROR ENOENT: no such file or directory, open '/mnt/data/pickinvoice/pickinvoice-step4/node_modules/next/dist/server/future/route-definitions/app-route-route-definition.js.map'
npm warn tar TAR_ENTRY_ERROR ENOENT: no such file or directory, open '/mnt/data/pickinvoice/pickinvoice-step4/node_modules/next/dist/esm/server/future/route-matches/app-route-route-match.js.map'
npm warn tar TAR_ENTRY_ERROR ENOENT: no such file or directory, open '/mnt/data/pickinvoice/pickinvoice-step4/node_modules/next/dist/server/future/route-matches/app-route-route-match.js.map'
npm warn tar TAR_ENTRY_ERROR ENOENT: no such file or directory, open '/mnt/data/pickinvoice/pickinvoice-step4/node_modules/next/dist/esm/server/future/route-matcher-providers/app-route-route-matcher-provider.js.map'
npm warn tar TAR_ENTRY_ERROR ENOENT: no such file or directory, open '/mnt/data/pickinvoice/pickinvoice-step4/node_modules/next/dist/server/future/route-matcher-providers/app-route-route-matcher-provider.js.map'
npm warn tar TAR_ENTRY_ERROR ENOENT: no such file or directory, open '/mnt/data/pickinvoice/pickinvoice-step4/node_modules/next/dist/esm/server/future/route-matchers/app-route-route-matcher.js.map'
npm warn tar TAR_ENTRY_ERROR ENOENT: no such file or directory, open '/mnt/data/pickinvoice/pickinvoice-step4/node_modules/next/dist/server/future/route-matchers/app-route-route-matcher.js.map'
npm warn tar TAR_ENTRY_ERROR ENOENT: no such file or directory, open '/mnt/data/pickinvoice/pickinvoice-step4/node_modules/next/dist/compiled/next-server/app-route-turbo-experimental.runtime.prod.js.map'
npm warn tar TAR_ENTRY_ERROR ENOENT: no such file or directory, open '/mnt/data/pickinvoice/pickinvoice-step4/node_modules/next/dist/compiled/next-server/app-route-turbo.runtime.prod.js.map'
npm warn tar TAR_ENTRY_ERROR ENOENT: no such file or directory, open '/mnt/data/pickinvoice/pickinvoice-step4/node_modules/next/dist/build/templates/app-route.js.map'
npm warn tar TAR_ENTRY_ERROR ENOENT: no such file or directory, open '/mnt/data/pickinvoice/pickinvoice-step4/node_modules/next/dist/esm/build/templates/app-route.js.map'
npm warn tar TAR_ENTRY_ERROR ENOENT: no such file or directory, open '/mnt/data/pickinvoice/pickinvoice-step4/node_modules/next/dist/esm/export/routes/app-route.js.map'
npm warn tar TAR_ENTRY_ERROR ENOENT: no such file or directory, open '/mnt/data/pickinvoice/pickinvoice-step4/node_modules/next/dist/export/routes/app-route.js.map'
npm warn tar TAR_ENTRY_ERROR ENOENT: no such file or directory, open '/mnt/data/pickinvoice/pickinvoice-step4/node_modules/next/dist/compiled/next-server/app-route.runtime.dev.js.map'
npm warn tar TAR_ENTRY_ERROR ENOENT: no such file or directory, open '/mnt/data/pickinvoice/pickinvoice-step4/node_modules/next/dist/compiled/next-server/app-route.runtime.prod.js.map'
npm warn tar TAR_ENTRY_ERROR ENOENT: no such file or directory, open '/mnt/data/pickinvoice/pickinvoice-step4/node_modules/next/dist/client/components/app-router-announcer.js.map'
npm warn tar TAR_ENTRY_ERROR ENOENT: no such file or directory, open '/mnt/data/pickinvoice/pickinvoice-step4/node_modules/next/dist/esm/client/components/app-router-announcer.js.map'
npm warn tar TAR_ENTRY_ERROR ENOENT: no such file or directory, open '/mnt/data/pickinvoice/pickinvoice-step4/node_modules/next/dist/esm/server/future/route-modules/app-page/vendored/contexts/app-router-context.js.map'
npm warn tar TAR_ENTRY_ERROR ENOENT: no such file or directory, open '/mnt/data/pickinvoice/pickinvoice-step4/node_modules/next/dist/esm/server/future/route-modules/pages/vendored/contexts/app-router-context.js.map'
npm warn tar TAR_ENTRY_ERROR ENOENT: no such file or directory, open '/mnt/data/pickinvoice/pickinvoice-step4/node_modules/next/dist/server/future/route-modules/app-page/vendored/contexts/app-router-context.js.map'
npm warn tar TAR_ENTRY_ERROR ENOENT: no such file or directory, open '/mnt/data/pickinvoice/pickinvoice-step4/node_modules/next/dist/server/future/route-modules/pages/vendored/contexts/app-router-context.js.map'
npm warn tar TAR_ENTRY_ERROR ENOENT: no such file or directory, open '/mnt/data/pickinvoice/pickinvoice-step4/node_modules/next/dist/esm/shared/lib/app-router-context.shared-runtime.js.map'
npm warn tar TAR_ENTRY_ERROR ENOENT: no such file or directory, open '/mnt/data/pickinvoice/pickinvoice-step4/node_modules/next/dist/shared/lib/app-router-context.shared-runtime.js.map'
npm warn tar TAR_ENTRY_ERROR ENOENT: no such file or directory, open '/mnt/data/pickinvoice/pickinvoice-step4/node_modules/next/dist/client/components/app-router-headers.js.map'
npm warn tar TAR_ENTRY_ERROR ENOENT: no such file or directory, open '/mnt/data/pickinvoice/pickinvoice-step4/node_modules/next/dist/esm/client/components/app-router-headers.js.map'
npm warn tar TAR_ENTRY_ERROR ENOENT: no such file or directory, open '/mnt/data/pickinvoice/pickinvoice-step4/node_modules/next/dist/client/components/app-router.js.map'
npm warn tar TAR_ENTRY_ERROR ENOENT: no such file or directory, open '/mnt/data/pickinvoice/pickinvoice-step4/node_modules/next/dist/esm/client/components/app-router.js.map'
npm warn tar TAR_ENTRY_ERROR ENOENT: no such file or directory, open '/mnt/data/pickinvoice/pickinvoice-step4/node_modules/next/dist/client/app-webpack.js.map'
npm warn tar TAR_ENTRY_ERROR ENOENT: no such file or directory, open '/mnt/data/pickinvoice/pickinvoice-step4/node_modules/next/dist/esm/client/app-webpack.js.map'
npm warn tar TAR_ENTRY_ERROR ENOENT: no such file or directory, open '/mnt/data/pickinvoice/pickinvoice-step4/node_modules/next/dist/api/app.js.map'
npm warn tar TAR_ENTRY_ERROR ENOENT: no such file or directory, open '/mnt/data/pickinvoice/pickinvoice-step4/node_modules/next/dist/esm/api/app.js.map'
npm warn tar TAR_ENTRY_ERROR ENOENT: no such file or directory, open '/mnt/data/pickinvoice/pickinvoice-step4/node_modules/next/dist/client/components/router-reducer/apply-flight-data.js.map'
npm warn tar TAR_ENTRY_ERROR ENOENT: no such file or directory, open '/mnt/data/pickinvoice/pickinvoice-step4/node_modules/next/dist/esm/client/components/router-reducer/apply-flight-data.js.map'
npm warn tar TAR_ENTRY_ERROR ENOENT: no such file or directory, open '/mnt/data/pickinvoice/pickinvoice-step4/node_modules/next/dist/client/components/router-reducer/apply-router-state-patch-to-tree.js.map'
npm warn tar TAR_ENTRY_ERROR ENOENT: no such file or directory, open '/mnt/data/pickinvoice/pickinvoice-step4/node_modules/next/dist/esm/client/components/router-reducer/apply-router-state-patch-to-tree.js.map'
npm warn tar TAR_ENTRY_ERROR ENOENT: no such file or directory, open '/mnt/data/pickinvoice/pickinvoice-step4/node_modules/next/dist/esm/shared/lib/router/utils/as-path-to-search-params.js.map'
npm warn tar TAR_ENTRY_ERROR ENOENT: no such file or directory, open '/mnt/data/pickinvoice/pickinvoice-step4/node_modules/next/dist/shared/lib/router/utils/as-path-to-search-params.js.map'
npm warn tar TAR_ENTRY_ERROR ENOENT: no such file or directory, open '/mnt/data/pickinvoice/pickinvoice-step4/node_modules/next/dist/client/components/async-local-storage.js.map'
npm warn tar TAR_ENTRY_ERROR ENOENT: no such file or directory, open '/mnt/data/pickinvoice/pickinvoice-step4/node_modules/next/dist/esm/client/components/async-local-storage.js.map'
npm warn tar TAR_ENTRY_ERROR ENOENT: no such file or directory, open '/mnt/data/pickinvoice/pickinvoice-step4/node_modules/next/dist/esm/server/async-storage/async-storage-wrapper.js.map'
npm warn tar TAR_ENTRY_ERROR ENOENT: no such file or directory, open '/mnt/data/pickinvoice/pickinvoice-step4/node_modules/next/dist/server/async-storage/async-storage-wrapper.js.map'
npm warn tar TAR_ENTRY_ERROR ENOENT: no such file or directory, open '/mnt/data/pickinvoice/pickinvoice-step4/node_modules/next/dist/esm/server/future/route-modules/app-route/helpers/auto-implement-methods.js.map'
npm warn tar TAR_ENTRY_ERROR ENOENT: no such file or directory, open '/mnt/data/pickinvoice/pickinvoice-step4/node_modules/next/dist/server/future/route-modules/app-route/helpers/auto-implement-methods.js.map'
npm warn tar TAR_ENTRY_ERROR ENOENT: no such file or directory, open '/mnt/data/pickinvoice/pickinvoice-step4/node_modules/next/dist/build/polyfills/object.assign/auto.js.map'
npm warn tar TAR_ENTRY_ERROR ENOENT: no such file or directory, open '/mnt/data/pickinvoice/pickinvoice-step4/node_modules/next/dist/esm/build/polyfills/object.assign/auto.js.map'
npm warn tar TAR_ENTRY_ERROR ENOENT: no such file or directory, open '/mnt/data/pickinvoice/pickinvoice-step4/node_modules/next/dist/esm/server/lib/squoosh/avif/avif_node_dec.js.map'
npm warn tar TAR_ENTRY_ERROR ENOENT: no such file or directory, open '/mnt/data/pickinvoice/pickinvoice-step4/node_modules/next/dist/server/lib/squoosh/avif/avif_node_dec.js.map'
npm warn tar TAR_ENTRY_ERROR ENOENT: no such file or directory, open '/mnt/data/pickinvoice/pickinvoice-step4/node_modules/next/dist/esm/server/lib/squoosh/avif/avif_node_enc.js.map'
npm warn tar TAR_ENTRY_ERROR ENOENT: no such file or directory, open '/mnt/data/pickinvoice/pickinvoice-step4/node_modules/next/dist/server/lib/squoosh/avif/avif_node_enc.js.map'
npm warn tar TAR_ENTRY_ERROR ENOENT: no such file or directory, open '/mnt/data/pickinvoice/pickinvoice-step4/node_modules/next/dist/client/components/bailout-to-client-rendering.js.map'
npm warn tar TAR_ENTRY_ERROR ENOENT: no such file or directory, open '/mnt/data/pickinvoice/pickinvoice-step4/node_modules/next/dist/esm/client/components/bailout-to-client-rendering.js.map'
npm warn tar TAR_ENTRY_ERROR ENOENT: no such file or directory, open '/mnt/data/pickinvoice/pickinvoice-step4/node_modules/next/dist/esm/shared/lib/lazy-dynamic/bailout-to-csr.js.map'
npm warn tar TAR_ENTRY_ERROR ENOENT: no such file or directory, open '/mnt/data/pickinvoice/pickinvoice-step4/node_modules/next/dist/shared/lib/lazy-dynamic/bailout-to-csr.js.map'
npm warn tar TAR_ENTRY_ERROR ENOENT: no such file or directory, open '/mnt/data/pickinvoice/pickinvoice-step4/node_modules/next/dist/esm/server/future/normalizers/request/base-path.js.map'
npm warn tar TAR_ENTRY_ERROR ENOENT: no such file or directory, open '/mnt/data/pickinvoice/pickinvoice-step4/node_modules/next/dist/server/future/normalizers/request/base-path.js.map'
npm warn tar TAR_ENTRY_ERROR ENOENT: no such file or directory, open '/mnt/data/pickinvoice/pickinvoice-step4/node_modules/next/dist/esm/server/base-server.js.map'
npm warn tar TAR_ENTRY_ERROR ENOENT: no such file or directory, open '/mnt/data/pickinvoice/pickinvoice-step4/node_modules/next/dist/server/base-server.js.map'
npm warn tar TAR_ENTRY_ERROR ENOENT: no such file or directory, open '/mnt/data/pickinvoice/pickinvoice-step4/node_modules/next/dist/build/webpack/config/blocks/base.js.map'
npm warn tar TAR_ENTRY_ERROR ENOENT: no such file or directory, open '/mnt/data/pickinvoice/pickinvoice-step4/node_modules/next/dist/client/components/react-dev-overlay/internal/styles/Base.js.map'
npm warn tar TAR_ENTRY_ERROR ENOENT: no such file or directory, open '/mnt/data/pickinvoice/pickinvoice-step4/node_modules/next/dist/esm/build/webpack/config/blocks/base.js.map'
npm warn tar TAR_ENTRY_ERROR ENOENT: no such file or directory, open '/mnt/data/pickinvoice/pickinvoice-step4/node_modules/next/dist/esm/client/components/react-dev-overlay/internal/styles/Base.js.map'
npm warn tar TAR_ENTRY_ERROR ENOENT: no such file or directory, open '/mnt/data/pickinvoice/pickinvoice-step4/node_modules/next/dist/esm/lib/metadata/generate/basic.js.map'
npm warn tar TAR_ENTRY_ERROR ENOENT: no such file or directory, open '/mnt/data/pickinvoice/pickinvoice-step4/node_modules/next/dist/lib/metadata/generate/basic.js.map'
npm warn tar TAR_ENTRY_ERROR ENOENT: no such file or directory, open '/mnt/data/pickinvoice/pickinvoice-step4/node_modules/next/dist/esm/server/future/route-matcher-providers/dev/helpers/file-reader/batched-file-reader.js.map'
npm warn tar TAR_ENTRY_ERROR ENOENT: no such file or directory, open '/mnt/data/pickinvoice/pickinvoice-step4/node_modules/next/dist/server/future/route-matcher-providers/dev/helpers/file-reader/batched-file-reader.js.map'
npm warn tar TAR_ENTRY_ERROR ENOENT: no such file or directory, open '/mnt/data/pickinvoice/pickinvoice-step4/node_modules/next/dist/esm/lib/batcher.js.map'
npm warn tar TAR_ENTRY_ERROR ENOENT: no such file or directory, open '/mnt/data/pickinvoice/pickinvoice-step4/node_modules/next/dist/lib/batcher.js.map'
npm warn tar TAR_ENTRY_ERROR ENOENT: no such file or directory, open '/mnt/data/pickinvoice/pickinvoice-step4/node_modules/next/dist/esm/server/lib/router-utils/block-cross-site.js.map'
npm warn tar TAR_ENTRY_ERROR ENOENT: no such file or directory, open '/mnt/data/pickinvoice/pickinvoice-step4/node_modules/next/dist/server/lib/router-utils/block-cross-site.js.map'
npm warn tar TAR_ENTRY_ERROR ENOENT: no such file or directory, open '/mnt/data/pickinvoice/pickinvoice-step4/node_modules/next/dist/esm/shared/lib/bloom-filter.js.map'
npm warn tar TAR_ENTRY_ERROR ENOENT: no such file or directory, open '/mnt/data/pickinvoice/pickinvoice-step4/node_modules/next/dist/shared/lib/bloom-filter.js.map'
npm warn tar TAR_ENTRY_ERROR ENOENT: no such file or directory, open '/mnt/data/pickinvoice/pickinvoice-step4/node_modules/next/dist/build/webpack/loaders/next-image-loader/blur.js.map'
npm warn tar TAR_ENTRY_ERROR ENOENT: no such file or directory, open '/mnt/data/pickinvoice/pickinvoice-step4/node_modules/next/dist/esm/build/webpack/loaders/next-image-loader/blur.js.map'
npm warn tar TAR_ENTRY_ERROR ENOENT: no such file or directory, open '/mnt/data/pickinvoice/pickinvoice-step4/node_modules/next/dist/client/components/react-dev-overlay/internal/components/Overlay/body-locker.js.map'
npm warn tar TAR_ENTRY_ERROR ENOENT: no such file or directory, open '/mnt/data/pickinvoice/pickinvoice-step4/node_modules/next/dist/esm/client/components/react-dev-overlay/internal/components/Overlay/body-locker.js.map'
npm warn tar TAR_ENTRY_ERROR ENOENT: no such file or directory, open '/mnt/data/pickinvoice/pickinvoice-step4/node_modules/next/dist/esm/server/body-streams.js.map'
npm warn tar TAR_ENTRY_ERROR ENOENT: no such file or directory, open '/mnt/data/pickinvoice/pickinvoice-step4/node_modules/next/dist/server/body-streams.js.map'
npm warn tar TAR_ENTRY_ERROR ENOENT: no such file or directory, open '/mnt/data/pickinvoice/pickinvoice-step4/node_modules/next/dist/build/build-context.js.map'
npm warn tar TAR_ENTRY_ERROR ENOENT: no such file or directory, open '/mnt/data/pickinvoice/pickinvoice-step4/node_modules/next/dist/esm/build/build-context.js.map'
npm warn tar TAR_ENTRY_ERROR ENOENT: no such file or directory, open '/mnt/data/pickinvoice/pickinvoice-step4/node_modules/next/dist/esm/lib/build-custom-route.js.map'
npm warn tar TAR_ENTRY_ERROR ENOENT: no such file or directory, open '/mnt/data/pickinvoice/pickinvoice-step4/node_modules/next/dist/lib/build-custom-route.js.map'
npm warn tar TAR_ENTRY_ERROR ENOENT: no such file or directory, open '/mnt/data/pickinvoice/pickinvoice-step4/node_modules/next/dist/esm/server/lib/router-utils/build-data-route.js.map'
npm warn tar TAR_ENTRY_ERROR ENOENT: no such file or directory, open '/mnt/data/pickinvoice/pickinvoice-step4/node_modules/next/dist/server/lib/router-utils/build-data-route.js.map'
npm warn tar TAR_ENTRY_ERROR ENOENT: no such file or directory, open '/mnt/data/pickinvoice/pickinvoice-step4/node_modules/next/dist/build/webpack/plugins/build-manifest-plugin.js.map'
npm warn tar TAR_ENTRY_ERROR ENOENT: no such file or directory, open '/mnt/data/pickinvoice/pickinvoice-step4/node_modules/next/dist/esm/build/webpack/plugins/build-manifest-plugin.js.map'
npm warn tar TAR_ENTRY_ERROR ENOENT: no such file or directory, open '/mnt/data/pickinvoice/pickinvoice-step4/node_modules/next/dist/telemetry/events/build.js.map'
npm warn tar TAR_ENTRY_ERROR ENOENT: no such file or directory, open '/mnt/data/pickinvoice/pickinvoice-step4/node_modules/next/dist/client/components/react-dev-overlay/internal/container/BuildError.js.map'
npm warn tar TAR_ENTRY_ERROR ENOENT: no such file or directory, open '/mnt/data/pickinvoice/pickinvoice-step4/node_modules/next/dist/esm/client/components/react-dev-overlay/internal/container/BuildError.js.map'
npm warn tar TAR_ENTRY_ERROR ENOENT: no such file or directory, open '/mnt/data/pickinvoice/pickinvoice-step4/node_modules/next/dist/server/lib/builtin-request-context.js.map'
npm warn tar TAR_ENTRY_ERROR ENOENT: no such file or directory, open '/mnt/data/pickinvoice/pickinvoice-step4/node_modules/next/dist/esm/server/lib/builtin-request-context.js.map'
npm warn tar TAR_ENTRY_ERROR ENOENT: no such file or directory, open '/mnt/data/pickinvoice/pickinvoice-step4/node_modules/next/dist/client/components/react-dev-overlay/pages/bus.js.map'
npm warn tar TAR_ENTRY_ERROR ENOENT: no such file or directory, open '/mnt/data/pickinvoice/pickinvoice-step4/node_modules/next/dist/esm/client/components/react-dev-overlay/pages/bus.js.map'
npm warn tar TAR_ENTRY_ERROR ENOENT: no such file or directory, open '/mnt/data/pickinvoice/pickinvoice-step4/node_modules/next/dist/esm/server/future/route-matcher-providers/helpers/cached-route-matcher-provider.js.map'
npm warn tar TAR_ENTRY_ERROR ENOENT: no such file or directory, open '/mnt/data/pickinvoice/pickinvoice-step4/node_modules/next/dist/server/future/route-matcher-providers/helpers/cached-route-matcher-provider.js.map'
npm warn tar TAR_ENTRY_ERROR ENOENT: no such file or directory, open '/mnt/data/pickinvoice/pickinvoice-step4/node_modules/next/dist/client/components/react-dev-overlay/internal/container/RuntimeError/CallStackFrame.js.map'
npm warn tar TAR_ENTRY_ERROR ENOENT: no such file or directory, open '/mnt/data/pickinvoice/pickinvoice-step4/node_modules/next/dist/esm/client/components/react-dev-overlay/internal/container/RuntimeError/CallStackFrame.js.map'
npm warn tar TAR_ENTRY_ERROR ENOENT: no such file or directory, open '/mnt/data/pickinvoice/pickinvoice-step4/node_modules/next/dist/build/webpack/loaders/css-loader/src/camelcase.js.map'
npm warn tar TAR_ENTRY_ERROR ENOENT: no such file or directory, open '/mnt/data/pickinvoice/pickinvoice-step4/node_modules/next/dist/esm/build/webpack/loaders/css-loader/src/camelcase.js.map'
npm warn tar TAR_ENTRY_ERROR ENOENT: no such file or directory, open '/mnt/data/pickinvoice/pickinvoice-step4/node_modules/next/dist/esm/server/future/route-modules/checks.js.map'
npm warn tar TAR_ENTRY_ERROR ENOENT: no such file or directory, open '/mnt/data/pickinvoice/pickinvoice-step4/node_modules/next/dist/server/future/route-modules/checks.js.map'
npm warn tar TAR_ENTRY_ERROR ENOENT: no such file or directory, open '/mnt/data/pickinvoice/pickinvoice-step4/node_modules/next/dist/telemetry/ci-info.js.map'
npm warn tar TAR_ENTRY_ERROR ENOENT: no such file or directory, open '/mnt/data/pickinvoice/pickinvoice-step4/node_modules/next/dist/esm/server/future/route-modules/app-route/helpers/clean-url.js.map'
npm warn tar TAR_ENTRY_ERROR ENOENT: no such file or directory, open '/mnt/data/pickinvoice/pickinvoice-step4/node_modules/next/dist/server/future/route-modules/app-route/helpers/clean-url.js.map'
npm warn tar TAR_ENTRY_ERROR ENOENT: no such file or directory, open '/mnt/data/pickinvoice/pickinvoice-step4/node_modules/next/dist/client/components/router-reducer/clear-cache-node-data-for-segment-path.js.map'
npm warn tar TAR_ENTRY_ERROR ENOENT: no such file or directory, open '/mnt/data/pickinvoice/pickinvoice-step4/node_modules/next/dist/esm/client/components/router-reducer/clear-cache-node-data-for-segment-path.js.map'
npm warn tar TAR_ENTRY_ERROR ENOENT: no such file or directory, open '/mnt/data/pickinvoice/pickinvoice-step4/node_modules/next/dist/esm/server/typescript/rules/client-boundary.js.map'
npm warn tar TAR_ENTRY_ERROR ENOENT: no such file or directory, open '/mnt/data/pickinvoice/pickinvoice-step4/node_modules/next/dist/server/typescript/rules/client-boundary.js.map'
npm warn tar TAR_ENTRY_ERROR ENOENT: no such file or directory, open '/mnt/data/pickinvoice/pickinvoice-step4/node_modules/next/dist/esm/server/client-component-renderer-logger.js.map'
npm warn tar TAR_ENTRY_ERROR ENOENT: no such file or directory, open '/mnt/data/pickinvoice/pickinvoice-step4/node_modules/next/dist/server/client-component-renderer-logger.js.map'
npm warn tar TAR_ENTRY_ERROR ENOENT: no such file or directory, open '/mnt/data/pickinvoice/pickinvoice-step4/node_modules/next/dist/client/components/client-page.js.map'
npm warn tar TAR_ENTRY_ERROR ENOENT: no such file or directory, open '/mnt/data/pickinvoice/pickinvoice-step4/node_modules/next/dist/esm/client/components/client-page.js.map'
npm warn tar TAR_ENTRY_ERROR ENOENT: no such file or directory, open '/mnt/data/pickinvoice/pickinvoice-step4/node_modules/next/dist/esm/lib/client-reference.js.map'
npm warn tar TAR_ENTRY_ERROR ENOENT: no such file or directory, open '/mnt/data/pickinvoice/pickinvoice-step4/node_modules/next/dist/lib/client-reference.js.map'
npm warn tar TAR_ENTRY_ERROR ENOENT: no such file or directory, open '/mnt/data/pickinvoice/pickinvoice-step4/node_modules/next/dist/build/webpack/config/blocks/css/loaders/client.js.map'
npm warn tar TAR_ENTRY_ERROR ENOENT: no such file or directory, open '/mnt/data/pickinvoice/pickinvoice-step4/node_modules/next/dist/client/components/react-dev-overlay/pages/client.js.map'
npm warn tar TAR_ENTRY_ERROR ENOENT: no such file or directory, open '/mnt/data/pickinvoice/pickinvoice-step4/node_modules/next/dist/esm/build/webpack/config/blocks/css/loaders/client.js.map'
npm warn tar TAR_ENTRY_ERROR ENOENT: no such file or directory, open '/mnt/data/pickinvoice/pickinvoice-step4/node_modules/next/dist/esm/client/components/react-dev-overlay/pages/client.js.map'
npm warn tar TAR_ENTRY_ERROR ENOENT: no such file or directory, open '/mnt/data/pickinvoice/pickinvoice-step4/node_modules/next/dist/esm/lib/metadata/clone-metadata.js.map'
npm warn tar TAR_ENTRY_ERROR ENOENT: no such file or directory, open '/mnt/data/pickinvoice/pickinvoice-step4/node_modules/next/dist/lib/metadata/clone-metadata.js.map'
npm warn tar TAR_ENTRY_ERROR ENOENT: no such file or directory, open '/mnt/data/pickinvoice/pickinvoice-step4/node_modules/next/dist/esm/server/lib/clone-response.js.map'
npm warn tar TAR_ENTRY_ERROR ENOENT: no such file or directory, open '/mnt/data/pickinvoice/pickinvoice-step4/node_modules/next/dist/server/lib/clone-response.js.map'
npm warn tar TAR_ENTRY_ERROR ENOENT: no such file or directory, open '/mnt/data/pickinvoice/pickinvoice-step4/node_modules/next/dist/client/components/react-dev-overlay/internal/icons/CloseIcon.js.map'
npm warn tar TAR_ENTRY_ERROR ENOENT: no such file or directory, open '/mnt/data/pickinvoice/pickinvoice-step4/node_modules/next/dist/esm/client/components/react-dev-overlay/internal/icons/CloseIcon.js.map'
npm warn tar TAR_ENTRY_ERROR ENOENT: no such file or directory, open '/mnt/data/pickinvoice/pickinvoice-step4/node_modules/next/dist/esm/lib/coalesced-function.js.map'
npm warn tar TAR_ENTRY_ERROR ENOENT: no such file or directory, open '/mnt/data/pickinvoice/pickinvoice-step4/node_modules/next/dist/lib/coalesced-function.js.map'
npm warn tar TAR_ENTRY_ERROR ENOENT: no such file or directory, open '/mnt/data/pickinvoice/pickinvoice-step4/node_modules/next/dist/esm/server/lib/squoosh/codecs.js.map'
npm warn tar TAR_ENTRY_ERROR ENOENT: no such file or directory, open '/mnt/data/pickinvoice/pickinvoice-step4/node_modules/next/dist/server/lib/squoosh/codecs.js.map'
npm warn tar TAR_ENTRY_ERROR ENOENT: no such file or directory, open '/mnt/data/pickinvoice/pickinvoice-step4/node_modules/next/dist/client/components/react-dev-overlay/internal/components/CodeFrame/CodeFrame.js.map'
npm warn tar TAR_ENTRY_ERROR ENOENT: no such file or directory, open '/mnt/data/pickinvoice/pickinvoice-step4/node_modules/next/dist/esm/client/components/react-dev-overlay/internal/components/CodeFrame/CodeFrame.js.map'
npm warn tar TAR_ENTRY_ERROR ENOENT: no such file or directory, open '/mnt/data/pickinvoice/pickinvoice-step4/node_modules/next/dist/build/webpack/loaders/lightningcss-loader/src/codegen.js.map'
npm warn tar TAR_ENTRY_ERROR ENOENT: no such file or directory, open '/mnt/data/pickinvoice/pickinvoice-step4/node_modules/next/dist/esm/build/webpack/loaders/lightningcss-loader/src/codegen.js.map'
npm warn tar TAR_ENTRY_ERROR ENOENT: no such file or directory, open '/mnt/data/pickinvoice/pickinvoice-step4/node_modules/next/dist/client/components/react-dev-overlay/internal/icons/CollapseIcon.js.map'
npm warn tar TAR_ENTRY_ERROR ENOENT: no such file or directory, open '/mnt/data/pickinvoice/pickinvoice-step4/node_modules/next/dist/esm/client/components/react-dev-overlay/internal/icons/CollapseIcon.js.map'
npm warn tar TAR_ENTRY_ERROR ENOENT: no such file or directory, open '/mnt/data/pickinvoice/pickinvoice-step4/node_modules/next/dist/build/collect-build-traces.js.map'
npm warn tar TAR_ENTRY_ERROR ENOENT: no such file or directory, open '/mnt/data/pickinvoice/pickinvoice-step4/node_modules/next/dist/esm/build/collect-build-traces.js.map'
npm warn tar TAR_ENTRY_ERROR ENOENT: no such file or directory, open '/mnt/data/pickinvoice/pickinvoice-step4/node_modules/next/dist/build/babel/plugins/commonjs.js.map'
npm warn tar TAR_ENTRY_ERROR ENOENT: no such file or directory, open '/mnt/data/pickinvoice/pickinvoice-step4/node_modules/next/dist/esm/build/babel/plugins/commonjs.js.map'
npm warn tar TAR_ENTRY_ERROR ENOENT: no such file or directory, open '/mnt/data/pickinvoice/pickinvoice-step4/node_modules/next/dist/esm/shared/lib/router/utils/compare-states.js.map'
npm warn tar TAR_ENTRY_ERROR ENOENT: no such file or directory, open '/mnt/data/pickinvoice/pickinvoice-step4/node_modules/next/dist/shared/lib/router/utils/compare-states.js.map'
npm warn tar TAR_ENTRY_ERROR ENOENT: no such file or directory, open '/mnt/data/pickinvoice/pickinvoice-step4/node_modules/next/dist/esm/lib/compile-error.js.map'
npm warn tar TAR_ENTRY_ERROR ENOENT: no such file or directory, open '/mnt/data/pickinvoice/pickinvoice-step4/node_modules/next/dist/lib/compile-error.js.map'
npm warn tar TAR_ENTRY_ERROR ENOENT: no such file or directory, open '/mnt/data/pickinvoice/pickinvoice-step4/node_modules/next/dist/build/compiler.js.map'
npm warn tar TAR_ENTRY_ERROR ENOENT: no such file or directory, open '/mnt/data/pickinvoice/pickinvoice-step4/node_modules/next/dist/esm/build/compiler.js.map'
npm warn tar TAR_ENTRY_ERROR ENOENT: no such file or directory, open '/mnt/data/pickinvoice/pickinvoice-step4/node_modules/next/dist/client/components/react-dev-overlay/internal/container/RuntimeError/component-stack-pseudo-html.js.map'
npm warn tar TAR_ENTRY_ERROR ENOENT: no such file or directory, open '/mnt/data/pickinvoice/pickinvoice-step4/node_modules/next/dist/esm/client/components/react-dev-overlay/internal/container/RuntimeError/component-stack-pseudo-html.js.map'
npm warn tar TAR_ENTRY_ERROR ENOENT: no such file or directory, open '/mnt/data/pickinvoice/pickinvoice-step4/node_modules/next/dist/client/components/react-dev-overlay/internal/container/RuntimeError/ComponentStackFrameRow.js.map'
npm warn tar TAR_ENTRY_ERROR ENOENT: no such file or directory, open '/mnt/data/pickinvoice/pickinvoice-step4/node_modules/next/dist/esm/client/components/react-dev-overlay/internal/container/RuntimeError/ComponentStackFrameRow.js.map'
npm warn tar TAR_ENTRY_ERROR ENOENT: no such file or directory, open '/mnt/data/pickinvoice/pickinvoice-step4/node_modules/next/dist/client/components/react-dev-overlay/internal/styles/ComponentStyles.js.map'
npm warn tar TAR_ENTRY_ERROR ENOENT: no such file or directory, open '/mnt/data/pickinvoice/pickinvoice-step4/node_modules/next/dist/esm/client/components/react-dev-overlay/internal/styles/ComponentStyles.js.map'
npm warn tar TAR_ENTRY_ERROR ENOENT: no such file or directory, open '/mnt/data/pickinvoice/pickinvoice-step4/node_modules/next/dist/client/components/router-reducer/compute-changed-path.js.map'
npm warn tar TAR_ENTRY_ERROR ENOENT: no such file or directory, open '/mnt/data/pickinvoice/pickinvoice-step4/node_modules/next/dist/esm/client/components/router-reducer/compute-changed-path.js.map'
npm warn tar TAR_ENTRY_ERROR ENOENT: no such file or directory, open '/mnt/data/pickinvoice/pickinvoice-step4/node_modules/next/dist/esm/server/config-schema.js.map'
npm warn tar TAR_ENTRY_ERROR ENOENT: no such file or directory, open '/mnt/data/pickinvoice/pickinvoice-step4/node_modules/next/dist/server/config-schema.js.map'
npm warn tar TAR_ENTRY_ERROR ENOENT: no such file or directory, open '/mnt/data/pickinvoice/pickinvoice-step4/node_modules/next/dist/esm/server/config-shared.js.map'
npm warn tar TAR_ENTRY_ERROR ENOENT: no such file or directory, open '/mnt/data/pickinvoice/pickinvoice-step4/node_modules/next/dist/server/config-shared.js.map'
npm warn tar TAR_ENTRY_ERROR ENOENT: no such file or directory, open '/mnt/data/pickinvoice/pickinvoice-step4/node_modules/next/dist/esm/server/config-utils.js.map'
npm warn tar TAR_ENTRY_ERROR ENOENT: no such file or directory, open '/mnt/data/pickinvoice/pickinvoice-step4/node_modules/next/dist/server/config-utils.js.map'
npm warn tar TAR_ENTRY_ERROR ENOENT: no such file or directory, open '/mnt/data/pickinvoice/pickinvoice-step4/node_modules/next/dist/esm/server/config.js.map'
npm warn tar TAR_ENTRY_ERROR ENOENT: no such file or directory, open '/mnt/data/pickinvoice/pickinvoice-step4/node_modules/next/dist/esm/server/typescript/rules/config.js.map'
npm warn tar TAR_ENTRY_ERROR ENOENT: no such file or directory, open '/mnt/data/pickinvoice/pickinvoice-step4/node_modules/next/dist/server/config.js.map'
npm warn tar TAR_ENTRY_ERROR ENOENT: no such file or directory, open '/mnt/data/pickinvoice/pickinvoice-step4/node_modules/next/dist/server/typescript/rules/config.js.map'
npm warn tar TAR_ENTRY_ERROR ENOENT: no such file or directory, open '/mnt/data/pickinvoice/pickinvoice-step4/node_modules/next/dist/esm/server/typescript/constant.js.map'
npm warn tar TAR_ENTRY_ERROR ENOENT: no such file or directory, open '/mnt/data/pickinvoice/pickinvoice-step4/node_modules/next/dist/server/typescript/constant.js.map'
npm warn tar TAR_ENTRY_ERROR ENOENT: no such file or directory, open '/mnt/data/pickinvoice/pickinvoice-step4/node_modules/next/dist/api/constants.js.map'
npm warn tar TAR_ENTRY_ERROR ENOENT: no such file or directory, open '/mnt/data/pickinvoice/pickinvoice-step4/node_modules/next/dist/esm/api/constants.js.map'
npm warn tar TAR_ENTRY_ERROR ENOENT: no such file or directory, open '/mnt/data/pickinvoice/pickinvoice-step4/node_modules/next/dist/esm/lib/constants.js.map'
npm warn tar TAR_ENTRY_ERROR ENOENT: no such file or directory, open '/mnt/data/pickinvoice/pickinvoice-step4/node_modules/next/dist/esm/lib/metadata/constants.js.map'
npm warn tar TAR_ENTRY_ERROR ENOENT: no such file or directory, open '/mnt/data/pickinvoice/pickinvoice-step4/node_modules/next/dist/esm/server/lib/trace/constants.js.map'
npm warn tar TAR_ENTRY_ERROR ENOENT: no such file or directory, open '/mnt/data/pickinvoice/pickinvoice-step4/node_modules/next/dist/esm/shared/lib/constants.js.map'
npm warn tar TAR_ENTRY_ERROR ENOENT: no such file or directory, open '/mnt/data/pickinvoice/pickinvoice-step4/node_modules/next/dist/lib/constants.js.map'
npm warn tar TAR_ENTRY_ERROR ENOENT: no such file or directory, open '/mnt/data/pickinvoice/pickinvoice-step4/node_modules/next/dist/lib/metadata/constants.js.map'
npm warn tar TAR_ENTRY_ERROR ENOENT: no such file or directory, open '/mnt/data/pickinvoice/pickinvoice-step4/node_modules/next/dist/server/lib/trace/constants.js.map'
npm warn tar TAR_ENTRY_ERROR ENOENT: no such file or directory, open '/mnt/data/pickinvoice/pickinvoice-step4/node_modules/next/dist/shared/lib/constants.js.map'
npm warn tar TAR_ENTRY_ERROR ENOENT: no such file or directory, open '/mnt/data/pickinvoice/pickinvoice-step4/node_modules/next/dist/esm/server/web/sandbox/context.js.map'
npm warn tar TAR_ENTRY_ERROR ENOENT: no such file or directory, open '/mnt/data/pickinvoice/pickinvoice-step4/node_modules/next/dist/experimental/testmode/context.js.map'
npm warn tar TAR_ENTRY_ERROR ENOENT: no such file or directory, open '/mnt/data/pickinvoice/pickinvoice-step4/node_modules/next/dist/server/web/sandbox/context.js.map'
npm warn tar TAR_ENTRY_ERROR ENOENT: no such file or directory, open '/mnt/data/pickinvoice/pickinvoice-step4/node_modules/next/dist/esm/server/web/spec-extension/cookies.js.map'
npm warn tar TAR_ENTRY_ERROR ENOENT: no such file or directory, open '/mnt/data/pickinvoice/pickinvoice-step4/node_modules/next/dist/server/web/spec-extension/cookies.js.map'
npm warn tar TAR_ENTRY_ERROR ENOENT: no such file or directory, open '/mnt/data/pickinvoice/pickinvoice-step4/node_modules/next/dist/build/webpack/plugins/copy-file-plugin.js.map'
npm warn tar TAR_ENTRY_ERROR ENOENT: no such file or directory, open '/mnt/data/pickinvoice/pickinvoice-step4/node_modules/next/dist/esm/build/webpack/plugins/copy-file-plugin.js.map'
npm warn tar TAR_ENTRY_ERROR ENOENT: no such file or directory, open '/mnt/data/pickinvoice/pickinvoice-step4/node_modules/next/dist/esm/server/lib/cpu-profile.js.map'
npm warn tar TAR_ENTRY_ERROR ENOENT: no such file or directory, open '/mnt/data/pickinvoice/pickinvoice-step4/node_modules/next/dist/server/lib/cpu-profile.js.map'
npm warn tar TAR_ENTRY_ERROR ENOENT: no such file or directory, open '/mnt/data/pickinvoice/pickinvoice-step4/node_modules/next/dist/esm/lib/create-client-router-filter.js.map'
npm warn tar TAR_ENTRY_ERROR ENOENT: no such file or directory, open '/mnt/data/pickinvoice/pickinvoice-step4/node_modules/next/dist/lib/create-client-router-filter.js.map'
npm warn tar TAR_ENTRY_ERROR ENOENT: no such file or directory, open '/mnt/data/pickinvoice/pickinvoice-step4/node_modules/next/dist/build/create-compiler-aliases.js.map'
npm warn tar TAR_ENTRY_ERROR ENOENT: no such file or directory, open '/mnt/data/pickinvoice/pickinvoice-step4/node_modules/next/dist/esm/build/create-compiler-aliases.js.map'
npm warn tar TAR_ENTRY_ERROR ENOENT: no such file or directory, open '/mnt/data/pickinvoice/pickinvoice-step4/node_modules/next/dist/esm/server/app-render/create-component-styles-and-scripts.js.map'
npm warn tar TAR_ENTRY_ERROR ENOENT: no such file or directory, open '/mnt/data/pickinvoice/pickinvoice-step4/node_modules/next/dist/server/app-render/create-component-styles-and-scripts.js.map'
npm warn tar TAR_ENTRY_ERROR ENOENT: no such file or directory, open '/mnt/data/pickinvoice/pickinvoice-step4/node_modules/next/dist/esm/server/app-render/create-component-tree.js.map'
npm warn tar TAR_ENTRY_ERROR ENOENT: no such file or directory, open '/mnt/data/pickinvoice/pickinvoice-step4/node_modules/next/dist/server/app-render/create-component-tree.js.map'
npm warn tar TAR_ENTRY_ERROR ENOENT: no such file or directory, open '/mnt/data/pickinvoice/pickinvoice-step4/node_modules/next/dist/esm/server/app-render/create-error-handler.js.map'
npm warn tar TAR_ENTRY_ERROR ENOENT: no such file or directory, open '/mnt/data/pickinvoice/pickinvoice-step4/node_modules/next/dist/server/app-render/create-error-handler.js.map'
npm warn tar TAR_ENTRY_ERROR ENOENT: no such file or directory, open '/mnt/data/pickinvoice/pickinvoice-step4/node_modules/next/dist/esm/server/app-render/create-flight-router-state-from-loader-tree.js.map'
npm warn tar TAR_ENTRY_ERROR ENOENT: no such file or directory, open '/mnt/data/pickinvoice/pickinvoice-step4/node_modules/next/dist/server/app-render/create-flight-router-state-from-loader-tree.js.map'
npm warn tar TAR_ENTRY_ERROR ENOENT: no such file or directory, open '/mnt/data/pickinvoice/pickinvoice-step4/node_modules/next/dist/client/components/router-reducer/create-href-from-url.js.map'
npm warn tar TAR_ENTRY_ERROR ENOENT: no such file or directory, open '/mnt/data/pickinvoice/pickinvoice-step4/node_modules/next/dist/esm/client/components/router-reducer/create-href-from-url.js.map'
npm warn tar TAR_ENTRY_ERROR ENOENT: no such file or directory, open '/mnt/data/pickinvoice/pickinvoice-step4/node_modules/next/dist/esm/export/helpers/create-incremental-cache.js.map'
npm warn tar TAR_ENTRY_ERROR ENOENT: no such file or directory, open '/mnt/data/pickinvoice/pickinvoice-step4/node_modules/next/dist/export/helpers/create-incremental-cache.js.map'
npm warn tar TAR_ENTRY_ERROR ENOENT: no such file or directory, open '/mnt/data/pickinvoice/pickinvoice-step4/node_modules/next/dist/client/components/router-reducer/create-initial-router-state.js.map'
npm warn tar TAR_ENTRY_ERROR ENOENT: no such file or directory, open '/mnt/data/pickinvoice/pickinvoice-step4/node_modules/next/dist/esm/client/components/router-reducer/create-initial-router-state.js.map'
npm warn tar TAR_ENTRY_ERROR ENOENT: no such file or directory, open '/mnt/data/pickinvoice/pickinvoice-step4/node_modules/next/dist/client/components/router-reducer/create-router-cache-key.js.map'
npm warn tar TAR_ENTRY_ERROR ENOENT: no such file or directory, open '/mnt/data/pickinvoice/pickinvoice-step4/node_modules/next/dist/esm/client/components/router-reducer/create-router-cache-key.js.map'
npm warn tar TAR_ENTRY_ERROR ENOENT: no such file or directory, open '/mnt/data/pickinvoice/pickinvoice-step4/node_modules/next/dist/esm/server/crypto-utils.js.map'
npm warn tar TAR_ENTRY_ERROR ENOENT: no such file or directory, open '/mnt/data/pickinvoice/pickinvoice-step4/node_modules/next/dist/server/crypto-utils.js.map'
npm warn tar TAR_ENTRY_ERROR ENOENT: no such file or directory, open '/mnt/data/pickinvoice/pickinvoice-step4/node_modules/next/dist/esm/server/app-render/csrf-protection.js.map'
npm warn tar TAR_ENTRY_ERROR ENOENT: no such file or directory, open '/mnt/data/pickinvoice/pickinvoice-step4/node_modules/next/dist/server/app-render/csrf-protection.js.map'
npm warn tar TAR_ENTRY_ERROR ENOENT: no such file or directory, open '/mnt/data/pickinvoice/pickinvoice-step4/node_modules/next/dist/build/webpack/plugins/css-chunking-plugin.js.map'
npm warn tar TAR_ENTRY_ERROR ENOENT: no such file or directory, open '/mnt/data/pickinvoice/pickinvoice-step4/node_modules/next/dist/esm/build/webpack/plugins/css-chunking-plugin.js.map'
npm warn tar TAR_ENTRY_ERROR ENOENT: no such file or directory, open '/mnt/data/pickinvoice/pickinvoice-step4/node_modules/next/dist/build/webpack/plugins/css-minimizer-plugin.js.map'
npm warn tar TAR_ENTRY_ERROR ENOENT: no such file or directory, open '/mnt/data/pickinvoice/pickinvoice-step4/node_modules/next/dist/esm/build/webpack/plugins/css-minimizer-plugin.js.map'
npm warn tar TAR_ENTRY_ERROR ENOENT: no such file or directory, open '/mnt/data/pickinvoice/pickinvoice-step4/node_modules/next/dist/client/components/react-dev-overlay/internal/styles/CssReset.js.map'
npm warn tar TAR_ENTRY_ERROR ENOENT: no such file or directory, open '/mnt/data/pickinvoice/pickinvoice-step4/node_modules/next/dist/esm/client/components/react-dev-overlay/internal/styles/CssReset.js.map'
npm warn tar TAR_ENTRY_ERROR ENOENT: no such file or directory, open '/mnt/data/pickinvoice/pickinvoice-step4/node_modules/next/dist/build/webpack/loaders/css-loader/src/CssSyntaxError.js.map'
npm warn tar TAR_ENTRY_ERROR ENOENT: no such file or directory, open '/mnt/data/pickinvoice/pickinvoice-step4/node_modules/next/dist/esm/build/webpack/loaders/css-loader/src/CssSyntaxError.js.map'
npm warn tar TAR_ENTRY_ERROR ENOENT: no such file or directory, lstat '/mnt/data/pickinvoice/pickinvoice-step4/node_modules/next/dist/esm/lib/eslint'
npm warn tar TAR_ENTRY_ERROR ENOENT: no such file or directory, lstat '/mnt/data/pickinvoice/pickinvoice-step4/node_modules/next/dist/lib/eslint'
npm warn tar TAR_ENTRY_ERROR ENOENT: no such file or directory, open '/mnt/data/pickinvoice/pickinvoice-step4/node_modules/next/dist/esm/server/lib/dedupe-fetch.js.map'
npm warn tar TAR_ENTRY_ERROR ENOENT: no such file or directory, open '/mnt/data/pickinvoice/pickinvoice-step4/node_modules/next/dist/server/lib/dedupe-fetch.js.map'
npm warn tar TAR_ENTRY_ERROR ENOENT: no such file or directory, open '/mnt/data/pickinvoice/pickinvoice-step4/node_modules/next/dist/esm/shared/lib/deep-freeze.js.map'
npm warn tar TAR_ENTRY_ERROR ENOENT: no such file or directory, open '/mnt/data/pickinvoice/pickinvoice-step4/node_modules/next/dist/shared/lib/deep-freeze.js.map'
npm warn tar TAR_ENTRY_ERROR ENOENT: no such file or directory, open '/mnt/data/pickinvoice/pickinvoice-step4/node_modules/next/dist/esm/shared/lib/deep-readonly.js.map'
npm warn tar TAR_ENTRY_ERROR ENOENT: no such file or directory, open '/mnt/data/pickinvoice/pickinvoice-step4/node_modules/next/dist/shared/lib/deep-readonly.js.map'
npm warn tar TAR_ENTRY_ERROR ENOENT: no such file or directory, open '/mnt/data/pickinvoice/pickinvoice-step4/node_modules/next/dist/esm/server/future/route-matcher-providers/dev/helpers/file-reader/default-file-reader.js.map'
npm warn tar TAR_ENTRY_ERROR ENOENT: no such file or directory, open '/mnt/data/pickinvoice/pickinvoice-step4/node_modules/next/dist/server/future/route-matcher-providers/dev/helpers/file-reader/default-file-reader.js.map'
npm warn tar TAR_ENTRY_ERROR ENOENT: no such file or directory, open '/mnt/data/pickinvoice/pickinvoice-step4/node_modules/next/dist/client/components/default-layout.js.map'
npm warn tar TAR_ENTRY_ERROR ENOENT: no such file or directory, open '/mnt/data/pickinvoice/pickinvoice-step4/node_modules/next/dist/esm/client/components/default-layout.js.map'
npm warn tar TAR_ENTRY_ERROR ENOENT: no such file or directory, open '/mnt/data/pickinvoice/pickinvoice-step4/node_modules/next/dist/esm/lib/metadata/default-metadata.js.map'
npm warn tar TAR_ENTRY_ERROR ENOENT: no such file or directory, open '/mnt/data/pickinvoice/pickinvoice-step4/node_modules/next/dist/lib/metadata/default-metadata.js.map'
npm warn tar TAR_ENTRY_ERROR ENOENT: no such file or directory, lstat '/mnt/data/pickinvoice/pickinvoice-step4/node_modules/next/dist/esm/server/future'
npm warn tar TAR_ENTRY_ERROR ENOENT: no such file or directory, lstat '/mnt/data/pickinvoice/pickinvoice-step4/node_modules/next/dist/server/future'
npm warn tar TAR_ENTRY_ERROR ENOENT: no such file or directory, open '/mnt/data/pickinvoice/pickinvoice-step4/node_modules/next/dist/build/webpack/plugins/define-env-plugin.js.map'
npm warn tar TAR_ENTRY_ERROR ENOENT: no such file or directory, open '/mnt/data/pickinvoice/pickinvoice-step4/node_modules/next/dist/esm/build/webpack/plugins/define-env-plugin.js.map'
npm warn tar TAR_ENTRY_ERROR ENOENT: no such file or directory, open '/mnt/data/pickinvoice/pickinvoice-step4/node_modules/next/dist/esm/shared/lib/page-path/denormalize-app-path.js.map'
npm warn tar TAR_ENTRY_ERROR ENOENT: no such file or directory, open '/mnt/data/pickinvoice/pickinvoice-step4/node_modules/next/dist/shared/lib/page-path/denormalize-app-path.js.map'
npm warn tar TAR_ENTRY_ERROR ENOENT: no such file or directory, open '/mnt/data/pickinvoice/pickinvoice-step4/node_modules/next/dist/esm/shared/lib/page-path/denormalize-page-path.js.map'
npm warn tar TAR_ENTRY_ERROR ENOENT: no such file or directory, open '/mnt/data/pickinvoice/pickinvoice-step4/node_modules/next/dist/shared/lib/page-path/denormalize-page-path.js.map'
npm warn tar TAR_ENTRY_ERROR ENOENT: no such file or directory, open '/mnt/data/pickinvoice/pickinvoice-step4/node_modules/next/dist/build/deployment-id.js.map'
npm warn tar TAR_ENTRY_ERROR ENOENT: no such file or directory, open '/mnt/data/pickinvoice/pickinvoice-step4/node_modules/next/dist/esm/build/deployment-id.js.map'
npm warn tar TAR_ENTRY_ERROR ENOENT: no such file or directory, open '/mnt/data/pickinvoice/pickinvoice-step4/node_modules/next/dist/telemetry/detached-flush.js.map'
npm warn tar TAR_ENTRY_ERROR ENOENT: no such file or directory, open '/mnt/data/pickinvoice/pickinvoice-step4/node_modules/next/dist/esm/lib/detached-promise.js.map'
npm warn tar TAR_ENTRY_ERROR ENOENT: no such file or directory, open '/mnt/data/pickinvoice/pickinvoice-step4/node_modules/next/dist/lib/detached-promise.js.map'
npm warn tar TAR_ENTRY_ERROR ENOENT: no such file or directory, open '/mnt/data/pickinvoice/pickinvoice-step4/node_modules/next/dist/client/detect-domain-locale.js.map'
npm warn tar TAR_ENTRY_ERROR ENOENT: no such file or directory, open '/mnt/data/pickinvoice/pickinvoice-step4/node_modules/next/dist/esm/client/detect-domain-locale.js.map'
npm warn tar TAR_ENTRY_ERROR ENOENT: no such file or directory, lstat '/mnt/data/pickinvoice/pickinvoice-step4/node_modules/next/dist/esm/shared/lib/i18n'
npm warn tar TAR_ENTRY_ERROR ENOENT: no such file or directory, lstat '/mnt/data/pickinvoice/pickinvoice-step4/node_modules/next/dist/shared/lib/i18n'
npm warn tar TAR_ENTRY_ERROR ENOENT: no such file or directory, open '/mnt/data/pickinvoice/pickinvoice-step4/node_modules/next/dist/esm/lib/detect-typo.js.map'
npm warn tar TAR_ENTRY_ERROR ENOENT: no such file or directory, open '/mnt/data/pickinvoice/pickinvoice-step4/node_modules/next/dist/lib/detect-typo.js.map'
npm warn tar TAR_ENTRY_ERROR ENOENT: no such file or directory, lstat '/mnt/data/pickinvoice/pickinvoice-step4/node_modules/next/dist/esm/server/future'
npm warn tar TAR_ENTRY_ERROR ENOENT: no such file or directory, lstat '/mnt/data/pickinvoice/pickinvoice-step4/node_modules/next/dist/server/future'
npm warn tar TAR_ENTRY_ERROR ENOENT: no such file or directory, lstat '/mnt/data/pickinvoice/pickinvoice-step4/node_modules/next/dist/esm/server/future'
npm warn tar TAR_ENTRY_ERROR ENOENT: no such file or directory, lstat '/mnt/data/pickinvoice/pickinvoice-step4/node_modules/next/dist/server/future'
npm warn tar TAR_ENTRY_ERROR ENOENT: no such file or directory, open '/mnt/data/pickinvoice/pickinvoice-step4/node_modules/next/dist/client/dev/dev-build-watcher.js.map'
npm warn tar TAR_ENTRY_ERROR ENOENT: no such file or directory, open '/mnt/data/pickinvoice/pickinvoice-step4/node_modules/next/dist/esm/client/dev/dev-build-watcher.js.map'
npm warn tar TAR_ENTRY_ERROR ENOENT: no such file or directory, open '/mnt/data/pickinvoice/pickinvoice-step4/node_modules/next/dist/esm/server/lib/dev-bundler-service.js.map'
npm warn tar TAR_ENTRY_ERROR ENOENT: no such file or directory, open '/mnt/data/pickinvoice/pickinvoice-step4/node_modules/next/dist/server/lib/dev-bundler-service.js.map'
npm warn tar TAR_ENTRY_ERROR ENOENT: no such file or directory, lstat '/mnt/data/pickinvoice/pickinvoice-step4/node_modules/next/dist/esm/server/future'
npm warn tar TAR_ENTRY_ERROR ENOENT: no such file or directory, lstat '/mnt/data/pickinvoice/pickinvoice-step4/node_modules/next/dist/server/future'
npm warn tar TAR_ENTRY_ERROR ENOENT: no such file or directory, lstat '/mnt/data/pickinvoice/pickinvoice-step4/node_modules/next/dist/esm/server/future'
npm warn tar TAR_ENTRY_ERROR ENOENT: no such file or directory, lstat '/mnt/data/pickinvoice/pickinvoice-step4/node_modules/next/dist/server/future'
npm warn tar TAR_ENTRY_ERROR ENOENT: no such file or directory, open '/mnt/data/pickinvoice/pickinvoice-step4/node_modules/next/dist/client/components/dev-root-not-found-boundary.js.map'
npm warn tar TAR_ENTRY_ERROR ENOENT: no such file or directory, open '/mnt/data/pickinvoice/pickinvoice-step4/node_modules/next/dist/esm/client/components/dev-root-not-found-boundary.js.map'
npm warn tar TAR_ENTRY_ERROR ENOENT: no such file or directory, lstat '/mnt/data/pickinvoice/pickinvoice-step4/node_modules/next/dist/esm/server/future'
npm warn tar TAR_ENTRY_ERROR ENOENT: no such file or directory, lstat '/mnt/data/pickinvoice/pickinvoice-step4/node_modules/next/dist/server/future'
npm warn tar TAR_ENTRY_ERROR ENOENT: no such file or directory, lstat '/mnt/data/pickinvoice/pickinvoice-step4/node_modules/next/dist/esm/lib/typescript'
npm warn tar TAR_ENTRY_ERROR ENOENT: no such file or directory, lstat '/mnt/data/pickinvoice/pickinvoice-step4/node_modules/next/dist/lib/typescript'
npm warn tar TAR_ENTRY_ERROR ENOENT: no such file or directory, lstat '/mnt/data/pickinvoice/pickinvoice-step4/node_modules/next/dist/client/components/react-dev-overlay'
npm warn tar TAR_ENTRY_ERROR ENOENT: no such file or directory, lstat '/mnt/data/pickinvoice/pickinvoice-step4/node_modules/next/dist/esm/client/components/react-dev-overlay'
npm warn tar TAR_ENTRY_ERROR ENOENT: no such file or directory, lstat '/mnt/data/pickinvoice/pickinvoice-step4/node_modules/next/dist/client/components/react-dev-overlay'
npm warn tar TAR_ENTRY_ERROR ENOENT: no such file or directory, lstat '/mnt/data/pickinvoice/pickinvoice-step4/node_modules/next/dist/esm/client/components/react-dev-overlay'
npm warn tar TAR_ENTRY_ERROR ENOENT: no such file or directory, lstat '/mnt/data/pickinvoice/pickinvoice-step4/node_modules/next/dist/client/components/react-dev-overlay'
npm warn tar TAR_ENTRY_ERROR ENOENT: no such file or directory, lstat '/mnt/data/pickinvoice/pickinvoice-step4/node_modules/next/dist/esm/client/components/react-dev-overlay'
npm warn tar TAR_ENTRY_ERROR ENOENT: no such file or directory, lstat '/mnt/data/pickinvoice/pickinvoice-step4/node_modules/next/dist/client/components/react-dev-overlay'
npm warn tar TAR_ENTRY_ERROR ENOENT: no such file or directory, lstat '/mnt/data/pickinvoice/pickinvoice-step4/node_modules/next/dist/esm/client/components/react-dev-overlay'
npm warn tar TAR_ENTRY_ERROR ENOENT: no such file or directory, lstat '/mnt/data/pickinvoice/pickinvoice-step4/node_modules/next/dist/build/webpack'
npm warn tar TAR_ENTRY_ERROR ENOENT: no such file or directory, lstat '/mnt/data/pickinvoice/pickinvoice-step4/node_modules/next/dist/esm/build/webpack'
npm warn tar TAR_ENTRY_ERROR ENOENT: no such file or directory, open '/mnt/data/pickinvoice/pickinvoice-step4/node_modules/next/dist/api/document.js.map'
npm warn tar TAR_ENTRY_ERROR ENOENT: no such file or directory, open '/mnt/data/pickinvoice/pickinvoice-step4/node_modules/next/dist/esm/api/document.js.map'
npm warn tar TAR_ENTRY_ERROR ENOENT: no such file or directory, open '/mnt/data/pickinvoice/pickinvoice-step4/node_modules/next/dist/esm/lib/download-swc.js.map'
npm warn tar TAR_ENTRY_ERROR ENOENT: no such file or directory, open '/mnt/data/pickinvoice/pickinvoice-step4/node_modules/next/dist/lib/download-swc.js.map'
npm warn tar TAR_ENTRY_ERROR ENOENT: no such file or directory, open '/mnt/data/pickinvoice/pickinvoice-step4/node_modules/next/dist/esm/server/async-storage/draft-mode-provider.js.map'
npm warn tar TAR_ENTRY_ERROR ENOENT: no such file or directory, open '/mnt/data/pickinvoice/pickinvoice-step4/node_modules/next/dist/server/async-storage/draft-mode-provider.js.map'
npm warn tar TAR_ENTRY_ERROR ENOENT: no such file or directory, open '/mnt/data/pickinvoice/pickinvoice-step4/node_modules/next/dist/client/components/draft-mode.js.map'
npm warn tar TAR_ENTRY_ERROR ENOENT: no such file or directory, open '/mnt/data/pickinvoice/pickinvoice-step4/node_modules/next/dist/esm/client/components/draft-mode.js.map'
npm warn tar TAR_ENTRY_ERROR ENOENT: no such file or directory, open '/mnt/data/pickinvoice/pickinvoice-step4/node_modules/next/dist/esm/shared/lib/lazy-dynamic/dynamic-bailout-to-csr.js.map'
npm warn tar TAR_ENTRY_ERROR ENOENT: no such file or directory, open '/mnt/data/pickinvoice/pickinvoice-step4/node_modules/next/dist/shared/lib/lazy-dynamic/dynamic-bailout-to-csr.js.map'
npm warn tar TAR_ENTRY_ERROR ENOENT: no such file or directory, open '/mnt/data/pickinvoice/pickinvoice-step4/node_modules/next/dist/esm/server/app-render/dynamic-rendering.js.map'
npm warn tar TAR_ENTRY_ERROR ENOENT: no such file or directory, open '/mnt/data/pickinvoice/pickinvoice-step4/node_modules/next/dist/server/app-render/dynamic-rendering.js.map'
npm warn tar TAR_ENTRY_ERROR ENOENT: no such file or directory, open '/mnt/data/pickinvoice/pickinvoice-step4/node_modules/next/dist/api/dynamic.js.map'
npm warn tar TAR_ENTRY_ERROR ENOENT: no such file or directory, open '/mnt/data/pickinvoice/pickinvoice-step4/node_modules/next/dist/esm/api/dynamic.js.map'
npm warn tar TAR_ENTRY_ERROR ENOENT: no such file or directory, open '/mnt/data/pickinvoice/pickinvoice-step4/node_modules/next/dist/esm/shared/lib/dynamic.js.map'
npm warn tar TAR_ENTRY_ERROR ENOENT: no such file or directory, open '/mnt/data/pickinvoice/pickinvoice-step4/node_modules/next/dist/shared/lib/dynamic.js.map'
npm warn tar TAR_ENTRY_ERROR ENOENT: no such file or directory, open '/mnt/data/pickinvoice/pickinvoice-step4/node_modules/next/dist/build/templates/edge-app-route.js.map'
npm warn tar TAR_ENTRY_ERROR ENOENT: no such file or directory, open '/mnt/data/pickinvoice/pickinvoice-step4/node_modules/next/dist/esm/build/templates/edge-app-route.js.map'
npm warn tar TAR_ENTRY_ERROR ENOENT: no such file or directory, open '/mnt/data/pickinvoice/pickinvoice-step4/node_modules/next/dist/esm/server/web/edge-route-module-wrapper.js.map'
npm warn tar TAR_ENTRY_ERROR ENOENT: no such file or directory, open '/mnt/data/pickinvoice/pickinvoice-step4/node_modules/next/dist/server/web/edge-route-module-wrapper.js.map'
npm warn tar TAR_ENTRY_ERROR ENOENT: no such file or directory, open '/mnt/data/pickinvoice/pickinvoice-step4/node_modules/next/dist/build/templates/edge-ssr-app.js.map'
npm warn tar TAR_ENTRY_ERROR ENOENT: no such file or directory, open '/mnt/data/pickinvoice/pickinvoice-step4/node_modules/next/dist/esm/build/templates/edge-ssr-app.js.map'
npm warn tar TAR_ENTRY_ERROR ENOENT: no such file or directory, open '/mnt/data/pickinvoice/pickinvoice-step4/node_modules/next/dist/build/templates/edge-ssr.js.map'
npm warn tar TAR_ENTRY_ERROR ENOENT: no such file or directory, open '/mnt/data/pickinvoice/pickinvoice-step4/node_modules/next/dist/esm/build/templates/edge-ssr.js.map'
npm warn tar TAR_ENTRY_ERROR ENOENT: no such file or directory, lstat '/mnt/data/pickinvoice/pickinvoice-step4/node_modules/next/dist/client/components/react-dev-overlay'
npm warn tar TAR_ENTRY_ERROR ENOENT: no such file or directory, lstat '/mnt/data/pickinvoice/pickinvoice-step4/node_modules/next/dist/esm/client/components/react-dev-overlay'
npm warn tar TAR_ENTRY_ERROR ENOENT: no such file or directory, lstat '/mnt/data/pickinvoice/pickinvoice-step4/node_modules/next/dist/build/webpack'
npm warn tar TAR_ENTRY_ERROR ENOENT: no such file or directory, lstat '/mnt/data/pickinvoice/pickinvoice-step4/node_modules/next/dist/esm/build/webpack'
npm warn tar TAR_ENTRY_ERROR ENOENT: no such file or directory, lstat '/mnt/data/pickinvoice/pickinvoice-step4/node_modules/next/dist/build/jest'
npm warn tar TAR_ENTRY_ERROR ENOENT: no such file or directory, open '/mnt/data/pickinvoice/pickinvoice-step4/node_modules/next/dist/esm/server/lib/squoosh/emscripten-utils.js.map'
npm warn tar TAR_ENTRY_ERROR ENOENT: no such file or directory, open '/mnt/data/pickinvoice/pickinvoice-step4/node_modules/next/dist/server/lib/squoosh/emscripten-utils.js.map'
npm warn tar TAR_ENTRY_ERROR ENOENT: no such file or directory, open '/mnt/data/pickinvoice/pickinvoice-step4/node_modules/next/dist/esm/shared/lib/encode-uri-path.js.map'
npm warn tar TAR_ENTRY_ERROR ENOENT: no such file or directory, open '/mnt/data/pickinvoice/pickinvoice-step4/node_modules/next/dist/shared/lib/encode-uri-path.js.map'
npm warn tar TAR_ENTRY_ERROR ENOENT: no such file or directory, lstat '/mnt/data/pickinvoice/pickinvoice-step4/node_modules/next/dist/esm/server/stream-utils'
npm warn tar TAR_ENTRY_ERROR ENOENT: no such file or directory, lstat '/mnt/data/pickinvoice/pickinvoice-step4/node_modules/next/dist/server/stream-utils'
npm warn tar TAR_ENTRY_ERROR ENOENT: no such file or directory, open '/mnt/data/pickinvoice/pickinvoice-step4/node_modules/next/dist/esm/server/app-render/encryption-utils.js.map'
npm warn tar TAR_ENTRY_ERROR ENOENT: no such file or directory, open '/mnt/data/pickinvoice/pickinvoice-step4/node_modules/next/dist/server/app-render/encryption-utils.js.map'
npm warn tar TAR_ENTRY_ERROR ENOENT: no such file or directory, open '/mnt/data/pickinvoice/pickinvoice-step4/node_modules/next/dist/esm/server/app-render/encryption.js.map'
npm warn tar TAR_ENTRY_ERROR ENOENT: no such file or directory, open '/mnt/data/pickinvoice/pickinvoice-step4/node_modules/next/dist/server/app-render/encryption.js.map'
npm warn tar TAR_ENTRY_ERROR ENOENT: no such file or directory, open '/mnt/data/pickinvoice/pickinvoice-step4/node_modules/next/dist/esm/shared/lib/page-path/ensure-leading-slash.js.map'
npm warn tar TAR_ENTRY_ERROR ENOENT: no such file or directory, open '/mnt/data/pickinvoice/pickinvoice-step4/node_modules/next/dist/shared/lib/page-path/ensure-leading-slash.js.map'
npm warn tar TAR_ENTRY_ERROR ENOENT: no such file or directory, open '/mnt/data/pickinvoice/pickinvoice-step4/node_modules/next/dist/build/entries.js.map'
npm warn tar TAR_ENTRY_ERROR ENOENT: no such file or directory, open '/mnt/data/pickinvoice/pickinvoice-step4/node_modules/next/dist/esm/build/entries.js.map'
npm warn tar TAR_ENTRY_ERROR ENOENT: no such file or directory, open '/mnt/data/pickinvoice/pickinvoice-step4/node_modules/next/dist/esm/server/app-render/entry-base.js.map'
npm warn tar TAR_ENTRY_ERROR ENOENT: no such file or directory, open '/mnt/data/pickinvoice/pickinvoice-step4/node_modules/next/dist/server/app-render/entry-base.js.map'
npm warn tar TAR_ENTRY_ERROR ENOENT: no such file or directory, lstat '/mnt/data/pickinvoice/pickinvoice-step4/node_modules/next/dist/esm/server/dev'
npm warn tar TAR_ENTRY_ERROR ENOENT: no such file or directory, lstat '/mnt/data/pickinvoice/pickinvoice-step4/node_modules/next/dist/server/dev'
npm warn tar TAR_ENTRY_ERROR ENOENT: no such file or directory, open '/mnt/data/pickinvoice/pickinvoice-step4/node_modules/next/dist/esm/server/typescript/rules/entry.js.map'
npm warn tar TAR_ENTRY_ERROR ENOENT: no such file or directory, open '/mnt/data/pickinvoice/pickinvoice-step4/node_modules/next/dist/server/typescript/rules/entry.js.map'
npm warn tar TAR_ENTRY_ERROR ENOENT: no such file or directory, open '/mnt/data/pickinvoice/pickinvoice-step4/node_modules/next/dist/esm/server/future/route-modules/app-page/vendored/contexts/entrypoints.js.map'
npm warn tar TAR_ENTRY_ERROR ENOENT: no such file or directory, lstat '/mnt/data/pickinvoice/pickinvoice-step4/node_modules/next/dist/esm/server/future'
npm warn tar TAR_ENTRY_ERROR ENOENT: no such file or directory, lstat '/mnt/data/pickinvoice/pickinvoice-step4/node_modules/next/dist/esm/server/future'
npm warn tar TAR_ENTRY_ERROR ENOENT: no such file or directory, open '/mnt/data/pickinvoice/pickinvoice-step4/node_modules/next/dist/esm/server/future/route-modules/pages/vendored/contexts/entrypoints.js.map'
npm warn tar TAR_ENTRY_ERROR ENOENT: no such file or directory, open '/mnt/data/pickinvoice/pickinvoice-step4/node_modules/next/dist/server/future/route-modules/app-page/vendored/contexts/entrypoints.js.map'
npm warn tar TAR_ENTRY_ERROR ENOENT: no such file or directory, lstat '/mnt/data/pickinvoice/pickinvoice-step4/node_modules/next/dist/server/future'
npm warn tar TAR_ENTRY_ERROR ENOENT: no such file or directory, lstat '/mnt/data/pickinvoice/pickinvoice-step4/node_modules/next/dist/server/future'
npm warn tar TAR_ENTRY_ERROR ENOENT: no such file or directory, open '/mnt/data/pickinvoice/pickinvoice-step4/node_modules/next/dist/server/future/route-modules/pages/vendored/contexts/entrypoints.js.map'
npm warn tar TAR_ENTRY_ERROR ENOENT: no such file or directory, lstat '/mnt/data/pickinvoice/pickinvoice-step4/node_modules/next/dist/build/turborepo-access-trace'
npm warn tar TAR_ENTRY_ERROR ENOENT: no such file or directory, lstat '/mnt/data/pickinvoice/pickinvoice-step4/node_modules/next/dist/esm/build/turborepo-access-trace'
npm warn tar TAR_ENTRY_ERROR ENOENT: no such file or directory, open '/mnt/data/pickinvoice/pickinvoice-step4/node_modules/next/dist/client/components/error-boundary.js.map'
npm warn tar TAR_ENTRY_ERROR ENOENT: no such file or directory, open '/mnt/data/pickinvoice/pickinvoice-step4/node_modules/next/dist/esm/client/components/error-boundary.js.map'
npm warn tar TAR_ENTRY_ERROR ENOENT: no such file or directory, lstat '/mnt/data/pickinvoice/pickinvoice-step4/node_modules/next/dist/build/webpack'
npm warn tar TAR_ENTRY_ERROR ENOENT: no such file or directory, lstat '/mnt/data/pickinvoice/pickinvoice-step4/node_modules/next/dist/esm/build/webpack'
npm warn tar TAR_ENTRY_ERROR ENOENT: no such file or directory, open '/mnt/data/pickinvoice/pickinvoice-step4/node_modules/next/dist/esm/shared/lib/error-source.js.map'
npm warn tar TAR_ENTRY_ERROR ENOENT: no such file or directory, open '/mnt/data/pickinvoice/pickinvoice-step4/node_modules/next/dist/shared/lib/error-source.js.map'
npm warn tar TAR_ENTRY_ERROR ENOENT: no such file or directory, lstat '/mnt/data/pickinvoice/pickinvoice-step4/node_modules/next/dist/build/webpack'
npm warn tar TAR_ENTRY_ERROR ENOENT: no such file or directory, lstat '/mnt/data/pickinvoice/pickinvoice-step4/node_modules/next/dist/esm/build/webpack'
npm warn tar TAR_ENTRY_ERROR ENOENT: no such file or directory, open '/mnt/data/pickinvoice/pickinvoice-step4/node_modules/next/dist/esm/server/typescript/rules/error.js.map'
npm warn tar TAR_ENTRY_ERROR ENOENT: no such file or directory, open '/mnt/data/pickinvoice/pickinvoice-step4/node_modules/next/dist/esm/server/web/error.js.map'
npm warn tar TAR_ENTRY_ERROR ENOENT: no such file or directory, open '/mnt/data/pickinvoice/pickinvoice-step4/node_modules/next/dist/server/typescript/rules/error.js.map'
npm warn tar TAR_ENTRY_ERROR ENOENT: no such file or directory, open '/mnt/data/pickinvoice/pickinvoice-step4/node_modules/next/dist/server/web/error.js.map'
npm warn tar TAR_ENTRY_ERROR ENOENT: no such file or directory, open '/mnt/data/pickinvoice/pickinvoice-step4/node_modules/next/dist/client/components/react-dev-overlay/pages/ErrorBoundary.js.map'
npm warn tar TAR_ENTRY_ERROR ENOENT: no such file or directory, open '/mnt/data/pickinvoice/pickinvoice-step4/node_modules/next/dist/esm/client/components/react-dev-overlay/pages/ErrorBoundary.js.map'
npm warn tar TAR_ENTRY_ERROR ENOENT: no such file or directory, open '/mnt/data/pickinvoice/pickinvoice-step4/node_modules/next/dist/client/components/react-dev-overlay/internal/container/Errors.js.map'
npm warn tar TAR_ENTRY_ERROR ENOENT: no such file or directory, open '/mnt/data/pickinvoice/pickinvoice-step4/node_modules/next/dist/esm/client/components/react-dev-overlay/internal/container/Errors.js.map'
npm warn tar TAR_ENTRY_ERROR ENOENT: no such file or directory, open '/mnt/data/pickinvoice/pickinvoice-step4/node_modules/next/dist/esm/shared/lib/router/utils/escape-path-delimiters.js.map'
npm warn tar TAR_ENTRY_ERROR ENOENT: no such file or directory, open '/mnt/data/pickinvoice/pickinvoice-step4/node_modules/next/dist/shared/lib/router/utils/escape-path-delimiters.js.map'
npm warn tar TAR_ENTRY_ERROR ENOENT: no such file or directory, open '/mnt/data/pickinvoice/pickinvoice-step4/node_modules/next/dist/esm/shared/lib/escape-regexp.js.map'
npm warn tar TAR_ENTRY_ERROR ENOENT: no such file or directory, open '/mnt/data/pickinvoice/pickinvoice-step4/node_modules/next/dist/shared/lib/escape-regexp.js.map'
npm warn tar TAR_ENTRY_ERROR ENOENT: no such file or directory, open '/mnt/data/pickinvoice/pickinvoice-step4/node_modules/next/dist/esm/server/lib/etag.js.map'
npm warn tar TAR_ENTRY_ERROR ENOENT: no such file or directory, open '/mnt/data/pickinvoice/pickinvoice-step4/node_modules/next/dist/server/lib/etag.js.map'
npm warn tar TAR_ENTRY_ERROR ENOENT: no such file or directory, open '/mnt/data/pickinvoice/pickinvoice-step4/node_modules/next/dist/esm/lib/metadata/types/extra-types.js.map'
npm warn tar TAR_ENTRY_ERROR ENOENT: no such file or directory, open '/mnt/data/pickinvoice/pickinvoice-step4/node_modules/next/dist/lib/metadata/types/extra-types.js.map'
npm warn tar TAR_ENTRY_ERROR ENOENT: no such file or directory, lstat '/mnt/data/pickinvoice/pickinvoice-step4/node_modules/next/dist/build/analysis'
npm warn tar TAR_ENTRY_ERROR ENOENT: no such file or directory, lstat '/mnt/data/pickinvoice/pickinvoice-step4/node_modules/next/dist/esm/build/analysis'
npm warn tar TAR_ENTRY_ERROR ENOENT: no such file or directory, lstat '/mnt/data/pickinvoice/pickinvoice-step4/node_modules/next/dist/esm/server/dev'
npm warn tar TAR_ENTRY_ERROR ENOENT: no such file or directory, lstat '/mnt/data/pickinvoice/pickinvoice-step4/node_modules/next/dist/server/dev'
npm warn tar TAR_ENTRY_ERROR ENOENT: no such file or directory, lstat '/mnt/data/pickinvoice/pickinvoice-step4/node_modules/next/dist/client/components/router-reducer/reducers'
npm warn tar TAR_ENTRY_ERROR ENOENT: no such file or directory, lstat '/mnt/data/pickinvoice/pickinvoice-step4/node_modules/next/dist/esm/client/components/router-reducer/reducers'
npm warn tar TAR_ENTRY_ERROR ENOENT: no such file or directory, open '/mnt/data/pickinvoice/pickinvoice-step4/node_modules/next/dist/esm/lib/fatal-error.js.map'
npm warn tar TAR_ENTRY_ERROR ENOENT: no such file or directory, open '/mnt/data/pickinvoice/pickinvoice-step4/node_modules/next/dist/lib/fatal-error.js.map'
npm warn tar TAR_ENTRY_ERROR ENOENT: no such file or directory, lstat '/mnt/data/pickinvoice/pickinvoice-step4/node_modules/next/dist/experimental/testmode/proxy'
npm warn tar TAR_ENTRY_ERROR ENOENT: no such file or directory, lstat '/mnt/data/pickinvoice/pickinvoice-step4/node_modules/next/dist/esm/server/lib/incremental-cache'
npm warn tar TAR_ENTRY_ERROR ENOENT: no such file or directory, lstat '/mnt/data/pickinvoice/pickinvoice-step4/node_modules/next/dist/server/lib/incremental-cache'
npm warn tar TAR_ENTRY_ERROR ENOENT: no such file or directory, open '/mnt/data/pickinvoice/pickinvoice-step4/node_modules/next/dist/esm/server/web/spec-extension/fetch-event.js.map'
npm warn tar TAR_ENTRY_ERROR ENOENT: no such file or directory, open '/mnt/data/pickinvoice/pickinvoice-step4/node_modules/next/dist/server/web/spec-extension/fetch-event.js.map'
npm warn tar TAR_ENTRY_ERROR ENOENT: no such file or directory, open '/mnt/data/pickinvoice/pickinvoice-step4/node_modules/next/dist/esm/server/web/sandbox/fetch-inline-assets.js.map'
npm warn tar TAR_ENTRY_ERROR ENOENT: no such file or directory, open '/mnt/data/pickinvoice/pickinvoice-step4/node_modules/next/dist/server/web/sandbox/fetch-inline-assets.js.map'
npm warn tar TAR_ENTRY_ERROR ENOENT: no such file or directory, open '/mnt/data/pickinvoice/pickinvoice-step4/node_modules/next/dist/client/components/router-reducer/fetch-server-response.js.map'
npm warn tar TAR_ENTRY_ERROR ENOENT: no such file or directory, open '/mnt/data/pickinvoice/pickinvoice-step4/node_modules/next/dist/esm/client/components/router-reducer/fetch-server-response.js.map'
npm warn tar TAR_ENTRY_ERROR ENOENT: no such file or directory, open '/mnt/data/pickinvoice/pickinvoice-step4/node_modules/next/dist/experimental/testmode/fetch.js.map'
npm warn tar TAR_ENTRY_ERROR ENOENT: no such file or directory, lstat '/mnt/data/pickinvoice/pickinvoice-step4/node_modules/next/dist/esm/server/future'
npm warn tar TAR_ENTRY_ERROR ENOENT: no such file or directory, lstat '/mnt/data/pickinvoice/pickinvoice-step4/node_modules/next/dist/server/future'
npm warn tar TAR_ENTRY_ERROR ENOENT: no such file or directory, open '/mnt/data/pickinvoice/pickinvoice-step4/node_modules/next/dist/esm/lib/file-exists.js.map'
npm warn tar TAR_ENTRY_ERROR ENOENT: no such file or directory, open '/mnt/data/pickinvoice/pickinvoice-step4/node_modules/next/dist/lib/file-exists.js.map'
npm warn tar TAR_ENTRY_ERROR ENOENT: no such file or directory, lstat '/mnt/data/pickinvoice/pickinvoice-step4/node_modules/next/dist/build/webpack'
npm warn tar TAR_ENTRY_ERROR ENOENT: no such file or directory, lstat '/mnt/data/pickinvoice/pickinvoice-step4/node_modules/next/dist/esm/build/webpack'
npm warn tar TAR_ENTRY_ERROR ENOENT: no such file or directory, open '/mnt/data/pickinvoice/pickinvoice-step4/node_modules/next/dist/esm/server/future/route-matcher-providers/dev/helpers/file-reader/file-reader.js.map'
npm warn tar TAR_ENTRY_ERROR ENOENT: no such file or directory, open '/mnt/data/pickinvoice/pickinvoice-step4/node_modules/next/dist/server/future/route-matcher-providers/dev/helpers/file-reader/file-reader.js.map'
npm warn tar TAR_ENTRY_ERROR ENOENT: no such file or directory, open '/mnt/data/pickinvoice/pickinvoice-step4/node_modules/next/dist/build/webpack/config/blocks/css/loaders/file-resolve.js.map'
npm warn tar TAR_ENTRY_ERROR ENOENT: no such file or directory, open '/mnt/data/pickinvoice/pickinvoice-step4/node_modules/next/dist/esm/build/webpack/config/blocks/css/loaders/file-resolve.js.map'
npm warn tar TAR_ENTRY_ERROR ENOENT: no such file or directory, lstat '/mnt/data/pickinvoice/pickinvoice-step4/node_modules/next/dist/esm/server/lib/incremental-cache'
npm warn tar TAR_ENTRY_ERROR ENOENT: no such file or directory, lstat '/mnt/data/pickinvoice/pickinvoice-step4/node_modules/next/dist/server/lib/incremental-cache'
npm warn tar TAR_ENTRY_ERROR ENOENT: no such file or directory, lstat '/mnt/data/pickinvoice/pickinvoice-step4/node_modules/next/dist/build/jest'
npm warn tar TAR_ENTRY_ERROR ENOENT: no such file or directory, open '/mnt/data/pickinvoice/pickinvoice-step4/node_modules/next/dist/esm/server/lib/router-utils/filesystem.js.map'
npm warn tar TAR_ENTRY_ERROR ENOENT: no such file or directory, open '/mnt/data/pickinvoice/pickinvoice-step4/node_modules/next/dist/server/lib/router-utils/filesystem.js.map'
npm warn tar TAR_ENTRY_ERROR ENOENT: no such file or directory, open '/mnt/data/pickinvoice/pickinvoice-step4/node_modules/next/dist/client/components/router-reducer/fill-cache-with-new-subtree-data.js.map'
npm warn tar TAR_ENTRY_ERROR ENOENT: no such file or directory, open '/mnt/data/pickinvoice/pickinvoice-step4/node_modules/next/dist/esm/client/components/router-reducer/fill-cache-with-new-subtree-data.js.map'
npm warn tar TAR_ENTRY_ERROR ENOENT: no such file or directory, open '/mnt/data/pickinvoice/pickinvoice-step4/node_modules/next/dist/client/components/router-reducer/fill-lazy-items-till-leaf-with-head.js.map'
npm warn tar TAR_ENTRY_ERROR ENOENT: no such file or directory, open '/mnt/data/pickinvoice/pickinvoice-step4/node_modules/next/dist/esm/client/components/router-reducer/fill-lazy-items-till-leaf-with-head.js.map'
npm warn tar TAR_ENTRY_ERROR ENOENT: no such file or directory, open '/mnt/data/pickinvoice/pickinvoice-step4/node_modules/next/dist/esm/lib/find-config.js.map'
npm warn tar TAR_ENTRY_ERROR ENOENT: no such file or directory, open '/mnt/data/pickinvoice/pickinvoice-step4/node_modules/next/dist/lib/find-config.js.map'
npm warn tar TAR_ENTRY_ERROR ENOENT: no such file or directory, lstat '/mnt/data/pickinvoice/pickinvoice-step4/node_modules/next/dist/client/components/router-reducer/reducers'
npm warn tar TAR_ENTRY_ERROR ENOENT: no such file or directory, lstat '/mnt/data/pickinvoice/pickinvoice-step4/node_modules/next/dist/esm/client/components/router-reducer/reducers'
npm warn tar TAR_ENTRY_ERROR ENOENT: no such file or directory, open '/mnt/data/pickinvoice/pickinvoice-step4/node_modules/next/dist/esm/server/lib/find-page-file.js.map'
npm warn tar TAR_ENTRY_ERROR ENOENT: no such file or directory, open '/mnt/data/pickinvoice/pickinvoice-step4/node_modules/next/dist/server/lib/find-page-file.js.map'
npm warn tar TAR_ENTRY_ERROR ENOENT: no such file or directory, open '/mnt/data/pickinvoice/pickinvoice-step4/node_modules/next/dist/esm/lib/find-pages-dir.js.map'
npm warn tar TAR_ENTRY_ERROR ENOENT: no such file or directory, open '/mnt/data/pickinvoice/pickinvoice-step4/node_modules/next/dist/lib/find-pages-dir.js.map'
npm warn tar TAR_ENTRY_ERROR ENOENT: no such file or directory, open '/mnt/data/pickinvoice/pickinvoice-step4/node_modules/next/dist/esm/lib/find-root.js.map'
npm warn tar TAR_ENTRY_ERROR ENOENT: no such file or directory, open '/mnt/data/pickinvoice/pickinvoice-step4/node_modules/next/dist/lib/find-root.js.map'
npm warn tar TAR_ENTRY_ERROR ENOENT: no such file or directory, open '/mnt/data/pickinvoice/pickinvoice-step4/node_modules/next/dist/build/webpack/plugins/flight-client-entry-plugin.js.map'
npm warn tar TAR_ENTRY_ERROR ENOENT: no such file or directory, open '/mnt/data/pickinvoice/pickinvoice-step4/node_modules/next/dist/esm/build/webpack/plugins/flight-client-entry-plugin.js.map'
npm warn tar TAR_ENTRY_ERROR ENOENT: no such file or directory, open '/mnt/data/pickinvoice/pickinvoice-step4/node_modules/next/dist/client/flight-data-helpers.js.map'
npm warn tar TAR_ENTRY_ERROR ENOENT: no such file or directory, open '/mnt/data/pickinvoice/pickinvoice-step4/node_modules/next/dist/esm/client/flight-data-helpers.js.map'
npm warn tar TAR_ENTRY_ERROR ENOENT: no such file or directory, open '/mnt/data/pickinvoice/pickinvoice-step4/node_modules/next/dist/build/webpack/plugins/flight-manifest-plugin.js.map'
npm warn tar TAR_ENTRY_ERROR ENOENT: no such file or directory, open '/mnt/data/pickinvoice/pickinvoice-step4/node_modules/next/dist/esm/build/webpack/plugins/flight-manifest-plugin.js.map'
npm warn tar TAR_ENTRY_ERROR ENOENT: no such file or directory, open '/mnt/data/pickinvoice/pickinvoice-step4/node_modules/next/dist/esm/server/app-render/flight-render-result.js.map'
npm warn tar TAR_ENTRY_ERROR ENOENT: no such file or directory, open '/mnt/data/pickinvoice/pickinvoice-step4/node_modules/next/dist/server/app-render/flight-render-result.js.map'
npm warn tar TAR_ENTRY_ERROR ENOENT: no such file or directory, open '/mnt/data/pickinvoice/pickinvoice-step4/node_modules/next/dist/telemetry/flush-and-exit.js.map'
npm warn tar TAR_ENTRY_ERROR ENOENT: no such file or directory, open '/mnt/data/pickinvoice/pickinvoice-step4/node_modules/next/dist/esm/shared/lib/fnv1a.js.map'
npm warn tar TAR_ENTRY_ERROR ENOENT: no such file or directory, open '/mnt/data/pickinvoice/pickinvoice-step4/node_modules/next/dist/shared/lib/fnv1a.js.map'
npm warn tar TAR_ENTRY_ERROR ENOENT: no such file or directory, open '/mnt/data/pickinvoice/pickinvoice-step4/node_modules/next/dist/build/webpack/plugins/font-stylesheet-gathering-plugin.js.map'
npm warn tar TAR_ENTRY_ERROR ENOENT: no such file or directory, open '/mnt/data/pickinvoice/pickinvoice-step4/node_modules/next/dist/esm/build/webpack/plugins/font-stylesheet-gathering-plugin.js.map'
npm warn tar TAR_ENTRY_ERROR ENOENT: no such file or directory, open '/mnt/data/pickinvoice/pickinvoice-step4/node_modules/next/dist/esm/server/font-utils.js.map'
npm warn tar TAR_ENTRY_ERROR ENOENT: no such file or directory, open '/mnt/data/pickinvoice/pickinvoice-step4/node_modules/next/dist/server/font-utils.js.map'
npm warn tar TAR_ENTRY_ERROR ENOENT: no such file or directory, open '/mnt/data/pickinvoice/pickinvoice-step4/node_modules/next/dist/esm/lib/format-cli-help-output.js.map'
npm warn tar TAR_ENTRY_ERROR ENOENT: no such file or directory, open '/mnt/data/pickinvoice/pickinvoice-step4/node_modules/next/dist/lib/format-cli-help-output.js.map'
npm warn tar TAR_ENTRY_ERROR ENOENT: no such file or directory, open '/mnt/data/pickinvoice/pickinvoice-step4/node_modules/next/dist/esm/lib/format-dynamic-import-path.js.map'
npm warn tar TAR_ENTRY_ERROR ENOENT: no such file or directory, open '/mnt/data/pickinvoice/pickinvoice-step4/node_modules/next/dist/lib/format-dynamic-import-path.js.map'
npm warn tar TAR_ENTRY_ERROR ENOENT: no such file or directory, open '/mnt/data/pickinvoice/pickinvoice-step4/node_modules/next/dist/esm/server/lib/format-hostname.js.map'
npm warn tar TAR_ENTRY_ERROR ENOENT: no such file or directory, open '/mnt/data/pickinvoice/pickinvoice-step4/node_modules/next/dist/server/lib/format-hostname.js.map'
npm warn tar TAR_ENTRY_ERROR ENOENT: no such file or directory, lstat '/mnt/data/pickinvoice/pickinvoice-step4/node_modules/next/dist/build/manifests'
npm warn tar TAR_ENTRY_ERROR ENOENT: no such file or directory, lstat '/mnt/data/pickinvoice/pickinvoice-step4/node_modules/next/dist/esm/build/manifests'
npm warn tar TAR_ENTRY_ERROR ENOENT: no such file or directory, open '/mnt/data/pickinvoice/pickinvoice-step4/node_modules/next/dist/esm/shared/lib/router/utils/format-next-pathname-info.js.map'
npm warn tar TAR_ENTRY_ERROR ENOENT: no such file or directory, open '/mnt/data/pickinvoice/pickinvoice-step4/node_modules/next/dist/shared/lib/router/utils/format-next-pathname-info.js.map'
npm warn tar TAR_ENTRY_ERROR ENOENT: no such file or directory, open '/mnt/data/pickinvoice/pickinvoice-step4/node_modules/next/dist/esm/lib/format-server-error.js.map'
npm warn tar TAR_ENTRY_ERROR ENOENT: no such file or directory, open '/mnt/data/pickinvoice/pickinvoice-step4/node_modules/next/dist/lib/format-server-error.js.map'
npm warn tar TAR_ENTRY_ERROR ENOENT: no such file or directory, open '/mnt/data/pickinvoice/pickinvoice-step4/node_modules/next/dist/esm/shared/lib/router/utils/format-url.js.map'
npm warn tar TAR_ENTRY_ERROR ENOENT: no such file or directory, open '/mnt/data/pickinvoice/pickinvoice-step4/node_modules/next/dist/shared/lib/router/utils/format-url.js.map'
npm warn tar TAR_ENTRY_ERROR ENOENT: no such file or directory, lstat '/mnt/data/pickinvoice/pickinvoice-step4/node_modules/next/dist/client/components/react-dev-overlay'
npm warn tar TAR_ENTRY_ERROR ENOENT: no such file or directory, lstat '/mnt/data/pickinvoice/pickinvoice-step4/node_modules/next/dist/esm/client/components/react-dev-overlay'
npm warn tar TAR_ENTRY_ERROR ENOENT: no such file or directory, open '/mnt/data/pickinvoice/pickinvoice-step4/node_modules/next/dist/client/dev/fouc.js.map'
npm warn tar TAR_ENTRY_ERROR ENOENT: no such file or directory, open '/mnt/data/pickinvoice/pickinvoice-step4/node_modules/next/dist/esm/client/dev/fouc.js.map'
npm warn tar TAR_ENTRY_ERROR ENOENT: no such file or directory, open '/mnt/data/pickinvoice/pickinvoice-step4/node_modules/next/dist/client/components/react-dev-overlay/internal/icons/FrameworkIcon.js.map'
npm warn tar TAR_ENTRY_ERROR ENOENT: no such file or directory, open '/mnt/data/pickinvoice/pickinvoice-step4/node_modules/next/dist/esm/client/components/react-dev-overlay/internal/icons/FrameworkIcon.js.map'
npm warn tar TAR_ENTRY_ERROR ENOENT: no such file or directory, lstat '/mnt/data/pickinvoice/pickinvoice-step4/node_modules/next/dist/esm/lib/memory'
npm warn tar TAR_ENTRY_ERROR ENOENT: no such file or directory, lstat '/mnt/data/pickinvoice/pickinvoice-step4/node_modules/next/dist/lib/memory'
npm warn tar TAR_ENTRY_ERROR ENOENT: no such file or directory, open '/mnt/data/pickinvoice/pickinvoice-step4/node_modules/next/dist/build/generate-build-id.js.map'
npm warn tar TAR_ENTRY_ERROR ENOENT: no such file or directory, open '/mnt/data/pickinvoice/pickinvoice-step4/node_modules/next/dist/esm/build/generate-build-id.js.map'
npm warn tar TAR_ENTRY_ERROR ENOENT: no such file or directory, open '/mnt/data/pickinvoice/pickinvoice-step4/node_modules/next/dist/esm/lib/generate-interception-routes-rewrites.js.map'
npm warn tar TAR_ENTRY_ERROR ENOENT: no such file or directory, open '/mnt/data/pickinvoice/pickinvoice-step4/node_modules/next/dist/lib/generate-interception-routes-rewrites.js.map'
npm warn tar TAR_ENTRY_ERROR ENOENT: no such file or directory, open '/mnt/data/pickinvoice/pickinvoice-step4/node_modules/next/dist/esm/server/get-app-route-from-entrypoint.js.map'
npm warn tar TAR_ENTRY_ERROR ENOENT: no such file or directory, open '/mnt/data/pickinvoice/pickinvoice-step4/node_modules/next/dist/server/get-app-route-from-entrypoint.js.map'
npm warn tar TAR_ENTRY_ERROR ENOENT: no such file or directory, open '/mnt/data/pickinvoice/pickinvoice-step4/node_modules/next/dist/esm/shared/lib/router/utils/get-asset-path-from-route.js.map'
npm warn tar TAR_ENTRY_ERROR ENOENT: no such file or directory, open '/mnt/data/pickinvoice/pickinvoice-step4/node_modules/next/dist/shared/lib/router/utils/get-asset-path-from-route.js.map'
npm warn tar TAR_ENTRY_ERROR ENOENT: no such file or directory, open '/mnt/data/pickinvoice/pickinvoice-step4/node_modules/next/dist/esm/server/app-render/get-asset-query-string.js.map'
npm warn tar TAR_ENTRY_ERROR ENOENT: no such file or directory, open '/mnt/data/pickinvoice/pickinvoice-step4/node_modules/next/dist/server/app-render/get-asset-query-string.js.map'
npm warn tar TAR_ENTRY_ERROR ENOENT: no such file or directory, open '/mnt/data/pickinvoice/pickinvoice-step4/node_modules/next/dist/build/get-babel-config-file.js.map'
npm warn tar TAR_ENTRY_ERROR ENOENT: no such file or directory, open '/mnt/data/pickinvoice/pickinvoice-step4/node_modules/next/dist/esm/build/get-babel-config-file.js.map'
npm warn tar TAR_ENTRY_ERROR ENOENT: no such file or directory, lstat '/mnt/data/pickinvoice/pickinvoice-step4/node_modules/next/dist/esm/lib/helpers'
npm warn tar TAR_ENTRY_ERROR ENOENT: no such file or directory, lstat '/mnt/data/pickinvoice/pickinvoice-step4/node_modules/next/dist/lib/helpers'
npm warn tar TAR_ENTRY_ERROR ENOENT: no such file or directory, lstat '/mnt/data/pickinvoice/pickinvoice-step4/node_modules/next/dist/build/babel'
npm warn tar TAR_ENTRY_ERROR ENOENT: no such file or directory, lstat '/mnt/data/pickinvoice/pickinvoice-step4/node_modules/next/dist/esm/build/babel'
npm warn tar TAR_ENTRY_ERROR ENOENT: no such file or directory, lstat '/mnt/data/pickinvoice/pickinvoice-step4/node_modules/next/dist/esm/server/api-utils'
npm warn tar TAR_ENTRY_ERROR ENOENT: no such file or directory, lstat '/mnt/data/pickinvoice/pickinvoice-step4/node_modules/next/dist/server/api-utils'
npm warn tar TAR_ENTRY_ERROR ENOENT: no such file or directory, open '/mnt/data/pickinvoice/pickinvoice-step4/node_modules/next/dist/esm/server/app-render/get-css-inlined-link-tags.js.map'
npm warn tar TAR_ENTRY_ERROR ENOENT: no such file or directory, open '/mnt/data/pickinvoice/pickinvoice-step4/node_modules/next/dist/server/app-render/get-css-inlined-link-tags.js.map'
npm warn tar TAR_ENTRY_ERROR ENOENT: no such file or directory, open '/mnt/data/pickinvoice/pickinvoice-step4/node_modules/next/dist/client/get-domain-locale.js.map'
npm warn tar TAR_ENTRY_ERROR ENOENT: no such file or directory, open '/mnt/data/pickinvoice/pickinvoice-step4/node_modules/next/dist/esm/client/get-domain-locale.js.map'
npm warn tar TAR_ENTRY_ERROR ENOENT: no such file or directory, open '/mnt/data/pickinvoice/pickinvoice-step4/node_modules/next/dist/esm/server/web/get-edge-preview-props.js.map'
npm warn tar TAR_ENTRY_ERROR ENOENT: no such file or directory, open '/mnt/data/pickinvoice/pickinvoice-step4/node_modules/next/dist/server/web/get-edge-preview-props.js.map'
npm warn tar TAR_ENTRY_ERROR ENOENT: no such file or directory, open '/mnt/data/pickinvoice/pickinvoice-step4/node_modules/next/dist/esm/lib/get-files-in-dir.js.map'
npm warn tar TAR_ENTRY_ERROR ENOENT: no such file or directory, open '/mnt/data/pickinvoice/pickinvoice-step4/node_modules/next/dist/lib/get-files-in-dir.js.map'
npm warn tar TAR_ENTRY_ERROR ENOENT: no such file or directory, open '/mnt/data/pickinvoice/pickinvoice-step4/node_modules/next/dist/esm/shared/lib/get-hostname.js.map'
npm warn tar TAR_ENTRY_ERROR ENOENT: no such file or directory, open '/mnt/data/pickinvoice/pickinvoice-step4/node_modules/next/dist/shared/lib/get-hostname.js.map'
npm warn tar TAR_ENTRY_ERROR ENOENT: no such file or directory, open '/mnt/data/pickinvoice/pickinvoice-step4/node_modules/next/dist/esm/shared/lib/get-img-props.js.map'
npm warn tar TAR_ENTRY_ERROR ENOENT: no such file or directory, open '/mnt/data/pickinvoice/pickinvoice-step4/node_modules/next/dist/shared/lib/get-img-props.js.map'
npm warn tar TAR_ENTRY_ERROR ENOENT: no such file or directory, open '/mnt/data/pickinvoice/pickinvoice-step4/node_modules/next/dist/esm/server/app-render/get-layer-assets.js.map'
npm warn tar TAR_ENTRY_ERROR ENOENT: no such file or directory, open '/mnt/data/pickinvoice/pickinvoice-step4/node_modules/next/dist/server/app-render/get-layer-assets.js.map'
npm warn tar TAR_ENTRY_ERROR ENOENT: no such file or directory, lstat '/mnt/data/pickinvoice/pickinvoice-step4/node_modules/next/dist/esm/shared/lib/i18n'
npm warn tar TAR_ENTRY_ERROR ENOENT: no such file or directory, lstat '/mnt/data/pickinvoice/pickinvoice-step4/node_modules/next/dist/shared/lib/i18n'
npm warn tar TAR_ENTRY_ERROR ENOENT: no such file or directory, open '/mnt/data/pickinvoice/pickinvoice-step4/node_modules/next/dist/esm/lib/metadata/get-metadata-route.js.map'
npm warn tar TAR_ENTRY_ERROR ENOENT: no such file or directory, open '/mnt/data/pickinvoice/pickinvoice-step4/node_modules/next/dist/lib/metadata/get-metadata-route.js.map'
npm warn tar TAR_ENTRY_ERROR ENOENT: no such file or directory, lstat '/mnt/data/pickinvoice/pickinvoice-step4/node_modules/next/dist/build/webpack'
npm warn tar TAR_ENTRY_ERROR ENOENT: no such file or directory, lstat '/mnt/data/pickinvoice/pickinvoice-step4/node_modules/next/dist/esm/build/webpack'
npm warn tar TAR_ENTRY_ERROR ENOENT: no such file or directory, open '/mnt/data/pickinvoice/pickinvoice-step4/node_modules/next/dist/esm/shared/lib/router/utils/get-next-pathname-info.js.map'
npm warn tar TAR_ENTRY_ERROR ENOENT: no such file or directory, open '/mnt/data/pickinvoice/pickinvoice-step4/node_modules/next/dist/shared/lib/router/utils/get-next-pathname-info.js.map'
npm warn tar TAR_ENTRY_ERROR ENOENT: no such file or directory, lstat '/mnt/data/pickinvoice/pickinvoice-step4/node_modules/next/dist/esm/lib/helpers'
npm warn tar TAR_ENTRY_ERROR ENOENT: no such file or directory, lstat '/mnt/data/pickinvoice/pickinvoice-step4/node_modules/next/dist/lib/helpers'
npm warn tar TAR_ENTRY_ERROR ENOENT: no such file or directory, lstat '/mnt/data/pickinvoice/pickinvoice-step4/node_modules/next/dist/esm/lib/helpers'
npm warn tar TAR_ENTRY_ERROR ENOENT: no such file or directory, lstat '/mnt/data/pickinvoice/pickinvoice-step4/node_modules/next/dist/lib/helpers'
npm warn tar TAR_ENTRY_ERROR ENOENT: no such file or directory, open '/mnt/data/pickinvoice/pickinvoice-step4/node_modules/next/dist/esm/lib/get-package-version.js.map'
npm warn tar TAR_ENTRY_ERROR ENOENT: no such file or directory, open '/mnt/data/pickinvoice/pickinvoice-step4/node_modules/next/dist/lib/get-package-version.js.map'
npm warn tar TAR_ENTRY_ERROR ENOENT: no such file or directory, open '/mnt/data/pickinvoice/pickinvoice-step4/node_modules/next/dist/esm/server/get-page-files.js.map'
npm warn tar TAR_ENTRY_ERROR ENOENT: no such file or directory, open '/mnt/data/pickinvoice/pickinvoice-step4/node_modules/next/dist/server/get-page-files.js.map'
npm warn tar TAR_ENTRY_ERROR ENOENT: no such file or directory, open '/mnt/data/pickinvoice/pickinvoice-step4/node_modules/next/dist/esm/shared/lib/page-path/get-page-paths.js.map'
npm warn tar TAR_ENTRY_ERROR ENOENT: no such file or directory, open '/mnt/data/pickinvoice/pickinvoice-step4/node_modules/next/dist/shared/lib/page-path/get-page-paths.js.map'
npm warn tar TAR_ENTRY_ERROR ENOENT: no such file or directory, lstat '/mnt/data/pickinvoice/pickinvoice-step4/node_modules/next/dist/build/analysis'
npm warn tar TAR_ENTRY_ERROR ENOENT: no such file or directory, lstat '/mnt/data/pickinvoice/pickinvoice-step4/node_modules/next/dist/esm/build/analysis'
npm warn tar TAR_ENTRY_ERROR ENOENT: no such file or directory, open '/mnt/data/pickinvoice/pickinvoice-step4/node_modules/next/dist/esm/export/helpers/get-params.js.map'
npm warn tar TAR_ENTRY_ERROR ENOENT: no such file or directory, open '/mnt/data/pickinvoice/pickinvoice-step4/node_modules/next/dist/export/helpers/get-params.js.map'
npm warn tar TAR_ENTRY_ERROR ENOENT: no such file or directory, open '/mnt/data/pickinvoice/pickinvoice-step4/node_modules/next/dist/esm/server/future/route-modules/app-route/helpers/get-pathname-from-absolute-path.js.map'
npm warn tar TAR_ENTRY_ERROR ENOENT: no such file or directory, open '/mnt/data/pickinvoice/pickinvoice-step4/node_modules/next/dist/server/future/route-modules/app-route/helpers/get-pathname-from-absolute-path.js.map'
npm warn tar TAR_ENTRY_ERROR ENOENT: no such file or directory, lstat '/mnt/data/pickinvoice/pickinvoice-step4/node_modules/next/dist/esm/lib/helpers'
npm warn tar TAR_ENTRY_ERROR ENOENT: no such file or directory, lstat '/mnt/data/pickinvoice/pickinvoice-step4/node_modules/next/dist/lib/helpers'
npm warn tar TAR_ENTRY_ERROR ENOENT: no such file or directory, open '/mnt/data/pickinvoice/pickinvoice-step4/node_modules/next/dist/esm/server/app-render/get-preloadable-fonts.js.map'
npm warn tar TAR_ENTRY_ERROR ENOENT: no such file or directory, open '/mnt/data/pickinvoice/pickinvoice-step4/node_modules/next/dist/server/app-render/get-preloadable-fonts.js.map'
npm warn tar TAR_ENTRY_ERROR ENOENT: no such file or directory, open '/mnt/data/pickinvoice/pickinvoice-step4/node_modules/next/dist/esm/lib/get-project-dir.js.map'
npm warn tar TAR_ENTRY_ERROR ENOENT: no such file or directory, open '/mnt/data/pickinvoice/pickinvoice-step4/node_modules/next/dist/lib/get-project-dir.js.map'
npm warn tar TAR_ENTRY_ERROR ENOENT: no such file or directory, lstat '/mnt/data/pickinvoice/pickinvoice-step4/node_modules/next/dist/esm/lib/helpers'
npm warn tar TAR_ENTRY_ERROR ENOENT: no such file or directory, lstat '/mnt/data/pickinvoice/pickinvoice-step4/node_modules/next/dist/lib/helpers'
npm warn tar TAR_ENTRY_ERROR ENOENT: no such file or directory, lstat '/mnt/data/pickinvoice/pickinvoice-step4/node_modules/next/dist/esm/lib/helpers'
npm warn tar TAR_ENTRY_ERROR ENOENT: no such file or directory, lstat '/mnt/data/pickinvoice/pickinvoice-step4/node_modules/next/dist/lib/helpers'
npm warn tar TAR_ENTRY_ERROR ENOENT: no such file or directory, open '/mnt/data/pickinvoice/pickinvoice-step4/node_modules/next/dist/esm/shared/lib/router/utils/get-route-from-asset-path.js.map'
npm warn tar TAR_ENTRY_ERROR ENOENT: no such file or directory, open '/mnt/data/pickinvoice/pickinvoice-step4/node_modules/next/dist/shared/lib/router/utils/get-route-from-asset-path.js.map'
npm warn tar TAR_ENTRY_ERROR ENOENT: no such file or directory, open '/mnt/data/pickinvoice/pickinvoice-step4/node_modules/next/dist/esm/server/get-route-from-entrypoint.js.map'
npm warn tar TAR_ENTRY_ERROR ENOENT: no such file or directory, open '/mnt/data/pickinvoice/pickinvoice-step4/node_modules/next/dist/server/get-route-from-entrypoint.js.map'
npm warn tar TAR_ENTRY_ERROR ENOENT: no such file or directory, open '/mnt/data/pickinvoice/pickinvoice-step4/node_modules/next/dist/esm/server/app-render/get-script-nonce-from-header.js.map'
npm warn tar TAR_ENTRY_ERROR ENOENT: no such file or directory, open '/mnt/data/pickinvoice/pickinvoice-step4/node_modules/next/dist/server/app-render/get-script-nonce-from-header.js.map'
npm warn tar TAR_ENTRY_ERROR ENOENT: no such file or directory, open '/mnt/data/pickinvoice/pickinvoice-step4/node_modules/next/dist/esm/server/app-render/get-segment-param.js.map'
npm warn tar TAR_ENTRY_ERROR ENOENT: no such file or directory, open '/mnt/data/pickinvoice/pickinvoice-step4/node_modules/next/dist/server/app-render/get-segment-param.js.map'
npm warn tar TAR_ENTRY_ERROR ENOENT: no such file or directory, lstat '/mnt/data/pickinvoice/pickinvoice-step4/node_modules/next/dist/client/components/router-reducer/reducers'
npm warn tar TAR_ENTRY_ERROR ENOENT: no such file or directory, lstat '/mnt/data/pickinvoice/pickinvoice-step4/node_modules/next/dist/esm/client/components/router-reducer/reducers'
npm warn tar TAR_ENTRY_ERROR ENOENT: no such file or directory, open '/mnt/data/pickinvoice/pickinvoice-step4/node_modules/next/dist/esm/server/app-render/get-short-dynamic-param-type.js.map'
npm warn tar TAR_ENTRY_ERROR ENOENT: no such file or directory, open '/mnt/data/pickinvoice/pickinvoice-step4/node_modules/next/dist/server/app-render/get-short-dynamic-param-type.js.map'
npm warn tar TAR_ENTRY_ERROR ENOENT: no such file or directory, lstat '/mnt/data/pickinvoice/pickinvoice-step4/node_modules/next/dist/client/components/react-dev-overlay'
npm warn tar TAR_ENTRY_ERROR ENOENT: no such file or directory, lstat '/mnt/data/pickinvoice/pickinvoice-step4/node_modules/next/dist/esm/client/components/react-dev-overlay'
npm warn tar TAR_ENTRY_ERROR ENOENT: no such file or directory, open '/mnt/data/pickinvoice/pickinvoice-step4/node_modules/next/dist/build/webpack/config/blocks/css/loaders/getCssModuleLocalIdent.js.map'
npm warn tar TAR_ENTRY_ERROR ENOENT: no such file or directory, open '/mnt/data/pickinvoice/pickinvoice-step4/node_modules/next/dist/esm/build/webpack/config/blocks/css/loaders/getCssModuleLocalIdent.js.map'
npm warn tar TAR_ENTRY_ERROR ENOENT: no such file or directory, lstat '/mnt/data/pickinvoice/pickinvoice-step4/node_modules/next/dist/client/components/react-dev-overlay'
npm warn tar TAR_ENTRY_ERROR ENOENT: no such file or directory, lstat '/mnt/data/pickinvoice/pickinvoice-step4/node_modules/next/dist/esm/client/components/react-dev-overlay'
npm warn tar TAR_ENTRY_ERROR ENOENT: no such file or directory, lstat '/mnt/data/pickinvoice/pickinvoice-step4/node_modules/next/dist/esm/lib/eslint'
npm warn tar TAR_ENTRY_ERROR ENOENT: no such file or directory, lstat '/mnt/data/pickinvoice/pickinvoice-step4/node_modules/next/dist/lib/eslint'
npm warn tar TAR_ENTRY_ERROR ENOENT: no such file or directory, lstat '/mnt/data/pickinvoice/pickinvoice-step4/node_modules/next/dist/build/webpack'
npm warn tar TAR_ENTRY_ERROR ENOENT: no such file or directory, lstat '/mnt/data/pickinvoice/pickinvoice-step4/node_modules/next/dist/esm/build/webpack'
npm warn tar TAR_ENTRY_ERROR ENOENT: no such file or directory, lstat '/mnt/data/pickinvoice/pickinvoice-step4/node_modules/next/dist/client/components/react-dev-overlay'
npm warn tar TAR_ENTRY_ERROR ENOENT: no such file or directory, lstat '/mnt/data/pickinvoice/pickinvoice-step4/node_modules/next/dist/esm/client/components/react-dev-overlay'
npm warn tar TAR_ENTRY_ERROR ENOENT: no such file or directory, lstat '/mnt/data/pickinvoice/pickinvoice-step4/node_modules/next/dist/client/components/react-dev-overlay'
npm warn tar TAR_ENTRY_ERROR ENOENT: no such file or directory, lstat '/mnt/data/pickinvoice/pickinvoice-step4/node_modules/next/dist/esm/client/components/react-dev-overlay'
npm warn tar TAR_ENTRY_ERROR ENOENT: no such file or directory, lstat '/mnt/data/pickinvoice/pickinvoice-step4/node_modules/next/dist/esm/lib/typescript'
npm warn tar TAR_ENTRY_ERROR ENOENT: no such file or directory, lstat '/mnt/data/pickinvoice/pickinvoice-step4/node_modules/next/dist/lib/typescript'
npm warn tar TAR_ENTRY_ERROR ENOENT: no such file or directory, lstat '/mnt/data/pickinvoice/pickinvoice-step4/node_modules/next/dist/esm/lib/typescript'
npm warn tar TAR_ENTRY_ERROR ENOENT: no such file or directory, lstat '/mnt/data/pickinvoice/pickinvoice-step4/node_modules/next/dist/lib/typescript'
npm warn tar TAR_ENTRY_ERROR ENOENT: no such file or directory, open '/mnt/data/pickinvoice/pickinvoice-step4/node_modules/next/dist/build/webpack/loaders/css-loader/src/runtime/getUrl.js.map'
npm warn tar TAR_ENTRY_ERROR ENOENT: no such file or directory, open '/mnt/data/pickinvoice/pickinvoice-step4/node_modules/next/dist/esm/build/webpack/loaders/css-loader/src/runtime/getUrl.js.map'
npm warn tar TAR_ENTRY_ERROR ENOENT: no such file or directory, open '/mnt/data/pickinvoice/pickinvoice-step4/node_modules/next/dist/build/webpack/config/blocks/css/loaders/global.js.map'
npm warn tar TAR_ENTRY_ERROR ENOENT: no such file or directory, open '/mnt/data/pickinvoice/pickinvoice-step4/node_modules/next/dist/esm/build/webpack/config/blocks/css/loaders/global.js.map'
npm warn tar TAR_ENTRY_ERROR ENOENT: no such file or directory, open '/mnt/data/pickinvoice/pickinvoice-step4/node_modules/next/dist/esm/server/web/globals.js.map'
npm warn tar TAR_ENTRY_ERROR ENOENT: no such file or directory, open '/mnt/data/pickinvoice/pickinvoice-step4/node_modules/next/dist/server/web/globals.js.map'
npm warn tar TAR_ENTRY_ERROR ENOENT: no such file or directory, lstat '/mnt/data/pickinvoice/pickinvoice-step4/node_modules/next/dist/client/components/react-dev-overlay'
npm warn tar TAR_ENTRY_ERROR ENOENT: no such file or directory, lstat '/mnt/data/pickinvoice/pickinvoice-step4/node_modules/next/dist/esm/client/components/react-dev-overlay'
npm warn tar TAR_ENTRY_ERROR ENOENT: no such file or directory, open '/mnt/data/pickinvoice/pickinvoice-step4/node_modules/next/dist/client/components/react-dev-overlay/internal/container/RuntimeError/GroupedStackFrames.js.map'
npm warn tar TAR_ENTRY_ERROR ENOENT: no such file or directory, open '/mnt/data/pickinvoice/pickinvoice-step4/node_modules/next/dist/esm/client/components/react-dev-overlay/internal/container/RuntimeError/GroupedStackFrames.js.map'
npm warn tar TAR_ENTRY_ERROR ENOENT: no such file or directory, open '/mnt/data/pickinvoice/pickinvoice-step4/node_modules/next/dist/build/handle-externals.js.map'
npm warn tar TAR_ENTRY_ERROR ENOENT: no such file or directory, open '/mnt/data/pickinvoice/pickinvoice-step4/node_modules/next/dist/esm/build/handle-externals.js.map'
npm warn tar TAR_ENTRY_ERROR ENOENT: no such file or directory, open '/mnt/data/pickinvoice/pickinvoice-step4/node_modules/next/dist/client/components/router-reducer/handle-mutable.js.map'
npm warn tar TAR_ENTRY_ERROR ENOENT: no such file or directory, open '/mnt/data/pickinvoice/pickinvoice-step4/node_modules/next/dist/esm/client/components/router-reducer/handle-mutable.js.map'
npm warn tar TAR_ENTRY_ERROR ENOENT: no such file or directory, open '/mnt/data/pickinvoice/pickinvoice-step4/node_modules/next/dist/client/components/router-reducer/handle-segment-mismatch.js.map'
npm warn tar TAR_ENTRY_ERROR ENOENT: no such file or directory, open '/mnt/data/pickinvoice/pickinvoice-step4/node_modules/next/dist/esm/client/components/router-reducer/handle-segment-mismatch.js.map'
npm warn tar TAR_ENTRY_ERROR ENOENT: no such file or directory, open '/mnt/data/pickinvoice/pickinvoice-step4/node_modules/next/dist/esm/shared/lib/router/utils/handle-smooth-scroll.js.map'
npm warn tar TAR_ENTRY_ERROR ENOENT: no such file or directory, open '/mnt/data/pickinvoice/pickinvoice-step4/node_modules/next/dist/shared/lib/router/utils/handle-smooth-scroll.js.map'
npm warn tar TAR_ENTRY_ERROR ENOENT: no such file or directory, open '/mnt/data/pickinvoice/pickinvoice-step4/node_modules/next/dist/client/has-base-path.js.map'
npm warn tar TAR_ENTRY_ERROR ENOENT: no such file or directory, open '/mnt/data/pickinvoice/pickinvoice-step4/node_modules/next/dist/esm/client/has-base-path.js.map'
npm warn tar TAR_ENTRY_ERROR ENOENT: no such file or directory, lstat '/mnt/data/pickinvoice/pickinvoice-step4/node_modules/next/dist/client/components/router-reducer/reducers'
npm warn tar TAR_ENTRY_ERROR ENOENT: no such file or directory, lstat '/mnt/data/pickinvoice/pickinvoice-step4/node_modules/next/dist/esm/client/components/router-reducer/reducers'
npm warn tar TAR_ENTRY_ERROR ENOENT: no such file or directory, open '/mnt/data/pickinvoice/pickinvoice-step4/node_modules/next/dist/esm/server/app-render/has-loading-component-in-tree.js.map'
npm warn tar TAR_ENTRY_ERROR ENOENT: no such file or directory, open '/mnt/data/pickinvoice/pickinvoice-step4/node_modules/next/dist/server/app-render/has-loading-component-in-tree.js.map'
npm warn tar TAR_ENTRY_ERROR ENOENT: no such file or directory, open '/mnt/data/pickinvoice/pickinvoice-step4/node_modules/next/dist/esm/lib/has-necessary-dependencies.js.map'
npm warn tar TAR_ENTRY_ERROR ENOENT: no such file or directory, open '/mnt/data/pickinvoice/pickinvoice-step4/node_modules/next/dist/lib/has-necessary-dependencies.js.map'
npm warn tar TAR_ENTRY_ERROR ENOENT: no such file or directory, lstat '/mnt/data/pickinvoice/pickinvoice-step4/node_modules/next/dist/esm/lib/eslint'
npm warn tar TAR_ENTRY_ERROR ENOENT: no such file or directory, lstat '/mnt/data/pickinvoice/pickinvoice-step4/node_modules/next/dist/lib/eslint'
npm warn tar TAR_ENTRY_ERROR ENOENT: no such file or directory, open '/mnt/data/pickinvoice/pickinvoice-step4/node_modules/next/dist/esm/shared/lib/hash.js.map'
npm warn tar TAR_ENTRY_ERROR ENOENT: no such file or directory, open '/mnt/data/pickinvoice/pickinvoice-step4/node_modules/next/dist/shared/lib/hash.js.map'
npm warn tar TAR_ENTRY_ERROR ENOENT: no such file or directory, open '/mnt/data/pickinvoice/pickinvoice-step4/node_modules/next/dist/esm/server/future/route-modules/app-page/vendored/contexts/head-manager-context.js.map'
npm warn tar TAR_ENTRY_ERROR ENOENT: no such file or directory, open '/mnt/data/pickinvoice/pickinvoice-step4/node_modules/next/dist/esm/server/future/route-modules/pages/vendored/contexts/head-manager-context.js.map'
npm warn tar TAR_ENTRY_ERROR ENOENT: no such file or directory, open '/mnt/data/pickinvoice/pickinvoice-step4/node_modules/next/dist/server/future/route-modules/app-page/vendored/contexts/head-manager-context.js.map'
npm warn tar TAR_ENTRY_ERROR ENOENT: no such file or directory, open '/mnt/data/pickinvoice/pickinvoice-step4/node_modules/next/dist/server/future/route-modules/pages/vendored/contexts/head-manager-context.js.map'
npm warn tar TAR_ENTRY_ERROR ENOENT: no such file or directory, open '/mnt/data/pickinvoice/pickinvoice-step4/node_modules/next/dist/esm/shared/lib/head-manager-context.shared-runtime.js.map'
npm warn tar TAR_ENTRY_ERROR ENOENT: no such file or directory, open '/mnt/data/pickinvoice/pickinvoice-step4/node_modules/next/dist/shared/lib/head-manager-context.shared-runtime.js.map'
npm warn tar TAR_ENTRY_ERROR ENOENT: no such file or directory, open '/mnt/data/pickinvoice/pickinvoice-step4/node_modules/next/dist/client/head-manager.js.map'
npm warn tar TAR_ENTRY_ERROR ENOENT: no such file or directory, open '/mnt/data/pickinvoice/pickinvoice-step4/node_modules/next/dist/esm/client/head-manager.js.map'
npm warn tar TAR_ENTRY_ERROR ENOENT: no such file or directory, open '/mnt/data/pickinvoice/pickinvoice-step4/node_modules/next/dist/api/head.js.map'
npm warn tar TAR_ENTRY_ERROR ENOENT: no such file or directory, open '/mnt/data/pickinvoice/pickinvoice-step4/node_modules/next/dist/esm/api/head.js.map'
npm warn tar TAR_ENTRY_ERROR ENOENT: no such file or directory, open '/mnt/data/pickinvoice/pickinvoice-step4/node_modules/next/dist/esm/shared/lib/head.js.map'
npm warn tar TAR_ENTRY_ERROR ENOENT: no such file or directory, open '/mnt/data/pickinvoice/pickinvoice-step4/node_modules/next/dist/shared/lib/head.js.map'
npm warn tar TAR_ENTRY_ERROR ENOENT: no such file or directory, open '/mnt/data/pickinvoice/pickinvoice-step4/node_modules/next/dist/api/headers.js.map'
npm warn tar TAR_ENTRY_ERROR ENOENT: no such file or directory, open '/mnt/data/pickinvoice/pickinvoice-step4/node_modules/next/dist/client/components/headers.js.map'
npm warn tar TAR_ENTRY_ERROR ENOENT: no such file or directory, open '/mnt/data/pickinvoice/pickinvoice-step4/node_modules/next/dist/esm/api/headers.js.map'
npm warn tar TAR_ENTRY_ERROR ENOENT: no such file or directory, open '/mnt/data/pickinvoice/pickinvoice-step4/node_modules/next/dist/esm/client/components/headers.js.map'
npm warn tar TAR_ENTRY_ERROR ENOENT: no such file or directory, lstat '/mnt/data/pickinvoice/pickinvoice-step4/node_modules/next/dist/esm/server/web/spec-extension/adapters'
npm warn tar TAR_ENTRY_ERROR ENOENT: no such file or directory, lstat '/mnt/data/pickinvoice/pickinvoice-step4/node_modules/next/dist/server/web/spec-extension/adapters'
npm warn tar TAR_ENTRY_ERROR ENOENT: no such file or directory, lstat '/mnt/data/pickinvoice/pickinvoice-step4/node_modules/next/dist/build/swc'
npm warn tar TAR_ENTRY_ERROR ENOENT: no such file or directory, open '/mnt/data/pickinvoice/pickinvoice-step4/node_modules/next/dist/build/templates/helpers.js.map'
npm warn tar TAR_ENTRY_ERROR ENOENT: no such file or directory, lstat '/mnt/data/pickinvoice/pickinvoice-step4/node_modules/next/dist/build/turborepo-access-trace'
npm warn tar TAR_ENTRY_ERROR ENOENT: no such file or directory, lstat '/mnt/data/pickinvoice/pickinvoice-step4/node_modules/next/dist/build/webpack'
npm warn tar TAR_ENTRY_ERROR ENOENT: no such file or directory, lstat '/mnt/data/pickinvoice/pickinvoice-step4/node_modules/next/dist/esm/build/swc'
npm warn tar TAR_ENTRY_ERROR ENOENT: no such file or directory, open '/mnt/data/pickinvoice/pickinvoice-step4/node_modules/next/dist/esm/build/templates/helpers.js.map'
npm warn tar TAR_ENTRY_ERROR ENOENT: no such file or directory, lstat '/mnt/data/pickinvoice/pickinvoice-step4/node_modules/next/dist/esm/build/turborepo-access-trace'
npm warn tar TAR_ENTRY_ERROR ENOENT: no such file or directory, lstat '/mnt/data/pickinvoice/pickinvoice-step4/node_modules/next/dist/esm/build/webpack'
npm warn tar TAR_ENTRY_ERROR ENOENT: no such file or directory, open '/mnt/data/pickinvoice/pickinvoice-step4/node_modules/next/dist/esm/server/future/route-modules/app-page/vendored/contexts/hooks-client-context.js.map'
npm warn tar TAR_ENTRY_ERROR ENOENT: no such file or directory, open '/mnt/data/pickinvoice/pickinvoice-step4/node_modules/next/dist/esm/server/future/route-modules/pages/vendored/contexts/hooks-client-context.js.map'
npm warn tar TAR_ENTRY_ERROR ENOENT: no such file or directory, open '/mnt/data/pickinvoice/pickinvoice-step4/node_modules/next/dist/server/future/route-modules/app-page/vendored/contexts/hooks-client-context.js.map'
npm warn tar TAR_ENTRY_ERROR ENOENT: no such file or directory, open '/mnt/data/pickinvoice/pickinvoice-step4/node_modules/next/dist/server/future/route-modules/pages/vendored/contexts/hooks-client-context.js.map'
npm warn tar TAR_ENTRY_ERROR ENOENT: no such file or directory, open '/mnt/data/pickinvoice/pickinvoice-step4/node_modules/next/dist/esm/shared/lib/hooks-client-context.shared-runtime.js.map'
npm warn tar TAR_ENTRY_ERROR ENOENT: no such file or directory, open '/mnt/data/pickinvoice/pickinvoice-step4/node_modules/next/dist/shared/lib/hooks-client-context.shared-runtime.js.map'
npm warn tar TAR_ENTRY_ERROR ENOENT: no such file or directory, open '/mnt/data/pickinvoice/pickinvoice-step4/node_modules/next/dist/client/components/hooks-server-context.js.map'
npm warn tar TAR_ENTRY_ERROR ENOENT: no such file or directory, open '/mnt/data/pickinvoice/pickinvoice-step4/node_modules/next/dist/esm/client/components/hooks-server-context.js.map'
npm warn tar TAR_ENTRY_ERROR ENOENT: no such file or directory, open '/mnt/data/pickinvoice/pickinvoice-step4/node_modules/next/dist/client/dev/hot-middleware-client.js.map'
npm warn tar TAR_ENTRY_ERROR ENOENT: no such file or directory, open '/mnt/data/pickinvoice/pickinvoice-step4/node_modules/next/dist/esm/client/dev/hot-middleware-client.js.map'
npm warn tar TAR_ENTRY_ERROR ENOENT: no such file or directory, lstat '/mnt/data/pickinvoice/pickinvoice-step4/node_modules/next/dist/esm/server/dev'
npm warn tar TAR_ENTRY_ERROR ENOENT: no such file or directory, lstat '/mnt/data/pickinvoice/pickinvoice-step4/node_modules/next/dist/server/dev'
npm warn tar TAR_ENTRY_ERROR ENOENT: no such file or directory, lstat '/mnt/data/pickinvoice/pickinvoice-step4/node_modules/next/dist/client/components/react-dev-overlay'
npm warn tar TAR_ENTRY_ERROR ENOENT: no such file or directory, open '/mnt/data/pickinvoice/pickinvoice-step4/node_modules/next/dist/client/components/react-dev-overlay/pages/hot-reloader-client.js.map'
npm warn tar TAR_ENTRY_ERROR ENOENT: no such file or directory, lstat '/mnt/data/pickinvoice/pickinvoice-step4/node_modules/next/dist/esm/client/components/react-dev-overlay'
npm warn tar TAR_ENTRY_ERROR ENOENT: no such file or directory, open '/mnt/data/pickinvoice/pickinvoice-step4/node_modules/next/dist/esm/client/components/react-dev-overlay/pages/hot-reloader-client.js.map'
npm warn tar TAR_ENTRY_ERROR ENOENT: no such file or directory, lstat '/mnt/data/pickinvoice/pickinvoice-step4/node_modules/next/dist/esm/server/dev'
npm warn tar TAR_ENTRY_ERROR ENOENT: no such file or directory, lstat '/mnt/data/pickinvoice/pickinvoice-step4/node_modules/next/dist/server/dev'
npm warn tar TAR_ENTRY_ERROR ENOENT: no such file or directory, lstat '/mnt/data/pickinvoice/pickinvoice-step4/node_modules/next/dist/esm/server/dev'
npm warn tar TAR_ENTRY_ERROR ENOENT: no such file or directory, lstat '/mnt/data/pickinvoice/pickinvoice-step4/node_modules/next/dist/server/dev'
npm warn tar TAR_ENTRY_ERROR ENOENT: no such file or directory, lstat '/mnt/data/pickinvoice/pickinvoice-step4/node_modules/next/dist/esm/server/dev'
npm warn tar TAR_ENTRY_ERROR ENOENT: no such file or directory, lstat '/mnt/data/pickinvoice/pickinvoice-step4/node_modules/next/dist/server/dev'
npm warn tar TAR_ENTRY_ERROR ENOENT: no such file or directory, open '/mnt/data/pickinvoice/pickinvoice-step4/node_modules/next/dist/esm/server/future/route-modules/app-page/vendored/contexts/html-context.js.map'
npm warn tar TAR_ENTRY_ERROR ENOENT: no such file or directory, open '/mnt/data/pickinvoice/pickinvoice-step4/node_modules/next/dist/esm/server/future/route-modules/pages/vendored/contexts/html-context.js.map'
npm warn tar TAR_ENTRY_ERROR ENOENT: no such file or directory, open '/mnt/data/pickinvoice/pickinvoice-step4/node_modules/next/dist/server/future/route-modules/app-page/vendored/contexts/html-context.js.map'
npm warn tar TAR_ENTRY_ERROR ENOENT: no such file or directory, open '/mnt/data/pickinvoice/pickinvoice-step4/node_modules/next/dist/server/future/route-modules/pages/vendored/contexts/html-context.js.map'
npm warn tar TAR_ENTRY_ERROR ENOENT: no such file or directory, open '/mnt/data/pickinvoice/pickinvoice-step4/node_modules/next/dist/esm/shared/lib/html-context.shared-runtime.js.map'
npm warn tar TAR_ENTRY_ERROR ENOENT: no such file or directory, open '/mnt/data/pickinvoice/pickinvoice-step4/node_modules/next/dist/shared/lib/html-context.shared-runtime.js.map'
npm warn tar TAR_ENTRY_ERROR ENOENT: no such file or directory, open '/mnt/data/pickinvoice/pickinvoice-step4/node_modules/next/dist/esm/server/htmlescape.js.map'
npm warn tar TAR_ENTRY_ERROR ENOENT: no such file or directory, open '/mnt/data/pickinvoice/pickinvoice-step4/node_modules/next/dist/server/htmlescape.js.map'
npm warn tar TAR_ENTRY_ERROR ENOENT: no such file or directory, open '/mnt/data/pickinvoice/pickinvoice-step4/node_modules/next/dist/esm/server/web/http.js.map'
npm warn tar TAR_ENTRY_ERROR ENOENT: no such file or directory, open '/mnt/data/pickinvoice/pickinvoice-step4/node_modules/next/dist/server/web/http.js.map'
npm warn tar TAR_ENTRY_ERROR ENOENT: no such file or directory, open '/mnt/data/pickinvoice/pickinvoice-step4/node_modules/next/dist/experimental/testmode/httpget.js.map'
npm warn tar TAR_ENTRY_ERROR ENOENT: no such file or directory, lstat '/mnt/data/pickinvoice/pickinvoice-step4/node_modules/next/dist/client/components/react-dev-overlay'
npm warn tar TAR_ENTRY_ERROR ENOENT: no such file or directory, lstat '/mnt/data/pickinvoice/pickinvoice-step4/node_modules/next/dist/esm/client/components/react-dev-overlay'
npm warn tar TAR_ENTRY_ERROR ENOENT: no such file or directory, lstat '/mnt/data/pickinvoice/pickinvoice-step4/node_modules/next/dist/esm/server/future'
npm warn tar TAR_ENTRY_ERROR ENOENT: no such file or directory, lstat '/mnt/data/pickinvoice/pickinvoice-step4/node_modules/next/dist/server/future'
npm warn tar TAR_ENTRY_ERROR ENOENT: no such file or directory, open '/mnt/data/pickinvoice/pickinvoice-step4/node_modules/next/dist/esm/lib/metadata/generate/icons.js.map'
npm warn tar TAR_ENTRY_ERROR ENOENT: no such file or directory, open '/mnt/data/pickinvoice/pickinvoice-step4/node_modules/next/dist/esm/lib/metadata/types/icons.js.map'
npm warn tar TAR_ENTRY_ERROR ENOENT: no such file or directory, open '/mnt/data/pickinvoice/pickinvoice-step4/node_modules/next/dist/lib/metadata/generate/icons.js.map'
npm warn tar TAR_ENTRY_ERROR ENOENT: no such file or directory, open '/mnt/data/pickinvoice/pickinvoice-step4/node_modules/next/dist/lib/metadata/types/icons.js.map'
npm warn tar TAR_ENTRY_ERROR ENOENT: no such file or directory, open '/mnt/data/pickinvoice/pickinvoice-step4/node_modules/next/dist/esm/server/lib/squoosh/image_data.js.map'
npm warn tar TAR_ENTRY_ERROR ENOENT: no such file or directory, open '/mnt/data/pickinvoice/pickinvoice-step4/node_modules/next/dist/server/lib/squoosh/image_data.js.map'
npm warn tar TAR_ENTRY_ERROR ENOENT: no such file or directory, open '/mnt/data/pickinvoice/pickinvoice-step4/node_modules/next/dist/esm/shared/lib/image-blur-svg.js.map'
npm warn tar TAR_ENTRY_ERROR ENOENT: no such file or directory, open '/mnt/data/pickinvoice/pickinvoice-step4/node_modules/next/dist/shared/lib/image-blur-svg.js.map'
npm warn tar TAR_ENTRY_ERROR ENOENT: no such file or directory, open '/mnt/data/pickinvoice/pickinvoice-step4/node_modules/next/dist/client/image-component.js.map'
npm warn tar TAR_ENTRY_ERROR ENOENT: no such file or directory, open '/mnt/data/pickinvoice/pickinvoice-step4/node_modules/next/dist/esm/client/image-component.js.map'
npm warn tar TAR_ENTRY_ERROR ENOENT: no such file or directory, open '/mnt/data/pickinvoice/pickinvoice-step4/node_modules/next/dist/esm/server/future/route-modules/app-page/vendored/contexts/image-config-context.js.map'
npm warn tar TAR_ENTRY_ERROR ENOENT: no such file or directory, open '/mnt/data/pickinvoice/pickinvoice-step4/node_modules/next/dist/esm/server/future/route-modules/pages/vendored/contexts/image-config-context.js.map'
npm warn tar TAR_ENTRY_ERROR ENOENT: no such file or directory, open '/mnt/data/pickinvoice/pickinvoice-step4/node_modules/next/dist/server/future/route-modules/app-page/vendored/contexts/image-config-context.js.map'
npm warn tar TAR_ENTRY_ERROR ENOENT: no such file or directory, open '/mnt/data/pickinvoice/pickinvoice-step4/node_modules/next/dist/server/future/route-modules/pages/vendored/contexts/image-config-context.js.map'
npm warn tar TAR_ENTRY_ERROR ENOENT: no such file or directory, open '/mnt/data/pickinvoice/pickinvoice-step4/node_modules/next/dist/esm/shared/lib/image-config-context.shared-runtime.js.map'
npm warn tar TAR_ENTRY_ERROR ENOENT: no such file or directory, open '/mnt/data/pickinvoice/pickinvoice-step4/node_modules/next/dist/shared/lib/image-config-context.shared-runtime.js.map'
npm warn tar TAR_ENTRY_ERROR ENOENT: no such file or directory, open '/mnt/data/pickinvoice/pickinvoice-step4/node_modules/next/dist/esm/shared/lib/image-config.js.map'
npm warn tar TAR_ENTRY_ERROR ENOENT: no such file or directory, open '/mnt/data/pickinvoice/pickinvoice-step4/node_modules/next/dist/shared/lib/image-config.js.map'
npm warn tar TAR_ENTRY_ERROR ENOENT: no such file or directory, open '/mnt/data/pickinvoice/pickinvoice-step4/node_modules/next/dist/esm/shared/lib/image-external.js.map'
npm warn tar TAR_ENTRY_ERROR ENOENT: no such file or directory, open '/mnt/data/pickinvoice/pickinvoice-step4/node_modules/next/dist/shared/lib/image-external.js.map'
npm warn tar TAR_ENTRY_ERROR ENOENT: no such file or directory, open '/mnt/data/pickinvoice/pickinvoice-step4/node_modules/next/dist/esm/shared/lib/image-loader.js.map'
npm warn tar TAR_ENTRY_ERROR ENOENT: no such file or directory, open '/mnt/data/pickinvoice/pickinvoice-step4/node_modules/next/dist/shared/lib/image-loader.js.map'
npm warn tar TAR_ENTRY_ERROR ENOENT: no such file or directory, open '/mnt/data/pickinvoice/pickinvoice-step4/node_modules/next/dist/esm/server/image-optimizer.js.map'
npm warn tar TAR_ENTRY_ERROR ENOENT: no such file or directory, open '/mnt/data/pickinvoice/pickinvoice-step4/node_modules/next/dist/server/image-optimizer.js.map'
npm warn tar TAR_ENTRY_ERROR ENOENT: no such file or directory, lstat '/mnt/data/pickinvoice/pickinvoice-step4/node_modules/next/dist/esm/server/og'
npm warn tar TAR_ENTRY_ERROR ENOENT: no such file or directory, open '/mnt/data/pickinvoice/pickinvoice-step4/node_modules/next/dist/esm/server/web/spec-extension/image-response.js.map'
npm warn tar TAR_ENTRY_ERROR ENOENT: no such file or directory, lstat '/mnt/data/pickinvoice/pickinvoice-step4/node_modules/next/dist/server/og'
npm warn tar TAR_ENTRY_ERROR ENOENT: no such file or directory, open '/mnt/data/pickinvoice/pickinvoice-step4/node_modules/next/dist/server/web/spec-extension/image-response.js.map'
npm warn tar TAR_ENTRY_ERROR ENOENT: no such file or directory, open '/mnt/data/pickinvoice/pickinvoice-step4/node_modules/next/dist/api/image.js.map'
npm warn tar TAR_ENTRY_ERROR ENOENT: no such file or directory, lstat '/mnt/data/pickinvoice/pickinvoice-step4/node_modules/next/dist/client/legacy'
npm warn tar TAR_ENTRY_ERROR ENOENT: no such file or directory, open '/mnt/data/pickinvoice/pickinvoice-step4/node_modules/next/dist/esm/api/image.js.map'
npm warn tar TAR_ENTRY_ERROR ENOENT: no such file or directory, lstat '/mnt/data/pickinvoice/pickinvoice-step4/node_modules/next/dist/esm/client/legacy'
npm warn tar TAR_ENTRY_ERROR ENOENT: no such file or directory, lstat '/mnt/data/pickinvoice/pickinvoice-step4/node_modules/next/dist/build/webpack-build'
npm warn tar TAR_ENTRY_ERROR ENOENT: no such file or directory, lstat '/mnt/data/pickinvoice/pickinvoice-step4/node_modules/next/dist/esm/build/webpack-build'
npm warn tar TAR_ENTRY_ERROR ENOENT: no such file or directory, open '/mnt/data/pickinvoice/pickinvoice-step4/node_modules/next/dist/esm/server/lib/squoosh/impl.js.map'
npm warn tar TAR_ENTRY_ERROR ENOENT: no such file or directory, open '/mnt/data/pickinvoice/pickinvoice-step4/node_modules/next/dist/server/lib/squoosh/impl.js.map'
npm warn tar TAR_ENTRY_ERROR ENOENT: no such file or directory, open '/mnt/data/pickinvoice/pickinvoice-step4/node_modules/next/dist/build/polyfills/object.assign/implementation.js.map'
npm warn tar TAR_ENTRY_ERROR ENOENT: no such file or directory, open '/mnt/data/pickinvoice/pickinvoice-step4/node_modules/next/dist/esm/build/polyfills/object.assign/implementation.js.map'
npm warn tar TAR_ENTRY_ERROR ENOENT: no such file or directory, open '/mnt/data/pickinvoice/pickinvoice-step4/node_modules/next/dist/esm/lib/import-next-warning.js.map'
npm warn tar TAR_ENTRY_ERROR ENOENT: no such file or directory, open '/mnt/data/pickinvoice/pickinvoice-step4/node_modules/next/dist/lib/import-next-warning.js.map'
npm warn tar TAR_ENTRY_ERROR ENOENT: no such file or directory, open '/mnt/data/pickinvoice/pickinvoice-step4/node_modules/next/dist/esm/server/lib/incremental-cache-server.js.map'
npm warn tar TAR_ENTRY_ERROR ENOENT: no such file or directory, open '/mnt/data/pickinvoice/pickinvoice-step4/node_modules/next/dist/server/lib/incremental-cache-server.js.map'
npm warn tar TAR_ENTRY_ERROR ENOENT: no such file or directory, lstat '/mnt/data/pickinvoice/pickinvoice-step4/node_modules/next/dist/build/babel'
npm warn tar TAR_ENTRY_ERROR ENOENT: no such file or directory, open '/mnt/data/pickinvoice/pickinvoice-step4/node_modules/next/dist/build/index.js.map'
npm warn tar TAR_ENTRY_ERROR ENOENT: no such file or directory, lstat '/mnt/data/pickinvoice/pickinvoice-step4/node_modules/next/dist/build/output'
npm warn tar TAR_ENTRY_ERROR ENOENT: no such file or directory, lstat '/mnt/data/pickinvoice/pickinvoice-step4/node_modules/next/dist/build/polyfills'
npm warn tar TAR_ENTRY_ERROR ENOENT: no such file or directory, open '/mnt/data/pickinvoice/pickinvoice-step4/node_modules/next/dist/build/polyfills/object.assign/index.js.map'
npm warn tar TAR_ENTRY_ERROR ENOENT: no such file or directory, lstat '/mnt/data/pickinvoice/pickinvoice-step4/node_modules/next/dist/build/swc'
npm warn tar TAR_ENTRY_ERROR ENOENT: no such file or directory, lstat '/mnt/data/pickinvoice/pickinvoice-step4/node_modules/next/dist/build/turborepo-access-trace'
npm warn tar TAR_ENTRY_ERROR ENOENT: no such file or directory, lstat '/mnt/data/pickinvoice/pickinvoice-step4/node_modules/next/dist/build/webpack-build'
npm warn tar TAR_ENTRY_ERROR ENOENT: no such file or directory, lstat '/mnt/data/pickinvoice/pickinvoice-step4/node_modules/next/dist/build/webpack'
npm warn tar TAR_ENTRY_ERROR ENOENT: no such file or directory, open '/mnt/data/pickinvoice/pickinvoice-step4/node_modules/next/dist/build/webpack/config/blocks/css/loaders/index.js.map'
npm warn tar TAR_ENTRY_ERROR ENOENT: no such file or directory, lstat '/mnt/data/pickinvoice/pickinvoice-step4/node_modules/next/dist/build/webpack'
npm warn tar TAR_ENTRY_ERROR ENOENT: no such file or directory, lstat '/mnt/data/pickinvoice/pickinvoice-step4/node_modules/next/dist/build/webpack'
npm warn tar TAR_ENTRY_ERROR ENOENT: no such file or directory, open '/mnt/data/pickinvoice/pickinvoice-step4/node_modules/next/dist/build/webpack/loaders/css-loader/src/index.js.map'
npm warn tar TAR_ENTRY_ERROR ENOENT: no such file or directory, lstat '/mnt/data/pickinvoice/pickinvoice-step4/node_modules/next/dist/build/webpack'
npm warn tar TAR_ENTRY_ERROR ENOENT: no such file or directory, open '/mnt/data/pickinvoice/pickinvoice-step4/node_modules/next/dist/build/webpack/loaders/lightningcss-loader/src/index.js.map'
npm warn tar TAR_ENTRY_ERROR ENOENT: no such file or directory, lstat '/mnt/data/pickinvoice/pickinvoice-step4/node_modules/next/dist/build/webpack'
npm warn tar TAR_ENTRY_ERROR ENOENT: no such file or directory, lstat '/mnt/data/pickinvoice/pickinvoice-step4/node_modules/next/dist/build/webpack'
npm warn tar TAR_ENTRY_ERROR ENOENT: no such file or directory, open '/mnt/data/pickinvoice/pickinvoice-step4/node_modules/next/dist/build/webpack/loaders/next-flight-loader/index.js.map'
npm warn tar TAR_ENTRY_ERROR ENOENT: no such file or directory, lstat '/mnt/data/pickinvoice/pickinvoice-step4/node_modules/next/dist/build/webpack'
npm warn tar TAR_ENTRY_ERROR ENOENT: no such file or directory, open '/mnt/data/pickinvoice/pickinvoice-step4/node_modules/next/dist/build/webpack/loaders/next-image-loader/index.js.map'
npm warn tar TAR_ENTRY_ERROR ENOENT: no such file or directory, lstat '/mnt/data/pickinvoice/pickinvoice-step4/node_modules/next/dist/build/webpack'
npm warn tar TAR_ENTRY_ERROR ENOENT: no such file or directory, lstat '/mnt/data/pickinvoice/pickinvoice-step4/node_modules/next/dist/build/webpack'
npm warn tar TAR_ENTRY_ERROR ENOENT: no such file or directory, lstat '/mnt/data/pickinvoice/pickinvoice-step4/node_modules/next/dist/build/webpack'
npm warn tar TAR_ENTRY_ERROR ENOENT: no such file or directory, lstat '/mnt/data/pickinvoice/pickinvoice-step4/node_modules/next/dist/build/webpack'
npm warn tar TAR_ENTRY_ERROR ENOENT: no such file or directory, lstat '/mnt/data/pickinvoice/pickinvoice-step4/node_modules/next/dist/build/webpack'
npm warn tar TAR_ENTRY_ERROR ENOENT: no such file or directory, lstat '/mnt/data/pickinvoice/pickinvoice-step4/node_modules/next/dist/build/webpack'
npm warn tar TAR_ENTRY_ERROR ENOENT: no such file or directory, lstat '/mnt/data/pickinvoice/pickinvoice-step4/node_modules/next/dist/build/webpack'
npm warn tar TAR_ENTRY_ERROR ENOENT: no such file or directory, open '/mnt/data/pickinvoice/pickinvoice-step4/node_modules/next/dist/client/components/react-dev-overlay/internal/components/CodeFrame/index.js.map'
npm warn tar TAR_ENTRY_ERROR ENOENT: no such file or directory, lstat '/mnt/data/pickinvoice/pickinvoice-step4/node_modules/next/dist/client/components/react-dev-overlay'
npm warn tar TAR_ENTRY_ERROR ENOENT: no such file or directory, lstat '/mnt/data/pickinvoice/pickinvoice-step4/node_modules/next/dist/client/components/react-dev-overlay'
npm warn tar TAR_ENTRY_ERROR ENOENT: no such file or directory, lstat '/mnt/data/pickinvoice/pickinvoice-step4/node_modules/next/dist/client/components/react-dev-overlay'
npm warn tar TAR_ENTRY_ERROR ENOENT: no such file or directory, open '/mnt/data/pickinvoice/pickinvoice-step4/node_modules/next/dist/client/components/react-dev-overlay/internal/components/Overlay/index.js.map'
npm warn tar TAR_ENTRY_ERROR ENOENT: no such file or directory, lstat '/mnt/data/pickinvoice/pickinvoice-step4/node_modules/next/dist/client/components/react-dev-overlay'
npm warn tar TAR_ENTRY_ERROR ENOENT: no such file or directory, lstat '/mnt/data/pickinvoice/pickinvoice-step4/node_modules/next/dist/client/components/react-dev-overlay'
npm warn tar TAR_ENTRY_ERROR ENOENT: no such file or directory, lstat '/mnt/data/pickinvoice/pickinvoice-step4/node_modules/next/dist/client/components/react-dev-overlay'
npm warn tar TAR_ENTRY_ERROR ENOENT: no such file or directory, open '/mnt/data/pickinvoice/pickinvoice-step4/node_modules/next/dist/client/components/react-dev-overlay/internal/container/RuntimeError/index.js.map'
npm warn tar TAR_ENTRY_ERROR ENOENT: no such file or directory, open '/mnt/data/pickinvoice/pickinvoice-step4/node_modules/next/dist/client/index.js.map'
npm warn tar TAR_ENTRY_ERROR ENOENT: no such file or directory, lstat '/mnt/data/pickinvoice/pickinvoice-step4/node_modules/next/dist/client/portal'
npm warn tar TAR_ENTRY_ERROR ENOENT: no such file or directory, lstat '/mnt/data/pickinvoice/pickinvoice-step4/node_modules/next/dist/esm/build/babel'
npm warn tar TAR_ENTRY_ERROR ENOENT: no such file or directory, open '/mnt/data/pickinvoice/pickinvoice-step4/node_modules/next/dist/esm/build/index.js.map'
npm warn tar TAR_ENTRY_ERROR ENOENT: no such file or directory, lstat '/mnt/data/pickinvoice/pickinvoice-step4/node_modules/next/dist/esm/build/output'
npm warn tar TAR_ENTRY_ERROR ENOENT: no such file or directory, lstat '/mnt/data/pickinvoice/pickinvoice-step4/node_modules/next/dist/esm/build/polyfills'
npm warn tar TAR_ENTRY_ERROR ENOENT: no such file or directory, open '/mnt/data/pickinvoice/pickinvoice-step4/node_modules/next/dist/esm/build/polyfills/object.assign/index.js.map'
npm warn tar TAR_ENTRY_ERROR ENOENT: no such file or directory, lstat '/mnt/data/pickinvoice/pickinvoice-step4/node_modules/next/dist/esm/build/swc'
npm warn tar TAR_ENTRY_ERROR ENOENT: no such file or directory, lstat '/mnt/data/pickinvoice/pickinvoice-step4/node_modules/next/dist/esm/build/turborepo-access-trace'
npm warn tar TAR_ENTRY_ERROR ENOENT: no such file or directory, lstat '/mnt/data/pickinvoice/pickinvoice-step4/node_modules/next/dist/esm/build/webpack-build'
npm warn tar TAR_ENTRY_ERROR ENOENT: no such file or directory, lstat '/mnt/data/pickinvoice/pickinvoice-step4/node_modules/next/dist/esm/build/webpack'
npm warn tar TAR_ENTRY_ERROR ENOENT: no such file or directory, open '/mnt/data/pickinvoice/pickinvoice-step4/node_modules/next/dist/esm/build/webpack/config/blocks/css/loaders/index.js.map'
npm warn tar TAR_ENTRY_ERROR ENOENT: no such file or directory, lstat '/mnt/data/pickinvoice/pickinvoice-step4/node_modules/next/dist/esm/build/webpack'
npm warn tar TAR_ENTRY_ERROR ENOENT: no such file or directory, lstat '/mnt/data/pickinvoice/pickinvoice-step4/node_modules/next/dist/esm/build/webpack'
npm warn tar TAR_ENTRY_ERROR ENOENT: no such file or directory, open '/mnt/data/pickinvoice/pickinvoice-step4/node_modules/next/dist/esm/build/webpack/loaders/css-loader/src/index.js.map'
npm warn tar TAR_ENTRY_ERROR ENOENT: no such file or directory, lstat '/mnt/data/pickinvoice/pickinvoice-step4/node_modules/next/dist/esm/build/webpack'
npm warn tar TAR_ENTRY_ERROR ENOENT: no such file or directory, open '/mnt/data/pickinvoice/pickinvoice-step4/node_modules/next/dist/esm/build/webpack/loaders/lightningcss-loader/src/index.js.map'
npm warn tar TAR_ENTRY_ERROR ENOENT: no such file or directory, lstat '/mnt/data/pickinvoice/pickinvoice-step4/node_modules/next/dist/esm/build/webpack'
npm warn tar TAR_ENTRY_ERROR ENOENT: no such file or directory, lstat '/mnt/data/pickinvoice/pickinvoice-step4/node_modules/next/dist/esm/build/webpack'
npm warn tar TAR_ENTRY_ERROR ENOENT: no such file or directory, open '/mnt/data/pickinvoice/pickinvoice-step4/node_modules/next/dist/esm/build/webpack/loaders/next-flight-loader/index.js.map'
npm warn tar TAR_ENTRY_ERROR ENOENT: no such file or directory, lstat '/mnt/data/pickinvoice/pickinvoice-step4/node_modules/next/dist/esm/build/webpack'
npm warn tar TAR_ENTRY_ERROR ENOENT: no such file or directory, open '/mnt/data/pickinvoice/pickinvoice-step4/node_modules/next/dist/esm/build/webpack/loaders/next-image-loader/index.js.map'
npm warn tar TAR_ENTRY_ERROR ENOENT: no such file or directory, lstat '/mnt/data/pickinvoice/pickinvoice-step4/node_modules/next/dist/esm/build/webpack'
npm warn tar TAR_ENTRY_ERROR ENOENT: no such file or directory, lstat '/mnt/data/pickinvoice/pickinvoice-step4/node_modules/next/dist/esm/build/webpack'
npm warn tar TAR_ENTRY_ERROR ENOENT: no such file or directory, lstat '/mnt/data/pickinvoice/pickinvoice-step4/node_modules/next/dist/esm/build/webpack'
npm warn tar TAR_ENTRY_ERROR ENOENT: no such file or directory, lstat '/mnt/data/pickinvoice/pickinvoice-step4/node_modules/next/dist/esm/build/webpack'
npm warn tar TAR_ENTRY_ERROR ENOENT: no such file or directory, lstat '/mnt/data/pickinvoice/pickinvoice-step4/node_modules/next/dist/esm/build/webpack'
npm warn tar TAR_ENTRY_ERROR ENOENT: no such file or directory, lstat '/mnt/data/pickinvoice/pickinvoice-step4/node_modules/next/dist/esm/build/webpack'
npm warn tar TAR_ENTRY_ERROR ENOENT: no such file or directory, lstat '/mnt/data/pickinvoice/pickinvoice-step4/node_modules/next/dist/esm/build/webpack'
npm warn tar TAR_ENTRY_ERROR ENOENT: no such file or directory, open '/mnt/data/pickinvoice/pickinvoice-step4/node_modules/next/dist/esm/client/components/react-dev-overlay/internal/components/CodeFrame/index.js.map'
npm warn tar TAR_ENTRY_ERROR ENOENT: no such file or directory, lstat '/mnt/data/pickinvoice/pickinvoice-step4/node_modules/next/dist/esm/client/components/react-dev-overlay'
npm warn tar TAR_ENTRY_ERROR ENOENT: no such file or directory, lstat '/mnt/data/pickinvoice/pickinvoice-step4/node_modules/next/dist/esm/client/components/react-dev-overlay'
npm warn tar TAR_ENTRY_ERROR ENOENT: no such file or directory, lstat '/mnt/data/pickinvoice/pickinvoice-step4/node_modules/next/dist/esm/client/components/react-dev-overlay'
npm warn tar TAR_ENTRY_ERROR ENOENT: no such file or directory, open '/mnt/data/pickinvoice/pickinvoice-step4/node_modules/next/dist/esm/client/components/react-dev-overlay/internal/components/Overlay/index.js.map'
npm warn tar TAR_ENTRY_ERROR ENOENT: no such file or directory, lstat '/mnt/data/pickinvoice/pickinvoice-step4/node_modules/next/dist/esm/client/components/react-dev-overlay'
npm warn tar TAR_ENTRY_ERROR ENOENT: no such file or directory, lstat '/mnt/data/pickinvoice/pickinvoice-step4/node_modules/next/dist/esm/client/components/react-dev-overlay'
npm warn tar TAR_ENTRY_ERROR ENOENT: no such file or directory, lstat '/mnt/data/pickinvoice/pickinvoice-step4/node_modules/next/dist/esm/client/components/react-dev-overlay'
npm warn tar TAR_ENTRY_ERROR ENOENT: no such file or directory, open '/mnt/data/pickinvoice/pickinvoice-step4/node_modules/next/dist/esm/client/components/react-dev-overlay/internal/container/RuntimeError/index.js.map'
npm warn tar TAR_ENTRY_ERROR ENOENT: no such file or directory, open '/mnt/data/pickinvoice/pickinvoice-step4/node_modules/next/dist/esm/client/index.js.map'
npm warn tar TAR_ENTRY_ERROR ENOENT: no such file or directory, lstat '/mnt/data/pickinvoice/pickinvoice-step4/node_modules/next/dist/esm/client/portal'
npm warn tar TAR_ENTRY_ERROR ENOENT: no such file or directory, lstat '/mnt/data/pickinvoice/pickinvoice-step4/node_modules/next/dist/esm/server/api-utils'
npm warn tar TAR_ENTRY_ERROR ENOENT: no such file or directory, lstat '/mnt/data/pickinvoice/pickinvoice-step4/node_modules/next/dist/esm/server/base-http'
npm warn tar TAR_ENTRY_ERROR ENOENT: no such file or directory, open '/mnt/data/pickinvoice/pickinvoice-step4/node_modules/next/dist/esm/server/future/normalizers/built/app/index.js.map'
npm warn tar TAR_ENTRY_ERROR ENOENT: no such file or directory, lstat '/mnt/data/pickinvoice/pickinvoice-step4/node_modules/next/dist/esm/server/future'
npm warn tar TAR_ENTRY_ERROR ENOENT: no such file or directory, lstat '/mnt/data/pickinvoice/pickinvoice-step4/node_modules/next/dist/esm/server/lib/incremental-cache'
npm warn tar TAR_ENTRY_ERROR ENOENT: no such file or directory, lstat '/mnt/data/pickinvoice/pickinvoice-step4/node_modules/next/dist/esm/server/lib/server-ipc'
npm warn tar TAR_ENTRY_ERROR ENOENT: no such file or directory, lstat '/mnt/data/pickinvoice/pickinvoice-step4/node_modules/next/dist/esm/server/response-cache'
npm warn tar TAR_ENTRY_ERROR ENOENT: no such file or directory, open '/mnt/data/pickinvoice/pickinvoice-step4/node_modules/next/dist/esm/server/typescript/index.js.map'
npm warn tar TAR_ENTRY_ERROR ENOENT: no such file or directory, lstat '/mnt/data/pickinvoice/pickinvoice-step4/node_modules/next/dist/esm/server/web/exports'
npm warn tar TAR_ENTRY_ERROR ENOENT: no such file or directory, open '/mnt/data/pickinvoice/pickinvoice-step4/node_modules/next/dist/esm/server/web/sandbox/index.js.map'
npm warn tar TAR_ENTRY_ERROR ENOENT: no such file or directory, open '/mnt/data/pickinvoice/pickinvoice-step4/node_modules/next/dist/esm/shared/lib/router/utils/index.js.map'
npm warn tar TAR_ENTRY_ERROR ENOENT: no such file or directory, lstat '/mnt/data/pickinvoice/pickinvoice-step4/node_modules/next/dist/experimental/testmode/playwright'
npm warn tar TAR_ENTRY_ERROR ENOENT: no such file or directory, lstat '/mnt/data/pickinvoice/pickinvoice-step4/node_modules/next/dist/experimental/testmode/proxy'
npm warn tar TAR_ENTRY_ERROR ENOENT: no such file or directory, lstat '/mnt/data/pickinvoice/pickinvoice-step4/node_modules/next/dist/server/api-utils'
npm warn tar TAR_ENTRY_ERROR ENOENT: no such file or directory, lstat '/mnt/data/pickinvoice/pickinvoice-step4/node_modules/next/dist/server/base-http'
npm warn tar TAR_ENTRY_ERROR ENOENT: no such file or directory, open '/mnt/data/pickinvoice/pickinvoice-step4/node_modules/next/dist/server/future/normalizers/built/app/index.js.map'
npm warn tar TAR_ENTRY_ERROR ENOENT: no such file or directory, lstat '/mnt/data/pickinvoice/pickinvoice-step4/node_modules/next/dist/server/future'
npm warn tar TAR_ENTRY_ERROR ENOENT: no such file or directory, lstat '/mnt/data/pickinvoice/pickinvoice-step4/node_modules/next/dist/server/lib/incremental-cache'
npm warn tar TAR_ENTRY_ERROR ENOENT: no such file or directory, lstat '/mnt/data/pickinvoice/pickinvoice-step4/node_modules/next/dist/server/lib/server-ipc'
npm warn tar TAR_ENTRY_ERROR ENOENT: no such file or directory, lstat '/mnt/data/pickinvoice/pickinvoice-step4/node_modules/next/dist/server/response-cache'
npm warn tar TAR_ENTRY_ERROR ENOENT: no such file or directory, open '/mnt/data/pickinvoice/pickinvoice-step4/node_modules/next/dist/server/typescript/index.js.map'
npm warn tar TAR_ENTRY_ERROR ENOENT: no such file or directory, lstat '/mnt/data/pickinvoice/pickinvoice-step4/node_modules/next/dist/server/web/exports'
npm warn tar TAR_ENTRY_ERROR ENOENT: no such file or directory, open '/mnt/data/pickinvoice/pickinvoice-step4/node_modules/next/dist/server/web/sandbox/index.js.map'
npm warn tar TAR_ENTRY_ERROR ENOENT: no such file or directory, open '/mnt/data/pickinvoice/pickinvoice-step4/node_modules/next/dist/shared/lib/router/utils/index.js.map'
npm warn tar TAR_ENTRY_ERROR ENOENT: no such file or directory, open '/mnt/data/pickinvoice/pickinvoice-step4/node_modules/next/dist/telemetry/events/index.js.map'
npm warn tar TAR_ENTRY_ERROR ENOENT: no such file or directory, lstat '/mnt/data/pickinvoice/pickinvoice-step4/node_modules/next/dist/build/webpack'
npm warn tar TAR_ENTRY_ERROR ENOENT: no such file or directory, lstat '/mnt/data/pickinvoice/pickinvoice-step4/node_modules/next/dist/esm/build/webpack'
npm warn tar TAR_ENTRY_ERROR ENOENT: no such file or directory, lstat '/mnt/data/pickinvoice/pickinvoice-step4/node_modules/next/dist/build/webpack'
npm warn tar TAR_ENTRY_ERROR ENOENT: no such file or directory, lstat '/mnt/data/pickinvoice/pickinvoice-step4/node_modules/next/dist/esm/build/webpack'
npm warn tar TAR_ENTRY_ERROR ENOENT: no such file or directory, open '/mnt/data/pickinvoice/pickinvoice-step4/node_modules/next/dist/esm/lib/install-dependencies.js.map'
npm warn tar TAR_ENTRY_ERROR ENOENT: no such file or directory, open '/mnt/data/pickinvoice/pickinvoice-step4/node_modules/next/dist/lib/install-dependencies.js.map'
npm warn tar TAR_ENTRY_ERROR ENOENT: no such file or directory, lstat '/mnt/data/pickinvoice/pickinvoice-step4/node_modules/next/dist/esm/lib/helpers'
npm warn tar TAR_ENTRY_ERROR ENOENT: no such file or directory, lstat '/mnt/data/pickinvoice/pickinvoice-step4/node_modules/next/dist/lib/helpers'
npm warn tar TAR_ENTRY_ERROR ENOENT: no such file or directory, lstat '/mnt/data/pickinvoice/pickinvoice-step4/node_modules/next/dist/esm/server/future'
npm warn tar TAR_ENTRY_ERROR ENOENT: no such file or directory, lstat '/mnt/data/pickinvoice/pickinvoice-step4/node_modules/next/dist/server/future'
npm warn tar TAR_ENTRY_ERROR ENOENT: no such file or directory, open '/mnt/data/pickinvoice/pickinvoice-step4/node_modules/next/dist/build/webpack/loaders/lightningcss-loader/src/interface.js.map'
npm warn tar TAR_ENTRY_ERROR ENOENT: no such file or directory, open '/mnt/data/pickinvoice/pickinvoice-step4/node_modules/next/dist/esm/build/webpack/loaders/lightningcss-loader/src/interface.js.map'
npm warn tar TAR_ENTRY_ERROR ENOENT: no such file or directory, open '/mnt/data/pickinvoice/pickinvoice-step4/node_modules/next/dist/esm/server/web/internal-edge-wait-until.js.map'
npm warn tar TAR_ENTRY_ERROR ENOENT: no such file or directory, open '/mnt/data/pickinvoice/pickinvoice-step4/node_modules/next/dist/server/web/internal-edge-wait-until.js.map'
npm warn tar TAR_ENTRY_ERROR ENOENT: no such file or directory, open '/mnt/data/pickinvoice/pickinvoice-step4/node_modules/next/dist/esm/server/internal-utils.js.map'
npm warn tar TAR_ENTRY_ERROR ENOENT: no such file or directory, open '/mnt/data/pickinvoice/pickinvoice-step4/node_modules/next/dist/server/internal-utils.js.map'
npm warn tar TAR_ENTRY_ERROR ENOENT: no such file or directory, open '/mnt/data/pickinvoice/pickinvoice-step4/node_modules/next/dist/esm/lib/interop-default.js.map'
npm warn tar TAR_ENTRY_ERROR ENOENT: no such file or directory, open '/mnt/data/pickinvoice/pickinvoice-step4/node_modules/next/dist/esm/server/app-render/interop-default.js.map'
npm warn tar TAR_ENTRY_ERROR ENOENT: no such file or directory, open '/mnt/data/pickinvoice/pickinvoice-step4/node_modules/next/dist/lib/interop-default.js.map'
npm warn tar TAR_ENTRY_ERROR ENOENT: no such file or directory, open '/mnt/data/pickinvoice/pickinvoice-step4/node_modules/next/dist/server/app-render/interop-default.js.map'
npm warn tar TAR_ENTRY_ERROR ENOENT: no such file or directory, open '/mnt/data/pickinvoice/pickinvoice-step4/node_modules/next/dist/esm/shared/lib/router/utils/interpolate-as.js.map'
npm warn tar TAR_ENTRY_ERROR ENOENT: no such file or directory, open '/mnt/data/pickinvoice/pickinvoice-step4/node_modules/next/dist/shared/lib/router/utils/interpolate-as.js.map'
npm warn tar TAR_ENTRY_ERROR ENOENT: no such file or directory, open '/mnt/data/pickinvoice/pickinvoice-step4/node_modules/next/dist/client/components/router-reducer/invalidate-cache-below-flight-segmentpath.js.map'
npm warn tar TAR_ENTRY_ERROR ENOENT: no such file or directory, open '/mnt/data/pickinvoice/pickinvoice-step4/node_modules/next/dist/esm/client/components/router-reducer/invalidate-cache-below-flight-segmentpath.js.map'
npm warn tar TAR_ENTRY_ERROR ENOENT: no such file or directory, open '/mnt/data/pickinvoice/pickinvoice-step4/node_modules/next/dist/client/components/router-reducer/invalidate-cache-by-router-state.js.map'
npm warn tar TAR_ENTRY_ERROR ENOENT: no such file or directory, open '/mnt/data/pickinvoice/pickinvoice-step4/node_modules/next/dist/esm/client/components/router-reducer/invalidate-cache-by-router-state.js.map'
npm warn tar TAR_ENTRY_ERROR ENOENT: no such file or directory, lstat '/mnt/data/pickinvoice/pickinvoice-step4/node_modules/next/dist/esm/server/lib/server-ipc'
npm warn tar TAR_ENTRY_ERROR ENOENT: no such file or directory, lstat '/mnt/data/pickinvoice/pickinvoice-step4/node_modules/next/dist/server/lib/server-ipc'
npm warn tar TAR_ENTRY_ERROR ENOENT: no such file or directory, open '/mnt/data/pickinvoice/pickinvoice-step4/node_modules/next/dist/esm/lib/is-api-route.js.map'
npm warn tar TAR_ENTRY_ERROR ENOENT: no such file or directory, open '/mnt/data/pickinvoice/pickinvoice-step4/node_modules/next/dist/lib/is-api-route.js.map'
npm warn tar TAR_ENTRY_ERROR ENOENT: no such file or directory, open '/mnt/data/pickinvoice/pickinvoice-step4/node_modules/next/dist/esm/lib/is-app-page-route.js.map'
npm warn tar TAR_ENTRY_ERROR ENOENT: no such file or directory, open '/mnt/data/pickinvoice/pickinvoice-step4/node_modules/next/dist/lib/is-app-page-route.js.map'
npm warn tar TAR_ENTRY_ERROR ENOENT: no such file or directory, open '/mnt/data/pickinvoice/pickinvoice-step4/node_modules/next/dist/esm/lib/is-app-route-route.js.map'
npm warn tar TAR_ENTRY_ERROR ENOENT: no such file or directory, open '/mnt/data/pickinvoice/pickinvoice-step4/node_modules/next/dist/lib/is-app-route-route.js.map'
npm warn tar TAR_ENTRY_ERROR ENOENT: no such file or directory, open '/mnt/data/pickinvoice/pickinvoice-step4/node_modules/next/dist/esm/shared/lib/router/utils/is-bot.js.map'
npm warn tar TAR_ENTRY_ERROR ENOENT: no such file or directory, open '/mnt/data/pickinvoice/pickinvoice-step4/node_modules/next/dist/shared/lib/router/utils/is-bot.js.map'
npm warn tar TAR_ENTRY_ERROR ENOENT: no such file or directory, open '/mnt/data/pickinvoice/pickinvoice-step4/node_modules/next/dist/esm/export/helpers/is-dynamic-usage-error.js.map'
npm warn tar TAR_ENTRY_ERROR ENOENT: no such file or directory, open '/mnt/data/pickinvoice/pickinvoice-step4/node_modules/next/dist/export/helpers/is-dynamic-usage-error.js.map'
npm warn tar TAR_ENTRY_ERROR ENOENT: no such file or directory, open '/mnt/data/pickinvoice/pickinvoice-step4/node_modules/next/dist/esm/shared/lib/router/utils/is-dynamic.js.map'
npm warn tar TAR_ENTRY_ERROR ENOENT: no such file or directory, open '/mnt/data/pickinvoice/pickinvoice-step4/node_modules/next/dist/shared/lib/router/utils/is-dynamic.js.map'
npm warn tar TAR_ENTRY_ERROR ENOENT: no such file or directory, open '/mnt/data/pickinvoice/pickinvoice-step4/node_modules/next/dist/esm/lib/is-edge-runtime.js.map'
npm warn tar TAR_ENTRY_ERROR ENOENT: no such file or directory, open '/mnt/data/pickinvoice/pickinvoice-step4/node_modules/next/dist/lib/is-edge-runtime.js.map'
npm warn tar TAR_ENTRY_ERROR ENOENT: no such file or directory, open '/mnt/data/pickinvoice/pickinvoice-step4/node_modules/next/dist/esm/lib/is-error.js.map'
npm warn tar TAR_ENTRY_ERROR ENOENT: no such file or directory, open '/mnt/data/pickinvoice/pickinvoice-step4/node_modules/next/dist/lib/is-error.js.map'
npm warn tar TAR_ENTRY_ERROR ENOENT: no such file or directory, open '/mnt/data/pickinvoice/pickinvoice-step4/node_modules/next/dist/client/components/is-hydration-error.js.map'
npm warn tar TAR_ENTRY_ERROR ENOENT: no such file or directory, open '/mnt/data/pickinvoice/pickinvoice-step4/node_modules/next/dist/esm/client/components/is-hydration-error.js.map'
npm warn tar TAR_ENTRY_ERROR ENOENT: no such file or directory, open '/mnt/data/pickinvoice/pickinvoice-step4/node_modules/next/dist/esm/lib/is-internal-component.js.map'
npm warn tar TAR_ENTRY_ERROR ENOENT: no such file or directory, open '/mnt/data/pickinvoice/pickinvoice-step4/node_modules/next/dist/lib/is-internal-component.js.map'
npm warn tar TAR_ENTRY_ERROR ENOENT: no such file or directory, open '/mnt/data/pickinvoice/pickinvoice-step4/node_modules/next/dist/esm/server/lib/is-ipv6.js.map'
npm warn tar TAR_ENTRY_ERROR ENOENT: no such file or directory, open '/mnt/data/pickinvoice/pickinvoice-step4/node_modules/next/dist/server/lib/is-ipv6.js.map'
npm warn tar TAR_ENTRY_ERROR ENOENT: no such file or directory, open '/mnt/data/pickinvoice/pickinvoice-step4/node_modules/next/dist/esm/shared/lib/router/utils/is-local-url.js.map'
npm warn tar TAR_ENTRY_ERROR ENOENT: no such file or directory, open '/mnt/data/pickinvoice/pickinvoice-step4/node_modules/next/dist/shared/lib/router/utils/is-local-url.js.map'
npm warn tar TAR_ENTRY_ERROR ENOENT: no such file or directory, open '/mnt/data/pickinvoice/pickinvoice-step4/node_modules/next/dist/esm/lib/metadata/is-metadata-route.js.map'
npm warn tar TAR_ENTRY_ERROR ENOENT: no such file or directory, open '/mnt/data/pickinvoice/pickinvoice-step4/node_modules/next/dist/lib/metadata/is-metadata-route.js.map'
npm warn tar TAR_ENTRY_ERROR ENOENT: no such file or directory, open '/mnt/data/pickinvoice/pickinvoice-step4/node_modules/next/dist/client/components/router-reducer/is-navigating-to-new-root-layout.js.map'
npm warn tar TAR_ENTRY_ERROR ENOENT: no such file or directory, open '/mnt/data/pickinvoice/pickinvoice-step4/node_modules/next/dist/esm/client/components/router-reducer/is-navigating-to-new-root-layout.js.map'
npm warn tar TAR_ENTRY_ERROR ENOENT: no such file or directory, open '/mnt/data/pickinvoice/pickinvoice-step4/node_modules/next/dist/esm/export/helpers/is-navigation-signal-error.js.map'
npm warn tar TAR_ENTRY_ERROR ENOENT: no such file or directory, open '/mnt/data/pickinvoice/pickinvoice-step4/node_modules/next/dist/export/helpers/is-navigation-signal-error.js.map'
npm warn tar TAR_ENTRY_ERROR ENOENT: no such file or directory, open '/mnt/data/pickinvoice/pickinvoice-step4/node_modules/next/dist/client/components/is-next-router-error.js.map'
npm warn tar TAR_ENTRY_ERROR ENOENT: no such file or directory, open '/mnt/data/pickinvoice/pickinvoice-step4/node_modules/next/dist/esm/client/components/is-next-router-error.js.map'
npm warn tar TAR_ENTRY_ERROR ENOENT: no such file or directory, open '/mnt/data/pickinvoice/pickinvoice-step4/node_modules/next/dist/esm/shared/lib/is-plain-object.js.map'
npm warn tar TAR_ENTRY_ERROR ENOENT: no such file or directory, open '/mnt/data/pickinvoice/pickinvoice-step4/node_modules/next/dist/shared/lib/is-plain-object.js.map'
npm warn tar TAR_ENTRY_ERROR ENOENT: no such file or directory, open '/mnt/data/pickinvoice/pickinvoice-step4/node_modules/next/dist/esm/server/lib/router-utils/is-postpone.js.map'
npm warn tar TAR_ENTRY_ERROR ENOENT: no such file or directory, open '/mnt/data/pickinvoice/pickinvoice-step4/node_modules/next/dist/server/lib/router-utils/is-postpone.js.map'
npm warn tar TAR_ENTRY_ERROR ENOENT: no such file or directory, open '/mnt/data/pickinvoice/pickinvoice-step4/node_modules/next/dist/esm/lib/is-serializable-props.js.map'
npm warn tar TAR_ENTRY_ERROR ENOENT: no such file or directory, open '/mnt/data/pickinvoice/pickinvoice-step4/node_modules/next/dist/lib/is-serializable-props.js.map'
npm warn tar TAR_ENTRY_ERROR ENOENT: no such file or directory, open '/mnt/data/pickinvoice/pickinvoice-step4/node_modules/next/dist/build/is-writeable.js.map'
npm warn tar TAR_ENTRY_ERROR ENOENT: no such file or directory, open '/mnt/data/pickinvoice/pickinvoice-step4/node_modules/next/dist/esm/build/is-writeable.js.map'
npm warn tar TAR_ENTRY_ERROR ENOENT: no such file or directory, lstat '/mnt/data/pickinvoice/pickinvoice-step4/node_modules/next/dist/build/webpack'
npm warn tar TAR_ENTRY_ERROR ENOENT: no such file or directory, lstat '/mnt/data/pickinvoice/pickinvoice-step4/node_modules/next/dist/esm/build/webpack'
npm warn tar TAR_ENTRY_ERROR ENOENT: no such file or directory, lstat '/mnt/data/pickinvoice/pickinvoice-step4/node_modules/next/dist/build/swc'
npm warn tar TAR_ENTRY_ERROR ENOENT: no such file or directory, lstat '/mnt/data/pickinvoice/pickinvoice-step4/node_modules/next/dist/esm/build/swc'
npm warn tar TAR_ENTRY_ERROR ENOENT: no such file or directory, lstat '/mnt/data/pickinvoice/pickinvoice-step4/node_modules/next/dist/build/jest'
npm warn tar TAR_ENTRY_ERROR ENOENT: no such file or directory, lstat '/mnt/data/pickinvoice/pickinvoice-step4/node_modules/next/dist/build/webpack'
npm warn tar TAR_ENTRY_ERROR ENOENT: no such file or directory, lstat '/mnt/data/pickinvoice/pickinvoice-step4/node_modules/next/dist/esm/build/webpack'
npm warn tar TAR_ENTRY_ERROR ENOENT: no such file or directory, open '/mnt/data/pickinvoice/pickinvoice-step4/node_modules/next/dist/build/webpack/plugins/jsconfig-paths-plugin.js.map'
npm warn tar TAR_ENTRY_ERROR ENOENT: no such file or directory, open '/mnt/data/pickinvoice/pickinvoice-step4/node_modules/next/dist/esm/build/webpack/plugins/jsconfig-paths-plugin.js.map'
npm warn tar TAR_ENTRY_ERROR ENOENT: no such file or directory, open '/mnt/data/pickinvoice/pickinvoice-step4/node_modules/next/dist/build/babel/plugins/jsx-pragma.js.map'
npm warn tar TAR_ENTRY_ERROR ENOENT: no such file or directory, open '/mnt/data/pickinvoice/pickinvoice-step4/node_modules/next/dist/esm/build/babel/plugins/jsx-pragma.js.map'
npm warn tar TAR_ENTRY_ERROR ENOENT: no such file or directory, lstat '/mnt/data/pickinvoice/pickinvoice-step4/node_modules/next/dist/client/components/react-dev-overlay'
npm warn tar TAR_ENTRY_ERROR ENOENT: no such file or directory, lstat '/mnt/data/pickinvoice/pickinvoice-step4/node_modules/next/dist/esm/client/components/react-dev-overlay'
npm warn tar TAR_ENTRY_ERROR ENOENT: no such file or directory, open '/mnt/data/pickinvoice/pickinvoice-step4/node_modules/next/dist/client/components/layout-router.js.map'
npm warn tar TAR_ENTRY_ERROR ENOENT: no such file or directory, open '/mnt/data/pickinvoice/pickinvoice-step4/node_modules/next/dist/esm/client/components/layout-router.js.map'
npm warn tar TAR_ENTRY_ERROR ENOENT: no such file or directory, lstat '/mnt/data/pickinvoice/pickinvoice-step4/node_modules/next/dist/client/components/react-dev-overlay'
npm warn tar TAR_ENTRY_ERROR ENOENT: no such file or directory, lstat '/mnt/data/pickinvoice/pickinvoice-step4/node_modules/next/dist/esm/client/components/react-dev-overlay'
npm warn tar TAR_ENTRY_ERROR ENOENT: no such file or directory, open '/mnt/data/pickinvoice/pickinvoice-step4/node_modules/next/dist/api/link.js.map'
npm warn tar TAR_ENTRY_ERROR ENOENT: no such file or directory, open '/mnt/data/pickinvoice/pickinvoice-step4/node_modules/next/dist/client/link.js.map'
npm warn tar TAR_ENTRY_ERROR ENOENT: no such file or directory, open '/mnt/data/pickinvoice/pickinvoice-step4/node_modules/next/dist/esm/api/link.js.map'
npm warn tar TAR_ENTRY_ERROR ENOENT: no such file or directory, open '/mnt/data/pickinvoice/pickinvoice-step4/node_modules/next/dist/esm/client/link.js.map'
npm warn tar TAR_ENTRY_ERROR ENOENT: no such file or directory, open '/mnt/data/pickinvoice/pickinvoice-step4/node_modules/next/dist/esm/server/load-components.js.map'
npm warn tar TAR_ENTRY_ERROR ENOENT: no such file or directory, open '/mnt/data/pickinvoice/pickinvoice-step4/node_modules/next/dist/server/load-components.js.map'
npm warn tar TAR_ENTRY_ERROR ENOENT: no such file or directory, open '/mnt/data/pickinvoice/pickinvoice-step4/node_modules/next/dist/esm/lib/load-custom-routes.js.map'
npm warn tar TAR_ENTRY_ERROR ENOENT: no such file or directory, open '/mnt/data/pickinvoice/pickinvoice-step4/node_modules/next/dist/lib/load-custom-routes.js.map'
npm warn tar TAR_ENTRY_ERROR ENOENT: no such file or directory, open '/mnt/data/pickinvoice/pickinvoice-step4/node_modules/next/dist/esm/server/load-default-error-components.js.map'
npm warn tar TAR_ENTRY_ERROR ENOENT: no such file or directory, open '/mnt/data/pickinvoice/pickinvoice-step4/node_modules/next/dist/server/load-default-error-components.js.map'
npm warn tar TAR_ENTRY_ERROR ENOENT: no such file or directory, open '/mnt/data/pickinvoice/pickinvoice-step4/node_modules/next/dist/build/load-entrypoint.js.map'
npm warn tar TAR_ENTRY_ERROR ENOENT: no such file or directory, open '/mnt/data/pickinvoice/pickinvoice-step4/node_modules/next/dist/esm/build/load-entrypoint.js.map'
npm warn tar TAR_ENTRY_ERROR ENOENT: no such file or directory, open '/mnt/data/pickinvoice/pickinvoice-step4/node_modules/next/dist/build/load-jsconfig.js.map'
npm warn tar TAR_ENTRY_ERROR ENOENT: no such file or directory, open '/mnt/data/pickinvoice/pickinvoice-step4/node_modules/next/dist/esm/build/load-jsconfig.js.map'
npm warn tar TAR_ENTRY_ERROR ENOENT: no such file or directory, open '/mnt/data/pickinvoice/pickinvoice-step4/node_modules/next/dist/esm/server/load-manifest.js.map'
npm warn tar TAR_ENTRY_ERROR ENOENT: no such file or directory, open '/mnt/data/pickinvoice/pickinvoice-step4/node_modules/next/dist/server/load-manifest.js.map'
npm warn tar TAR_ENTRY_ERROR ENOENT: no such file or directory, open '/mnt/data/pickinvoice/pickinvoice-step4/node_modules/next/dist/esm/server/future/route-modules/app-page/vendored/contexts/loadable-context.js.map'
npm warn tar TAR_ENTRY_ERROR ENOENT: no such file or directory, open '/mnt/data/pickinvoice/pickinvoice-step4/node_modules/next/dist/esm/server/future/route-modules/pages/vendored/contexts/loadable-context.js.map'
npm warn tar TAR_ENTRY_ERROR ENOENT: no such file or directory, open '/mnt/data/pickinvoice/pickinvoice-step4/node_modules/next/dist/server/future/route-modules/app-page/vendored/contexts/loadable-context.js.map'
npm warn tar TAR_ENTRY_ERROR ENOENT: no such file or directory, open '/mnt/data/pickinvoice/pickinvoice-step4/node_modules/next/dist/server/future/route-modules/pages/vendored/contexts/loadable-context.js.map'
npm warn tar TAR_ENTRY_ERROR ENOENT: no such file or directory, open '/mnt/data/pickinvoice/pickinvoice-step4/node_modules/next/dist/esm/shared/lib/loadable-context.shared-runtime.js.map'
npm warn tar TAR_ENTRY_ERROR ENOENT: no such file or directory, open '/mnt/data/pickinvoice/pickinvoice-step4/node_modules/next/dist/shared/lib/loadable-context.shared-runtime.js.map'
npm warn tar TAR_ENTRY_ERROR ENOENT: no such file or directory, open '/mnt/data/pickinvoice/pickinvoice-step4/node_modules/next/dist/esm/server/future/route-modules/app-page/vendored/contexts/loadable.js.map'
npm warn tar TAR_ENTRY_ERROR ENOENT: no such file or directory, open '/mnt/data/pickinvoice/pickinvoice-step4/node_modules/next/dist/esm/server/future/route-modules/pages/vendored/contexts/loadable.js.map'
npm warn tar TAR_ENTRY_ERROR ENOENT: no such file or directory, open '/mnt/data/pickinvoice/pickinvoice-step4/node_modules/next/dist/esm/shared/lib/lazy-dynamic/loadable.js.map'
npm warn tar TAR_ENTRY_ERROR ENOENT: no such file or directory, open '/mnt/data/pickinvoice/pickinvoice-step4/node_modules/next/dist/server/future/route-modules/app-page/vendored/contexts/loadable.js.map'
npm warn tar TAR_ENTRY_ERROR ENOENT: no such file or directory, open '/mnt/data/pickinvoice/pickinvoice-step4/node_modules/next/dist/server/future/route-modules/pages/vendored/contexts/loadable.js.map'
npm warn tar TAR_ENTRY_ERROR ENOENT: no such file or directory, open '/mnt/data/pickinvoice/pickinvoice-step4/node_modules/next/dist/shared/lib/lazy-dynamic/loadable.js.map'
npm warn tar TAR_ENTRY_ERROR ENOENT: no such file or directory, open '/mnt/data/pickinvoice/pickinvoice-step4/node_modules/next/dist/esm/shared/lib/loadable.shared-runtime.js.map'
npm warn tar TAR_ENTRY_ERROR ENOENT: no such file or directory, open '/mnt/data/pickinvoice/pickinvoice-step4/node_modules/next/dist/shared/lib/loadable.shared-runtime.js.map'
npm warn tar TAR_ENTRY_ERROR ENOENT: no such file or directory, open '/mnt/data/pickinvoice/pickinvoice-step4/node_modules/next/dist/build/webpack/loaders/lightningcss-loader/src/loader.js.map'
npm warn tar TAR_ENTRY_ERROR ENOENT: no such file or directory, open '/mnt/data/pickinvoice/pickinvoice-step4/node_modules/next/dist/esm/build/webpack/loaders/lightningcss-loader/src/loader.js.map'
npm warn tar TAR_ENTRY_ERROR ENOENT: no such file or directory, open '/mnt/data/pickinvoice/pickinvoice-step4/node_modules/next/dist/esm/server/future/route-definitions/locale-route-definition.js.map'
npm warn tar TAR_ENTRY_ERROR ENOENT: no such file or directory, open '/mnt/data/pickinvoice/pickinvoice-step4/node_modules/next/dist/server/future/route-definitions/locale-route-definition.js.map'
npm warn tar TAR_ENTRY_ERROR ENOENT: no such file or directory, open '/mnt/data/pickinvoice/pickinvoice-step4/node_modules/next/dist/esm/server/future/route-matches/locale-route-match.js.map'
npm warn tar TAR_ENTRY_ERROR ENOENT: no such file or directory, open '/mnt/data/pickinvoice/pickinvoice-step4/node_modules/next/dist/server/future/route-matches/locale-route-match.js.map'
npm warn tar TAR_ENTRY_ERROR ENOENT: no such file or directory, open '/mnt/data/pickinvoice/pickinvoice-step4/node_modules/next/dist/esm/server/future/route-matchers/locale-route-matcher.js.map'
npm warn tar TAR_ENTRY_ERROR ENOENT: no such file or directory, open '/mnt/data/pickinvoice/pickinvoice-step4/node_modules/next/dist/server/future/route-matchers/locale-route-matcher.js.map'
npm warn tar TAR_ENTRY_ERROR ENOENT: no such file or directory, open '/mnt/data/pickinvoice/pickinvoice-step4/node_modules/next/dist/esm/server/future/normalizers/locale-route-normalizer.js.map'
npm warn tar TAR_ENTRY_ERROR ENOENT: no such file or directory, open '/mnt/data/pickinvoice/pickinvoice-step4/node_modules/next/dist/server/future/normalizers/locale-route-normalizer.js.map'
npm warn tar TAR_ENTRY_ERROR ENOENT: no such file or directory, lstat '/mnt/data/pickinvoice/pickinvoice-step4/node_modules/next/dist/esm/server/dev'
npm warn tar TAR_ENTRY_ERROR ENOENT: no such file or directory, lstat '/mnt/data/pickinvoice/pickinvoice-step4/node_modules/next/dist/server/dev'
npm warn tar TAR_ENTRY_ERROR ENOENT: no such file or directory, lstat '/mnt/data/pickinvoice/pickinvoice-step4/node_modules/next/dist/build/output'
npm warn tar TAR_ENTRY_ERROR ENOENT: no such file or directory, lstat '/mnt/data/pickinvoice/pickinvoice-step4/node_modules/next/dist/esm/build/output'
npm warn tar TAR_ENTRY_ERROR ENOENT: no such file or directory, open '/mnt/data/pickinvoice/pickinvoice-step4/node_modules/next/dist/esm/shared/lib/magic-identifier.js.map'
npm warn tar TAR_ENTRY_ERROR ENOENT: no such file or directory, open '/mnt/data/pickinvoice/pickinvoice-step4/node_modules/@sparticuz/chromium/bin/fonts.tar.br'
npm warn tar TAR_ENTRY_ERROR ENOENT: no such file or directory, open '/mnt/data/pickinvoice/pickinvoice-step4/node_modules/next/dist/shared/lib/magic-identifier.js.map'
npm warn tar TAR_ENTRY_ERROR ENOENT: no such file or directory, open '/mnt/data/pickinvoice/pickinvoice-step4/node_modules/next/dist/esm/server/lib/squoosh/main.js.map'
npm warn tar TAR_ENTRY_ERROR ENOENT: no such file or directory, open '/mnt/data/pickinvoice/pickinvoice-step4/node_modules/next/dist/server/lib/squoosh/main.js.map'
npm warn tar TAR_ENTRY_ERROR ENOENT: no such file or directory, open '/mnt/data/pickinvoice/pickinvoice-step4/node_modules/next/dist/client/components/react-dev-overlay/internal/components/Overlay/maintain--tab-focus.js.map'
npm warn tar TAR_ENTRY_ERROR ENOENT: no such file or directory, open '/mnt/data/pickinvoice/pickinvoice-step4/node_modules/next/dist/esm/client/components/react-dev-overlay/internal/components/Overlay/maintain--tab-focus.js.map'
npm warn tar TAR_ENTRY_ERROR ENOENT: no such file or directory, open '/mnt/data/pickinvoice/pickinvoice-step4/node_modules/next/dist/esm/server/app-render/make-get-server-inserted-html.js.map'
npm warn tar TAR_ENTRY_ERROR ENOENT: no such file or directory, open '/mnt/data/pickinvoice/pickinvoice-step4/node_modules/next/dist/server/app-render/make-get-server-inserted-html.js.map'
npm warn tar TAR_ENTRY_ERROR ENOENT: no such file or directory, lstat '/mnt/data/pickinvoice/pickinvoice-step4/node_modules/next/dist/esm/server/dev'
npm warn tar TAR_ENTRY_ERROR ENOENT: no such file or directory, lstat '/mnt/data/pickinvoice/pickinvoice-step4/node_modules/next/dist/esm/server/future'
npm warn tar TAR_ENTRY_ERROR ENOENT: no such file or directory, lstat '/mnt/data/pickinvoice/pickinvoice-step4/node_modules/next/dist/server/dev'
npm warn tar TAR_ENTRY_ERROR ENOENT: no such file or directory, lstat '/mnt/data/pickinvoice/pickinvoice-step4/node_modules/next/dist/server/future'
npm warn tar TAR_ENTRY_ERROR ENOENT: no such file or directory, open '/mnt/data/pickinvoice/pickinvoice-step4/node_modules/next/dist/esm/server/future/route-matcher-providers/manifest-route-matcher-provider.js.map'
npm warn tar TAR_ENTRY_ERROR ENOENT: no such file or directory, open '/mnt/data/pickinvoice/pickinvoice-step4/node_modules/next/dist/server/future/route-matcher-providers/manifest-route-matcher-provider.js.map'
npm warn tar TAR_ENTRY_ERROR ENOENT: no such file or directory, open '/mnt/data/pickinvoice/pickinvoice-step4/node_modules/next/dist/esm/lib/metadata/types/manifest-types.js.map'
npm warn tar TAR_ENTRY_ERROR ENOENT: no such file or directory, open '/mnt/data/pickinvoice/pickinvoice-step4/node_modules/next/dist/lib/metadata/types/manifest-types.js.map'
npm warn tar TAR_ENTRY_ERROR ENOENT: no such file or directory, open '/mnt/data/pickinvoice/pickinvoice-step4/node_modules/next/dist/esm/server/match-bundle.js.map'
npm warn tar TAR_ENTRY_ERROR ENOENT: no such file or directory, open '/mnt/data/pickinvoice/pickinvoice-step4/node_modules/next/dist/server/match-bundle.js.map'
npm warn tar TAR_ENTRY_ERROR ENOENT: no such file or directory, open '/mnt/data/pickinvoice/pickinvoice-step4/node_modules/next/dist/esm/shared/lib/match-local-pattern.js.map'
npm warn tar TAR_ENTRY_ERROR ENOENT: no such file or directory, open '/mnt/data/pickinvoice/pickinvoice-step4/node_modules/next/dist/shared/lib/match-local-pattern.js.map'
npm warn tar TAR_ENTRY_ERROR ENOENT: no such file or directory, open '/mnt/data/pickinvoice/pickinvoice-step4/node_modules/next/dist/esm/server/lib/match-next-data-pathname.js.map'
npm warn tar TAR_ENTRY_ERROR ENOENT: no such file or directory, open '/mnt/data/pickinvoice/pickinvoice-step4/node_modules/next/dist/server/lib/match-next-data-pathname.js.map'
npm warn tar TAR_ENTRY_ERROR ENOENT: no such file or directory, open '/mnt/data/pickinvoice/pickinvoice-step4/node_modules/next/dist/esm/shared/lib/match-remote-pattern.js.map'
npm warn tar TAR_ENTRY_ERROR ENOENT: no such file or directory, open '/mnt/data/pickinvoice/pickinvoice-step4/node_modules/next/dist/shared/lib/match-remote-pattern.js.map'
npm warn tar TAR_ENTRY_ERROR ENOENT: no such file or directory, open '/mnt/data/pickinvoice/pickinvoice-step4/node_modules/next/dist/client/components/match-segments.js.map'
npm warn tar TAR_ENTRY_ERROR ENOENT: no such file or directory, open '/mnt/data/pickinvoice/pickinvoice-step4/node_modules/next/dist/esm/client/components/match-segments.js.map'
npm warn tar TAR_ENTRY_ERROR ENOENT: no such file or directory, open '/mnt/data/pickinvoice/pickinvoice-step4/node_modules/next/dist/build/webpack/plugins/memory-with-gc-cache-plugin.js.map'
npm warn tar TAR_ENTRY_ERROR ENOENT: no such file or directory, open '/mnt/data/pickinvoice/pickinvoice-step4/node_modules/next/dist/esm/build/webpack/plugins/memory-with-gc-cache-plugin.js.map'
npm warn tar TAR_ENTRY_ERROR ENOENT: no such file or directory, lstat '/mnt/data/pickinvoice/pickinvoice-step4/node_modules/next/dist/build/webpack'
npm warn tar TAR_ENTRY_ERROR ENOENT: no such file or directory, open '/mnt/data/pickinvoice/pickinvoice-step4/node_modules/@sparticuz/chromium/bin/swiftshader.tar.br'
npm warn tar TAR_ENTRY_ERROR ENOENT: no such file or directory, lstat '/mnt/data/pickinvoice/pickinvoice-step4/node_modules/next/dist/build/webpack'
npm warn tar TAR_ENTRY_ERROR ENOENT: no such file or directory, lstat '/mnt/data/pickinvoice/pickinvoice-step4/node_modules/next/dist/esm/build/webpack'
npm warn tar TAR_ENTRY_ERROR ENOENT: no such file or directory, lstat '/mnt/data/pickinvoice/pickinvoice-step4/node_modules/next/dist/esm/build/webpack'
npm warn tar TAR_ENTRY_ERROR ENOENT: no such file or directory, lstat '/mnt/data/pickinvoice/pickinvoice-step4/node_modules/next/dist/esm/server/dev'
npm warn tar TAR_ENTRY_ERROR ENOENT: no such file or directory, lstat '/mnt/data/pickinvoice/pickinvoice-step4/node_modules/next/dist/server/dev'
npm warn tar TAR_ENTRY_ERROR ENOENT: no such file or directory, open '/mnt/data/pickinvoice/pickinvoice-step4/node_modules/next/dist/esm/lib/metadata/generate/meta.js.map'
npm warn tar TAR_ENTRY_ERROR ENOENT: no such file or directory, open '/mnt/data/pickinvoice/pickinvoice-step4/node_modules/next/dist/lib/metadata/generate/meta.js.map'
npm warn tar TAR_ENTRY_ERROR ENOENT: no such file or directory, open '/mnt/data/pickinvoice/pickinvoice-step4/node_modules/next/dist/esm/lib/metadata/types/metadata-interface.js.map'
npm warn tar TAR_ENTRY_ERROR ENOENT: no such file or directory, open '/mnt/data/pickinvoice/pickinvoice-step4/node_modules/next/dist/lib/metadata/types/metadata-interface.js.map'
npm warn tar TAR_ENTRY_ERROR ENOENT: no such file or directory, open '/mnt/data/pickinvoice/pickinvoice-step4/node_modules/next/dist/esm/lib/metadata/types/metadata-types.js.map'
npm warn tar TAR_ENTRY_ERROR ENOENT: no such file or directory, open '/mnt/data/pickinvoice/pickinvoice-step4/node_modules/next/dist/lib/metadata/types/metadata-types.js.map'
npm warn tar TAR_ENTRY_ERROR ENOENT: no such file or directory, open '/mnt/data/pickinvoice/pickinvoice-step4/node_modules/next/dist/esm/lib/metadata/metadata.js.map'
npm warn tar TAR_ENTRY_ERROR ENOENT: no such file or directory, open '/mnt/data/pickinvoice/pickinvoice-step4/node_modules/next/dist/esm/server/typescript/rules/metadata.js.map'
npm warn tar TAR_ENTRY_ERROR ENOENT: no such file or directory, open '/mnt/data/pickinvoice/pickinvoice-step4/node_modules/next/dist/lib/metadata/metadata.js.map'
npm warn tar TAR_ENTRY_ERROR ENOENT: no such file or directory, open '/mnt/data/pickinvoice/pickinvoice-step4/node_modules/next/dist/server/typescript/rules/metadata.js.map'
npm warn tar TAR_ENTRY_ERROR ENOENT: no such file or directory, open '/mnt/data/pickinvoice/pickinvoice-step4/node_modules/next/dist/build/webpack/plugins/middleware-plugin.js.map'
npm warn tar TAR_ENTRY_ERROR ENOENT: no such file or directory, open '/mnt/data/pickinvoice/pickinvoice-step4/node_modules/next/dist/esm/build/webpack/plugins/middleware-plugin.js.map'
npm warn tar TAR_ENTRY_ERROR ENOENT: no such file or directory, open '/mnt/data/pickinvoice/pickinvoice-step4/node_modules/next/dist/esm/shared/lib/router/utils/middleware-route-matcher.js.map'
npm warn tar TAR_ENTRY_ERROR ENOENT: no such file or directory, open '/mnt/data/pickinvoice/pickinvoice-step4/node_modules/next/dist/shared/lib/router/utils/middleware-route-matcher.js.map'
npm warn tar TAR_ENTRY_ERROR ENOENT: no such file or directory, lstat '/mnt/data/pickinvoice/pickinvoice-step4/node_modules/next/dist/client/components/react-dev-overlay'
npm warn tar TAR_ENTRY_ERROR ENOENT: no such file or directory, lstat '/mnt/data/pickinvoice/pickinvoice-step4/node_modules/next/dist/esm/client/components/react-dev-overlay'
npm warn tar TAR_ENTRY_ERROR ENOENT: no such file or directory, open '/mnt/data/pickinvoice/pickinvoice-step4/node_modules/next/dist/build/templates/middleware.js.map'
npm warn tar TAR_ENTRY_ERROR ENOENT: no such file or directory, lstat '/mnt/data/pickinvoice/pickinvoice-step4/node_modules/next/dist/client/components/react-dev-overlay'
npm warn tar TAR_ENTRY_ERROR ENOENT: no such file or directory, open '/mnt/data/pickinvoice/pickinvoice-step4/node_modules/next/dist/esm/build/templates/middleware.js.map'
npm warn tar TAR_ENTRY_ERROR ENOENT: no such file or directory, lstat '/mnt/data/pickinvoice/pickinvoice-step4/node_modules/next/dist/esm/client/components/react-dev-overlay'
npm warn tar TAR_ENTRY_ERROR ENOENT: no such file or directory, open '/mnt/data/pickinvoice/pickinvoice-step4/node_modules/next/dist/esm/lib/mime-type.js.map'
npm warn tar TAR_ENTRY_ERROR ENOENT: no such file or directory, open '/mnt/data/pickinvoice/pickinvoice-step4/node_modules/next/dist/lib/mime-type.js.map'
npm warn tar TAR_ENTRY_ERROR ENOENT: no such file or directory, open '/mnt/data/pickinvoice/pickinvoice-step4/node_modules/next/dist/build/webpack/plugins/mini-css-extract-plugin.js.map'
npm warn tar TAR_ENTRY_ERROR ENOENT: no such file or directory, open '/mnt/data/pickinvoice/pickinvoice-step4/node_modules/next/dist/esm/build/webpack/plugins/mini-css-extract-plugin.js.map'
npm warn tar TAR_ENTRY_ERROR ENOENT: no such file or directory, open '/mnt/data/pickinvoice/pickinvoice-step4/node_modules/next/dist/build/webpack/loaders/lightningcss-loader/src/minify.js.map'
npm warn tar TAR_ENTRY_ERROR ENOENT: no such file or directory, lstat '/mnt/data/pickinvoice/pickinvoice-step4/node_modules/next/dist/build/webpack'
npm warn tar TAR_ENTRY_ERROR ENOENT: no such file or directory, open '/mnt/data/pickinvoice/pickinvoice-step4/node_modules/next/dist/esm/build/webpack/loaders/lightningcss-loader/src/minify.js.map'
npm warn tar TAR_ENTRY_ERROR ENOENT: no such file or directory, lstat '/mnt/data/pickinvoice/pickinvoice-step4/node_modules/next/dist/esm/build/webpack'
npm warn tar TAR_ENTRY_ERROR ENOENT: no such file or directory, lstat '/mnt/data/pickinvoice/pickinvoice-step4/node_modules/next/dist/esm/lib/typescript'
npm warn tar TAR_ENTRY_ERROR ENOENT: no such file or directory, lstat '/mnt/data/pickinvoice/pickinvoice-step4/node_modules/next/dist/lib/typescript'
npm warn tar TAR_ENTRY_ERROR ENOENT: no such file or directory, open '/mnt/data/pickinvoice/pickinvoice-step4/node_modules/next/dist/esm/shared/lib/mitt.js.map'
npm warn tar TAR_ENTRY_ERROR ENOENT: no such file or directory, open '/mnt/data/pickinvoice/pickinvoice-step4/node_modules/next/dist/shared/lib/mitt.js.map'
npm warn tar TAR_ENTRY_ERROR ENOENT: no such file or directory, open '/mnt/data/pickinvoice/pickinvoice-step4/node_modules/next/dist/esm/lib/mkcert.js.map'
npm warn tar TAR_ENTRY_ERROR ENOENT: no such file or directory, open '/mnt/data/pickinvoice/pickinvoice-step4/node_modules/next/dist/lib/mkcert.js.map'
npm warn tar TAR_ENTRY_ERROR ENOENT: no such file or directory, open '/mnt/data/pickinvoice/pickinvoice-step4/node_modules/next/dist/esm/server/lib/mock-request.js.map'
npm warn tar TAR_ENTRY_ERROR ENOENT: no such file or directory, open '/mnt/data/pickinvoice/pickinvoice-step4/node_modules/next/dist/server/lib/mock-request.js.map'
npm warn tar TAR_ENTRY_ERROR ENOENT: no such file or directory, open '/mnt/data/pickinvoice/pickinvoice-step4/node_modules/next/dist/esm/shared/lib/modern-browserslist-target.js.map'
npm warn tar TAR_ENTRY_ERROR ENOENT: no such file or directory, open '/mnt/data/pickinvoice/pickinvoice-step4/node_modules/next/dist/shared/lib/modern-browserslist-target.js.map'
npm warn tar TAR_ENTRY_ERROR ENOENT: no such file or directory, lstat '/mnt/data/pickinvoice/pickinvoice-step4/node_modules/next/dist/build/webpack'
npm warn tar TAR_ENTRY_ERROR ENOENT: no such file or directory, lstat '/mnt/data/pickinvoice/pickinvoice-step4/node_modules/next/dist/esm/build/webpack'
npm warn tar TAR_ENTRY_ERROR ENOENT: no such file or directory, lstat '/mnt/data/pickinvoice/pickinvoice-step4/node_modules/next/dist/esm/server/future'
npm warn tar TAR_ENTRY_ERROR ENOENT: no such file or directory, lstat '/mnt/data/pickinvoice/pickinvoice-step4/node_modules/next/dist/server/future'
npm warn tar TAR_ENTRY_ERROR ENOENT: no such file or directory, open '/mnt/data/pickinvoice/pickinvoice-step4/node_modules/next/dist/build/webpack/loaders/next-flight-loader/module-proxy.js.map'
npm warn tar TAR_ENTRY_ERROR ENOENT: no such file or directory, open '/mnt/data/pickinvoice/pickinvoice-step4/node_modules/next/dist/esm/build/webpack/loaders/next-flight-loader/module-proxy.js.map'
npm warn tar TAR_ENTRY_ERROR ENOENT: no such file or directory, lstat '/mnt/data/pickinvoice/pickinvoice-step4/node_modules/next/dist/esm/server/future'
npm warn tar TAR_ENTRY_ERROR ENOENT: no such file or directory, lstat '/mnt/data/pickinvoice/pickinvoice-step4/node_modules/next/dist/esm/server/future'
npm warn tar TAR_ENTRY_ERROR ENOENT: no such file or directory, lstat '/mnt/data/pickinvoice/pickinvoice-step4/node_modules/next/dist/esm/server/future'
npm warn tar TAR_ENTRY_ERROR ENOENT: no such file or directory, lstat '/mnt/data/pickinvoice/pickinvoice-step4/node_modules/next/dist/esm/server/future'
npm warn tar TAR_ENTRY_ERROR ENOENT: no such file or directory, lstat '/mnt/data/pickinvoice/pickinvoice-step4/node_modules/next/dist/server/future'
npm warn tar TAR_ENTRY_ERROR ENOENT: no such file or directory, lstat '/mnt/data/pickinvoice/pickinvoice-step4/node_modules/next/dist/server/future'
npm warn tar TAR_ENTRY_ERROR ENOENT: no such file or directory, lstat '/mnt/data/pickinvoice/pickinvoice-step4/node_modules/next/dist/server/future'
npm warn tar TAR_ENTRY_ERROR ENOENT: no such file or directory, lstat '/mnt/data/pickinvoice/pickinvoice-step4/node_modules/next/dist/server/future'
npm warn tar TAR_ENTRY_ERROR ENOENT: no such file or directory, lstat '/mnt/data/pickinvoice/pickinvoice-step4/node_modules/next/dist/esm/server/future'
npm warn tar TAR_ENTRY_ERROR ENOENT: no such file or directory, lstat '/mnt/data/pickinvoice/pickinvoice-step4/node_modules/next/dist/esm/server/future'
npm warn tar TAR_ENTRY_ERROR ENOENT: no such file or directory, lstat '/mnt/data/pickinvoice/pickinvoice-step4/node_modules/next/dist/esm/server/future'
npm warn tar TAR_ENTRY_ERROR ENOENT: no such file or directory, lstat '/mnt/data/pickinvoice/pickinvoice-step4/node_modules/next/dist/esm/server/future'
npm warn tar TAR_ENTRY_ERROR ENOENT: no such file or directory, lstat '/mnt/data/pickinvoice/pickinvoice-step4/node_modules/next/dist/server/future'
npm warn tar TAR_ENTRY_ERROR ENOENT: no such file or directory, lstat '/mnt/data/pickinvoice/pickinvoice-step4/node_modules/next/dist/server/future'
npm warn tar TAR_ENTRY_ERROR ENOENT: no such file or directory, lstat '/mnt/data/pickinvoice/pickinvoice-step4/node_modules/next/dist/server/future'
npm warn tar TAR_ENTRY_ERROR ENOENT: no such file or directory, lstat '/mnt/data/pickinvoice/pickinvoice-step4/node_modules/next/dist/server/future'
npm warn tar TAR_ENTRY_ERROR ENOENT: no such file or directory, lstat '/mnt/data/pickinvoice/pickinvoice-step4/node_modules/next/dist/esm/server/future'
npm warn tar TAR_ENTRY_ERROR ENOENT: no such file or directory, lstat '/mnt/data/pickinvoice/pickinvoice-step4/node_modules/next/dist/esm/server/future'
npm warn tar TAR_ENTRY_ERROR ENOENT: no such file or directory, lstat '/mnt/data/pickinvoice/pickinvoice-step4/node_modules/next/dist/server/future'
npm warn tar TAR_ENTRY_ERROR ENOENT: no such file or directory, lstat '/mnt/data/pickinvoice/pickinvoice-step4/node_modules/next/dist/server/future'
npm warn tar TAR_ENTRY_ERROR ENOENT: no such file or directory, open '/mnt/data/pickinvoice/pickinvoice-step4/node_modules/next/dist/build/webpack/config/blocks/css/loaders/modules.js.map'
npm warn tar TAR_ENTRY_ERROR ENOENT: no such file or directory, open '/mnt/data/pickinvoice/pickinvoice-step4/node_modules/next/dist/esm/build/webpack/config/blocks/css/loaders/modules.js.map'
npm warn tar TAR_ENTRY_ERROR ENOENT: no such file or directory, lstat '/mnt/data/pickinvoice/pickinvoice-step4/node_modules/next/dist/esm/server/lib/squoosh/mozjpeg'
npm warn tar TAR_ENTRY_ERROR ENOENT: no such file or directory, lstat '/mnt/data/pickinvoice/pickinvoice-step4/node_modules/next/dist/server/lib/squoosh/mozjpeg'
npm warn tar TAR_ENTRY_ERROR ENOENT: no such file or directory, lstat '/mnt/data/pickinvoice/pickinvoice-step4/node_modules/next/dist/esm/server/lib/squoosh/mozjpeg'
npm warn tar TAR_ENTRY_ERROR ENOENT: no such file or directory, lstat '/mnt/data/pickinvoice/pickinvoice-step4/node_modules/next/dist/server/lib/squoosh/mozjpeg'
npm warn tar TAR_ENTRY_ERROR ENOENT: no such file or directory, lstat '/mnt/data/pickinvoice/pickinvoice-step4/node_modules/next/dist/experimental/testmode/playwright'
npm warn tar TAR_ENTRY_ERROR ENOENT: no such file or directory, lstat '/mnt/data/pickinvoice/pickinvoice-step4/node_modules/next/dist/client/components/router-reducer/reducers'
npm warn tar TAR_ENTRY_ERROR ENOENT: no such file or directory, lstat '/mnt/data/pickinvoice/pickinvoice-step4/node_modules/next/dist/esm/client/components/router-reducer/reducers'
npm warn tar TAR_ENTRY_ERROR ENOENT: no such file or directory, open '/mnt/data/pickinvoice/pickinvoice-step4/node_modules/next/dist/api/navigation.js.map'
npm warn tar TAR_ENTRY_ERROR ENOENT: no such file or directory, open '/mnt/data/pickinvoice/pickinvoice-step4/node_modules/next/dist/client/components/navigation.js.map'
npm warn tar TAR_ENTRY_ERROR ENOENT: no such file or directory, open '/mnt/data/pickinvoice/pickinvoice-step4/node_modules/next/dist/esm/api/navigation.js.map'
npm warn tar TAR_ENTRY_ERROR ENOENT: no such file or directory, open '/mnt/data/pickinvoice/pickinvoice-step4/node_modules/next/dist/esm/client/components/navigation.js.map'
npm warn tar TAR_ENTRY_ERROR ENOENT: no such file or directory, open '/mnt/data/pickinvoice/pickinvoice-step4/node_modules/next/dist/api/navigation.react-server.js.map'
npm warn tar TAR_ENTRY_ERROR ENOENT: no such file or directory, open '/mnt/data/pickinvoice/pickinvoice-step4/node_modules/next/dist/client/components/navigation.react-server.js.map'
npm warn tar TAR_ENTRY_ERROR ENOENT: no such file or directory, open '/mnt/data/pickinvoice/pickinvoice-step4/node_modules/next/dist/esm/api/navigation.react-server.js.map'
npm warn tar TAR_ENTRY_ERROR ENOENT: no such file or directory, open '/mnt/data/pickinvoice/pickinvoice-step4/node_modules/next/dist/esm/client/components/navigation.react-server.js.map'
npm warn tar TAR_ENTRY_ERROR ENOENT: no such file or directory, open '/mnt/data/pickinvoice/pickinvoice-step4/node_modules/next/dist/esm/lib/needs-experimental-react.js.map'
npm warn tar TAR_ENTRY_ERROR ENOENT: no such file or directory, open '/mnt/data/pickinvoice/pickinvoice-step4/node_modules/next/dist/lib/needs-experimental-react.js.map'
npm warn tar TAR_ENTRY_ERROR ENOENT: no such file or directory, lstat '/mnt/data/pickinvoice/pickinvoice-step4/node_modules/next/dist/build/webpack'
npm warn tar TAR_ENTRY_ERROR ENOENT: no such file or directory, lstat '/mnt/data/pickinvoice/pickinvoice-step4/node_modules/next/dist/esm/build/webpack'
npm warn tar TAR_ENTRY_ERROR ENOENT: no such file or directory, lstat '/mnt/data/pickinvoice/pickinvoice-step4/node_modules/next/dist/build/webpack'
npm warn tar TAR_ENTRY_ERROR ENOENT: no such file or directory, lstat '/mnt/data/pickinvoice/pickinvoice-step4/node_modules/next/dist/esm/build/webpack'
npm warn tar TAR_ENTRY_ERROR ENOENT: no such file or directory, lstat '/mnt/data/pickinvoice/pickinvoice-step4/node_modules/next/dist/build/webpack'
npm warn tar TAR_ENTRY_ERROR ENOENT: no such file or directory, lstat '/mnt/data/pickinvoice/pickinvoice-step4/node_modules/next/dist/esm/build/webpack'
npm warn tar TAR_ENTRY_ERROR ENOENT: no such file or directory, open '/mnt/data/pickinvoice/pickinvoice-step4/node_modules/next/dist/esm/server/future/normalizers/request/next-data.js.map'
npm warn tar TAR_ENTRY_ERROR ENOENT: no such file or directory, open '/mnt/data/pickinvoice/pickinvoice-step4/node_modules/next/dist/server/future/normalizers/request/next-data.js.map'
npm warn tar TAR_ENTRY_ERROR ENOENT: no such file or directory, lstat '/mnt/data/pickinvoice/pickinvoice-step4/node_modules/next/dist/esm/server/dev'
npm warn tar TAR_ENTRY_ERROR ENOENT: no such file or directory, lstat '/mnt/data/pickinvoice/pickinvoice-step4/node_modules/next/dist/server/dev'
npm warn tar TAR_ENTRY_ERROR ENOENT: no such file or directory, open '/mnt/data/pickinvoice/pickinvoice-step4/node_modules/next/dist/client/next-dev-turbopack.js.map'
npm warn tar TAR_ENTRY_ERROR ENOENT: no such file or directory, open '/mnt/data/pickinvoice/pickinvoice-step4/node_modules/next/dist/esm/client/next-dev-turbopack.js.map'
npm warn tar TAR_ENTRY_ERROR ENOENT: no such file or directory, open '/mnt/data/pickinvoice/pickinvoice-step4/node_modules/next/dist/client/next-dev.js.map'
npm warn tar TAR_ENTRY_ERROR ENOENT: no such file or directory, open '/mnt/data/pickinvoice/pickinvoice-step4/node_modules/next/dist/esm/client/next-dev.js.map'
npm warn tar TAR_ENTRY_ERROR ENOENT: no such file or directory, open '/mnt/data/pickinvoice/pickinvoice-step4/node_modules/next/dist/build/webpack/plugins/next-drop-client-page-plugin.js.map'
npm warn tar TAR_ENTRY_ERROR ENOENT: no such file or directory, open '/mnt/data/pickinvoice/pickinvoice-step4/node_modules/next/dist/esm/build/webpack/plugins/next-drop-client-page-plugin.js.map'
npm warn tar TAR_ENTRY_ERROR ENOENT: no such file or directory, lstat '/mnt/data/pickinvoice/pickinvoice-step4/node_modules/next/dist/build/webpack'
npm warn tar TAR_ENTRY_ERROR ENOENT: no such file or directory, lstat '/mnt/data/pickinvoice/pickinvoice-step4/node_modules/next/dist/esm/build/webpack'
npm warn tar TAR_ENTRY_ERROR ENOENT: no such file or directory, lstat '/mnt/data/pickinvoice/pickinvoice-step4/node_modules/next/dist/build/webpack'
npm warn tar TAR_ENTRY_ERROR ENOENT: no such file or directory, lstat '/mnt/data/pickinvoice/pickinvoice-step4/node_modules/next/dist/esm/build/webpack'
npm warn tar TAR_ENTRY_ERROR ENOENT: no such file or directory, lstat '/mnt/data/pickinvoice/pickinvoice-step4/node_modules/next/dist/experimental/testmode/playwright'
npm warn tar TAR_ENTRY_ERROR ENOENT: no such file or directory, lstat '/mnt/data/pickinvoice/pickinvoice-step4/node_modules/next/dist/build/webpack'
npm warn tar TAR_ENTRY_ERROR ENOENT: no such file or directory, lstat '/mnt/data/pickinvoice/pickinvoice-step4/node_modules/next/dist/esm/build/webpack'
npm warn tar TAR_ENTRY_ERROR ENOENT: no such file or directory, lstat '/mnt/data/pickinvoice/pickinvoice-step4/node_modules/next/dist/build/webpack'
npm warn tar TAR_ENTRY_ERROR ENOENT: no such file or directory, lstat '/mnt/data/pickinvoice/pickinvoice-step4/node_modules/next/dist/esm/build/webpack'
npm warn tar TAR_ENTRY_ERROR ENOENT: no such file or directory, lstat '/mnt/data/pickinvoice/pickinvoice-step4/node_modules/next/dist/build/webpack'
npm warn tar TAR_ENTRY_ERROR ENOENT: no such file or directory, lstat '/mnt/data/pickinvoice/pickinvoice-step4/node_modules/next/dist/esm/build/webpack'
npm warn tar TAR_ENTRY_ERROR ENOENT: no such file or directory, lstat '/mnt/data/pickinvoice/pickinvoice-step4/node_modules/next/dist/build/webpack'
npm warn tar TAR_ENTRY_ERROR ENOENT: no such file or directory, lstat '/mnt/data/pickinvoice/pickinvoice-step4/node_modules/next/dist/esm/build/webpack'
npm warn tar TAR_ENTRY_ERROR ENOENT: no such file or directory, open '/mnt/data/pickinvoice/pickinvoice-step4/node_modules/next/dist/build/webpack/plugins/next-font-manifest-plugin.js.map'
npm warn tar TAR_ENTRY_ERROR ENOENT: no such file or directory, open '/mnt/data/pickinvoice/pickinvoice-step4/node_modules/next/dist/esm/build/webpack/plugins/next-font-manifest-plugin.js.map'
npm warn tar TAR_ENTRY_ERROR ENOENT: no such file or directory, open '/mnt/data/pickinvoice/pickinvoice-step4/node_modules/next/dist/build/babel/plugins/next-font-unsupported.js.map'
npm warn tar TAR_ENTRY_ERROR ENOENT: no such file or directory, open '/mnt/data/pickinvoice/pickinvoice-step4/node_modules/next/dist/esm/build/babel/plugins/next-font-unsupported.js.map'
npm warn tar TAR_ENTRY_ERROR ENOENT: no such file or directory, open '/mnt/data/pickinvoice/pickinvoice-step4/node_modules/next/dist/build/webpack/config/blocks/css/loaders/next-font.js.map'
npm warn tar TAR_ENTRY_ERROR ENOENT: no such file or directory, open '/mnt/data/pickinvoice/pickinvoice-step4/node_modules/next/dist/esm/build/webpack/config/blocks/css/loaders/next-font.js.map'
npm warn tar TAR_ENTRY_ERROR ENOENT: no such file or directory, lstat '/mnt/data/pickinvoice/pickinvoice-step4/node_modules/next/dist/build/webpack'
npm warn tar TAR_ENTRY_ERROR ENOENT: no such file or directory, lstat '/mnt/data/pickinvoice/pickinvoice-step4/node_modules/next/dist/esm/build/webpack'
npm warn tar TAR_ENTRY_ERROR ENOENT: no such file or directory, lstat '/mnt/data/pickinvoice/pickinvoice-step4/node_modules/next/dist/build/webpack'
npm warn tar TAR_ENTRY_ERROR ENOENT: no such file or directory, lstat '/mnt/data/pickinvoice/pickinvoice-step4/node_modules/next/dist/esm/build/webpack'
npm warn tar TAR_ENTRY_ERROR ENOENT: no such file or directory, lstat '/mnt/data/pickinvoice/pickinvoice-step4/node_modules/next/dist/build/webpack'
npm warn tar TAR_ENTRY_ERROR ENOENT: no such file or directory, lstat '/mnt/data/pickinvoice/pickinvoice-step4/node_modules/next/dist/esm/build/webpack'
npm warn tar TAR_ENTRY_ERROR ENOENT: no such file or directory, lstat '/mnt/data/pickinvoice/pickinvoice-step4/node_modules/next/dist/build/webpack'
npm warn tar TAR_ENTRY_ERROR ENOENT: no such file or directory, lstat '/mnt/data/pickinvoice/pickinvoice-step4/node_modules/next/dist/esm/build/webpack'
npm warn tar TAR_ENTRY_ERROR ENOENT: no such file or directory, lstat '/mnt/data/pickinvoice/pickinvoice-step4/node_modules/next/dist/build/webpack'
npm warn tar TAR_ENTRY_ERROR ENOENT: no such file or directory, lstat '/mnt/data/pickinvoice/pickinvoice-step4/node_modules/next/dist/esm/build/webpack'
npm warn tar TAR_ENTRY_ERROR ENOENT: no such file or directory, lstat '/mnt/data/pickinvoice/pickinvoice-step4/node_modules/next/dist/build/webpack'
npm warn tar TAR_ENTRY_ERROR ENOENT: no such file or directory, lstat '/mnt/data/pickinvoice/pickinvoice-step4/node_modules/next/dist/esm/build/webpack'
npm warn tar TAR_ENTRY_ERROR ENOENT: no such file or directory, lstat '/mnt/data/pickinvoice/pickinvoice-step4/node_modules/next/dist/experimental/testmode/playwright'
npm warn tar TAR_ENTRY_ERROR ENOENT: no such file or directory, open '/mnt/data/pickinvoice/pickinvoice-step4/node_modules/next/dist/build/babel/plugins/next-page-config.js.map'
npm warn tar TAR_ENTRY_ERROR ENOENT: no such file or directory, open '/mnt/data/pickinvoice/pickinvoice-step4/node_modules/next/dist/esm/build/babel/plugins/next-page-config.js.map'
npm warn tar TAR_ENTRY_ERROR ENOENT: no such file or directory, open '/mnt/data/pickinvoice/pickinvoice-step4/node_modules/next/dist/build/babel/plugins/next-page-disallow-re-export-all-exports.js.map'
npm warn tar TAR_ENTRY_ERROR ENOENT: no such file or directory, open '/mnt/data/pickinvoice/pickinvoice-step4/node_modules/next/dist/esm/build/babel/plugins/next-page-disallow-re-export-all-exports.js.map'
npm warn tar TAR_ENTRY_ERROR ENOENT: no such file or directory, lstat '/mnt/data/pickinvoice/pickinvoice-step4/node_modules/next/dist/esm/server/web/spec-extension/adapters'
npm warn tar TAR_ENTRY_ERROR ENOENT: no such file or directory, lstat '/mnt/data/pickinvoice/pickinvoice-step4/node_modules/next/dist/server/web/spec-extension/adapters'
npm warn tar TAR_ENTRY_ERROR ENOENT: no such file or directory, open '/mnt/data/pickinvoice/pickinvoice-step4/node_modules/next/dist/esm/server/next-server.js.map'
npm warn tar TAR_ENTRY_ERROR ENOENT: no such file or directory, open '/mnt/data/pickinvoice/pickinvoice-step4/node_modules/next/dist/server/next-server.js.map'
npm warn tar TAR_ENTRY_ERROR ENOENT: no such file or directory, open '/mnt/data/pickinvoice/pickinvoice-step4/node_modules/next/dist/build/babel/plugins/next-ssg-transform.js.map'
npm warn tar TAR_ENTRY_ERROR ENOENT: no such file or directory, open '/mnt/data/pickinvoice/pickinvoice-step4/node_modules/next/dist/esm/build/babel/plugins/next-ssg-transform.js.map'
npm warn tar TAR_ENTRY_ERROR ENOENT: no such file or directory, lstat '/mnt/data/pickinvoice/pickinvoice-step4/node_modules/next/dist/build/webpack'
npm warn tar TAR_ENTRY_ERROR ENOENT: no such file or directory, lstat '/mnt/data/pickinvoice/pickinvoice-step4/node_modules/next/dist/esm/build/webpack'
npm warn tar TAR_ENTRY_ERROR ENOENT: no such file or directory, open '/mnt/data/pickinvoice/pickinvoice-step4/node_modules/next/dist/build/webpack/plugins/next-trace-entrypoints-plugin.js.map'
npm warn tar TAR_ENTRY_ERROR ENOENT: no such file or directory, open '/mnt/data/pickinvoice/pickinvoice-step4/node_modules/next/dist/esm/build/webpack/plugins/next-trace-entrypoints-plugin.js.map'
npm warn tar TAR_ENTRY_ERROR ENOENT: no such file or directory, open '/mnt/data/pickinvoice/pickinvoice-step4/node_modules/next/dist/esm/server/next-typescript.js.map'
npm warn tar TAR_ENTRY_ERROR ENOENT: no such file or directory, open '/mnt/data/pickinvoice/pickinvoice-step4/node_modules/next/dist/server/next-typescript.js.map'
npm warn tar TAR_ENTRY_ERROR ENOENT: no such file or directory, open '/mnt/data/pickinvoice/pickinvoice-step4/node_modules/next/dist/esm/server/web/next-url.js.map'
npm warn tar TAR_ENTRY_ERROR ENOENT: no such file or directory, open '/mnt/data/pickinvoice/pickinvoice-step4/node_modules/next/dist/server/web/next-url.js.map'
npm warn tar TAR_ENTRY_ERROR ENOENT: no such file or directory, lstat '/mnt/data/pickinvoice/pickinvoice-step4/node_modules/next/dist/experimental/testmode/playwright'
npm warn tar TAR_ENTRY_ERROR ENOENT: no such file or directory, open '/mnt/data/pickinvoice/pickinvoice-step4/node_modules/next/dist/client/next.js.map'
npm warn tar TAR_ENTRY_ERROR ENOENT: no such file or directory, open '/mnt/data/pickinvoice/pickinvoice-step4/node_modules/next/dist/esm/client/next.js.map'
npm warn tar TAR_ENTRY_ERROR ENOENT: no such file or directory, open '/mnt/data/pickinvoice/pickinvoice-step4/node_modules/next/dist/esm/server/next.js.map'
npm warn tar TAR_ENTRY_ERROR ENOENT: no such file or directory, open '/mnt/data/pickinvoice/pickinvoice-step4/node_modules/next/dist/server/next.js.map'
npm warn tar TAR_ENTRY_ERROR ENOENT: no such file or directory, open '/mnt/data/pickinvoice/pickinvoice-step4/node_modules/next/dist/bin/next.map'
npm warn tar TAR_ENTRY_ERROR ENOENT: no such file or directory, lstat '/mnt/data/pickinvoice/pickinvoice-step4/node_modules/next/dist/build/jest'
npm warn tar TAR_ENTRY_ERROR ENOENT: no such file or directory, open '/mnt/data/pickinvoice/pickinvoice-step4/node_modules/next/dist/build/webpack/plugins/nextjs-require-cache-hot-reloader.js.map'
npm warn tar TAR_ENTRY_ERROR ENOENT: no such file or directory, open '/mnt/data/pickinvoice/pickinvoice-step4/node_modules/next/dist/esm/build/webpack/plugins/nextjs-require-cache-hot-reloader.js.map'
npm warn tar TAR_ENTRY_ERROR ENOENT: no such file or directory, open '/mnt/data/pickinvoice/pickinvoice-step4/node_modules/next/dist/esm/server/node-environment.js.map'
npm warn tar TAR_ENTRY_ERROR ENOENT: no such file or directory, open '/mnt/data/pickinvoice/pickinvoice-step4/node_modules/next/dist/server/node-environment.js.map'
npm warn tar TAR_ENTRY_ERROR ENOENT: no such file or directory, open '/mnt/data/pickinvoice/pickinvoice-step4/node_modules/next/dist/esm/server/lib/node-fs-methods.js.map'
npm warn tar TAR_ENTRY_ERROR ENOENT: no such file or directory, open '/mnt/data/pickinvoice/pickinvoice-step4/node_modules/next/dist/server/lib/node-fs-methods.js.map'
npm warn tar TAR_ENTRY_ERROR ENOENT: no such file or directory, lstat '/mnt/data/pickinvoice/pickinvoice-step4/node_modules/next/dist/esm/server/future'
npm warn tar TAR_ENTRY_ERROR ENOENT: no such file or directory, lstat '/mnt/data/pickinvoice/pickinvoice-step4/node_modules/next/dist/server/future'
npm warn tar TAR_ENTRY_ERROR ENOENT: no such file or directory, lstat '/mnt/data/pickinvoice/pickinvoice-step4/node_modules/next/dist/esm/server/future'
npm warn tar TAR_ENTRY_ERROR ENOENT: no such file or directory, lstat '/mnt/data/pickinvoice/pickinvoice-step4/node_modules/next/dist/server/future'
npm warn tar TAR_ENTRY_ERROR ENOENT: no such file or directory, open '/mnt/data/pickinvoice/pickinvoice-step4/node_modules/next/dist/esm/server/node-polyfill-crypto.js.map'
npm warn tar TAR_ENTRY_ERROR ENOENT: no such file or directory, open '/mnt/data/pickinvoice/pickinvoice-step4/node_modules/next/dist/server/node-polyfill-crypto.js.map'
npm warn tar TAR_ENTRY_ERROR ENOENT: no such file or directory, lstat '/mnt/data/pickinvoice/pickinvoice-step4/node_modules/next/dist/esm/server/stream-utils'
npm warn tar TAR_ENTRY_ERROR ENOENT: no such file or directory, lstat '/mnt/data/pickinvoice/pickinvoice-step4/node_modules/next/dist/server/stream-utils'
npm warn tar TAR_ENTRY_ERROR ENOENT: no such file or directory, lstat '/mnt/data/pickinvoice/pickinvoice-step4/node_modules/next/dist/esm/server/base-http'
npm warn tar TAR_ENTRY_ERROR ENOENT: no such file or directory, lstat '/mnt/data/pickinvoice/pickinvoice-step4/node_modules/next/dist/server/base-http'
npm warn tar TAR_ENTRY_ERROR ENOENT: no such file or directory, lstat '/mnt/data/pickinvoice/pickinvoice-step4/node_modules/next/dist/client/components/react-dev-overlay'
npm warn tar TAR_ENTRY_ERROR ENOENT: no such file or directory, lstat '/mnt/data/pickinvoice/pickinvoice-step4/node_modules/next/dist/esm/client/components/react-dev-overlay'
npm warn tar TAR_ENTRY_ERROR ENOENT: no such file or directory, open '/mnt/data/pickinvoice/pickinvoice-step4/node_modules/next/dist/esm/lib/non-nullable.js.map'
npm warn tar TAR_ENTRY_ERROR ENOENT: no such file or directory, open '/mnt/data/pickinvoice/pickinvoice-step4/node_modules/next/dist/lib/non-nullable.js.map'
npm warn tar TAR_ENTRY_ERROR ENOENT: no such file or directory, open '/mnt/data/pickinvoice/pickinvoice-step4/node_modules/next/dist/client/components/noop-head.js.map'
npm warn tar TAR_ENTRY_ERROR ENOENT: no such file or directory, open '/mnt/data/pickinvoice/pickinvoice-step4/node_modules/next/dist/esm/client/components/noop-head.js.map'
npm warn tar TAR_ENTRY_ERROR ENOENT: no such file or directory, lstat '/mnt/data/pickinvoice/pickinvoice-step4/node_modules/next/dist/client/components/react-dev-overlay'
npm warn tar TAR_ENTRY_ERROR ENOENT: no such file or directory, lstat '/mnt/data/pickinvoice/pickinvoice-step4/node_modules/next/dist/esm/client/components/react-dev-overlay'
npm warn tar TAR_ENTRY_ERROR ENOENT: no such file or directory, open '/mnt/data/pickinvoice/pickinvoice-step4/node_modules/next/dist/client/dev/noop-turbopack-hmr.js.map'
npm warn tar TAR_ENTRY_ERROR ENOENT: no such file or directory, open '/mnt/data/pickinvoice/pickinvoice-step4/node_modules/next/dist/esm/client/dev/noop-turbopack-hmr.js.map'
npm warn tar TAR_ENTRY_ERROR ENOENT: no such file or directory, open '/mnt/data/pickinvoice/pickinvoice-step4/node_modules/next/dist/build/normalize-catchall-routes.js.map'
npm warn tar TAR_ENTRY_ERROR ENOENT: no such file or directory, open '/mnt/data/pickinvoice/pickinvoice-step4/node_modules/next/dist/esm/build/normalize-catchall-routes.js.map'
npm warn tar TAR_ENTRY_ERROR ENOENT: no such file or directory, open '/mnt/data/pickinvoice/pickinvoice-step4/node_modules/next/dist/client/normalize-locale-path.js.map'
npm warn tar TAR_ENTRY_ERROR ENOENT: no such file or directory, open '/mnt/data/pickinvoice/pickinvoice-step4/node_modules/next/dist/esm/client/normalize-locale-path.js.map'
npm warn tar TAR_ENTRY_ERROR ENOENT: no such file or directory, lstat '/mnt/data/pickinvoice/pickinvoice-step4/node_modules/next/dist/esm/shared/lib/i18n'
npm warn tar TAR_ENTRY_ERROR ENOENT: no such file or directory, lstat '/mnt/data/pickinvoice/pickinvoice-step4/node_modules/next/dist/shared/lib/i18n'
npm warn tar TAR_ENTRY_ERROR ENOENT: no such file or directory, open '/mnt/data/pickinvoice/pickinvoice-step4/node_modules/next/dist/esm/shared/lib/page-path/normalize-page-path.js.map'
npm warn tar TAR_ENTRY_ERROR ENOENT: no such file or directory, open '/mnt/data/pickinvoice/pickinvoice-step4/node_modules/next/dist/shared/lib/page-path/normalize-page-path.js.map'
npm warn tar TAR_ENTRY_ERROR ENOENT: no such file or directory, open '/mnt/data/pickinvoice/pickinvoice-step4/node_modules/next/dist/esm/shared/lib/page-path/normalize-path-sep.js.map'
npm warn tar TAR_ENTRY_ERROR ENOENT: no such file or directory, open '/mnt/data/pickinvoice/pickinvoice-step4/node_modules/next/dist/shared/lib/page-path/normalize-path-sep.js.map'
npm warn tar TAR_ENTRY_ERROR ENOENT: no such file or directory, open '/mnt/data/pickinvoice/pickinvoice-step4/node_modules/next/dist/client/normalize-trailing-slash.js.map'
npm warn tar TAR_ENTRY_ERROR ENOENT: no such file or directory, open '/mnt/data/pickinvoice/pickinvoice-step4/node_modules/next/dist/esm/client/normalize-trailing-slash.js.map'
npm warn tar TAR_ENTRY_ERROR ENOENT: no such file or directory, open '/mnt/data/pickinvoice/pickinvoice-step4/node_modules/next/dist/esm/shared/lib/normalized-asset-prefix.js.map'
npm warn tar TAR_ENTRY_ERROR ENOENT: no such file or directory, open '/mnt/data/pickinvoice/pickinvoice-step4/node_modules/next/dist/shared/lib/normalized-asset-prefix.js.map'
npm warn tar TAR_ENTRY_ERROR ENOENT: no such file or directory, open '/mnt/data/pickinvoice/pickinvoice-step4/node_modules/next/dist/esm/server/future/normalizers/normalizer.js.map'
npm warn tar TAR_ENTRY_ERROR ENOENT: no such file or directory, open '/mnt/data/pickinvoice/pickinvoice-step4/node_modules/next/dist/server/future/normalizers/normalizer.js.map'
npm warn tar TAR_ENTRY_ERROR ENOENT: no such file or directory, open '/mnt/data/pickinvoice/pickinvoice-step4/node_modules/next/dist/esm/server/future/normalizers/normalizers.js.map'
npm warn tar TAR_ENTRY_ERROR ENOENT: no such file or directory, open '/mnt/data/pickinvoice/pickinvoice-step4/node_modules/next/dist/server/future/normalizers/normalizers.js.map'
npm warn tar TAR_ENTRY_ERROR ENOENT: no such file or directory, open '/mnt/data/pickinvoice/pickinvoice-step4/node_modules/next/dist/client/components/not-found-boundary.js.map'
npm warn tar TAR_ENTRY_ERROR ENOENT: no such file or directory, open '/mnt/data/pickinvoice/pickinvoice-step4/node_modules/next/dist/esm/client/components/not-found-boundary.js.map'
npm warn tar TAR_ENTRY_ERROR ENOENT: no such file or directory, open '/mnt/data/pickinvoice/pickinvoice-step4/node_modules/next/dist/client/components/not-found-error.js.map'
npm warn tar TAR_ENTRY_ERROR ENOENT: no such file or directory, open '/mnt/data/pickinvoice/pickinvoice-step4/node_modules/next/dist/esm/client/components/not-found-error.js.map'
npm warn tar TAR_ENTRY_ERROR ENOENT: no such file or directory, open '/mnt/data/pickinvoice/pickinvoice-step4/node_modules/next/dist/client/components/not-found.js.map'
npm warn tar TAR_ENTRY_ERROR ENOENT: no such file or directory, open '/mnt/data/pickinvoice/pickinvoice-step4/node_modules/next/dist/esm/client/components/not-found.js.map'
npm warn tar TAR_ENTRY_ERROR ENOENT: no such file or directory, lstat '/mnt/data/pickinvoice/pickinvoice-step4/node_modules/next/dist/build/polyfills'
npm warn tar TAR_ENTRY_ERROR ENOENT: no such file or directory, lstat '/mnt/data/pickinvoice/pickinvoice-step4/node_modules/next/dist/esm/build/polyfills'
npm warn tar TAR_ENTRY_ERROR ENOENT: no such file or directory, lstat '/mnt/data/pickinvoice/pickinvoice-step4/node_modules/next/dist/build/jest'
npm warn tar TAR_ENTRY_ERROR ENOENT: no such file or directory, open '/mnt/data/pickinvoice/pickinvoice-step4/node_modules/next/dist/api/og.js.map'
npm warn tar TAR_ENTRY_ERROR ENOENT: no such file or directory, open '/mnt/data/pickinvoice/pickinvoice-step4/node_modules/next/dist/esm/api/og.js.map'
npm warn tar TAR_ENTRY_ERROR ENOENT: no such file or directory, open '/mnt/data/pickinvoice/pickinvoice-step4/node_modules/next/dist/esm/shared/lib/router/utils/omit.js.map'
npm warn tar TAR_ENTRY_ERROR ENOENT: no such file or directory, open '/mnt/data/pickinvoice/pickinvoice-step4/node_modules/next/dist/shared/lib/router/utils/omit.js.map'
npm warn tar TAR_ENTRY_ERROR ENOENT: no such file or directory, open '/mnt/data/pickinvoice/pickinvoice-step4/node_modules/next/dist/client/dev/on-demand-entries-client.js.map'
npm warn tar TAR_ENTRY_ERROR ENOENT: no such file or directory, open '/mnt/data/pickinvoice/pickinvoice-step4/node_modules/next/dist/esm/client/dev/on-demand-entries-client.js.map'
npm warn tar TAR_ENTRY_ERROR ENOENT: no such file or directory, lstat '/mnt/data/pickinvoice/pickinvoice-step4/node_modules/next/dist/esm/server/dev'
npm warn tar TAR_ENTRY_ERROR ENOENT: no such file or directory, lstat '/mnt/data/pickinvoice/pickinvoice-step4/node_modules/next/dist/server/dev'
npm warn tar TAR_ENTRY_ERROR ENOENT: no such file or directory, open '/mnt/data/pickinvoice/pickinvoice-step4/node_modules/next/dist/client/on-recoverable-error.js.map'
npm warn tar TAR_ENTRY_ERROR ENOENT: no such file or directory, open '/mnt/data/pickinvoice/pickinvoice-step4/node_modules/next/dist/esm/client/on-recoverable-error.js.map'
npm warn tar TAR_ENTRY_ERROR ENOENT: no such file or directory, open '/mnt/data/pickinvoice/pickinvoice-step4/node_modules/next/dist/esm/lib/metadata/types/opengraph-types.js.map'
npm warn tar TAR_ENTRY_ERROR ENOENT: no such file or directory, open '/mnt/data/pickinvoice/pickinvoice-step4/node_modules/next/dist/lib/metadata/types/opengraph-types.js.map'
npm warn tar TAR_ENTRY_ERROR ENOENT: no such file or directory, open '/mnt/data/pickinvoice/pickinvoice-step4/node_modules/next/dist/esm/lib/metadata/generate/opengraph.js.map'
npm warn tar TAR_ENTRY_ERROR ENOENT: no such file or directory, open '/mnt/data/pickinvoice/pickinvoice-step4/node_modules/next/dist/lib/metadata/generate/opengraph.js.map'
npm warn tar TAR_ENTRY_ERROR ENOENT: no such file or directory, open '/mnt/data/pickinvoice/pickinvoice-step4/node_modules/next/dist/esm/server/optimize-amp.js.map'
npm warn tar TAR_ENTRY_ERROR ENOENT: no such file or directory, open '/mnt/data/pickinvoice/pickinvoice-step4/node_modules/next/dist/server/optimize-amp.js.map'
npm warn tar TAR_ENTRY_ERROR ENOENT: no such file or directory, open '/mnt/data/pickinvoice/pickinvoice-step4/node_modules/next/dist/build/babel/plugins/optimize-hook-destructuring.js.map'
npm warn tar TAR_ENTRY_ERROR ENOENT: no such file or directory, open '/mnt/data/pickinvoice/pickinvoice-step4/node_modules/next/dist/esm/build/babel/plugins/optimize-hook-destructuring.js.map'
npm warn tar TAR_ENTRY_ERROR ENOENT: no such file or directory, open '/mnt/data/pickinvoice/pickinvoice-step4/node_modules/next/dist/build/webpack/plugins/optional-peer-dependency-resolve-plugin.js.map'
npm warn tar TAR_ENTRY_ERROR ENOENT: no such file or directory, open '/mnt/data/pickinvoice/pickinvoice-step4/node_modules/next/dist/esm/build/webpack/plugins/optional-peer-dependency-resolve-plugin.js.map'
npm warn tar TAR_ENTRY_ERROR ENOENT: no such file or directory, lstat '/mnt/data/pickinvoice/pickinvoice-step4/node_modules/next/dist/build/swc'
npm warn tar TAR_ENTRY_ERROR ENOENT: no such file or directory, lstat '/mnt/data/pickinvoice/pickinvoice-step4/node_modules/next/dist/esm/build/swc'
npm warn tar TAR_ENTRY_ERROR ENOENT: no such file or directory, open '/mnt/data/pickinvoice/pickinvoice-step4/node_modules/next/dist/client/components/react-dev-overlay/internal/components/Overlay/Overlay.js.map'
npm warn tar TAR_ENTRY_ERROR ENOENT: no such file or directory, open '/mnt/data/pickinvoice/pickinvoice-step4/node_modules/next/dist/esm/client/components/react-dev-overlay/internal/components/Overlay/Overlay.js.map'
npm warn tar TAR_ENTRY_ERROR ENOENT: no such file or directory, open '/mnt/data/pickinvoice/pickinvoice-step4/node_modules/next/dist/esm/lib/oxford-comma-list.js.map'
npm warn tar TAR_ENTRY_ERROR ENOENT: no such file or directory, open '/mnt/data/pickinvoice/pickinvoice-step4/node_modules/next/dist/lib/oxford-comma-list.js.map'
npm warn tar TAR_ENTRY_ERROR ENOENT: no such file or directory, open '/mnt/data/pickinvoice/pickinvoice-step4/node_modules/next/dist/client/page-bootstrap.js.map'
npm warn tar TAR_ENTRY_ERROR ENOENT: no such file or directory, open '/mnt/data/pickinvoice/pickinvoice-step4/node_modules/next/dist/esm/client/page-bootstrap.js.map'
npm warn tar TAR_ENTRY_ERROR ENOENT: no such file or directory, open '/mnt/data/pickinvoice/pickinvoice-step4/node_modules/next/dist/build/page-extensions-type.js.map'
npm warn tar TAR_ENTRY_ERROR ENOENT: no such file or directory, open '/mnt/data/pickinvoice/pickinvoice-step4/node_modules/next/dist/esm/build/page-extensions-type.js.map'
npm warn tar TAR_ENTRY_ERROR ENOENT: no such file or directory, open '/mnt/data/pickinvoice/pickinvoice-step4/node_modules/next/dist/client/page-loader.js.map'
npm warn tar TAR_ENTRY_ERROR ENOENT: no such file or directory, open '/mnt/data/pickinvoice/pickinvoice-step4/node_modules/next/dist/esm/client/page-loader.js.map'
npm warn tar TAR_ENTRY_ERROR ENOENT: no such file or directory, lstat '/mnt/data/pickinvoice/pickinvoice-step4/node_modules/next/dist/experimental/testmode/playwright'
npm warn tar TAR_ENTRY_ERROR ENOENT: no such file or directory, open '/mnt/data/pickinvoice/pickinvoice-step4/node_modules/next/dist/esm/lib/page-types.js.map'
npm warn tar TAR_ENTRY_ERROR ENOENT: no such file or directory, open '/mnt/data/pickinvoice/pickinvoice-step4/node_modules/next/dist/lib/page-types.js.map'
npm warn tar TAR_ENTRY_ERROR ENOENT: no such file or directory, open '/mnt/data/pickinvoice/pickinvoice-step4/node_modules/next/dist/esm/server/future/route-definitions/pages-api-route-definition.js.map'
npm warn tar TAR_ENTRY_ERROR ENOENT: no such file or directory, open '/mnt/data/pickinvoice/pickinvoice-step4/node_modules/next/dist/server/future/route-definitions/pages-api-route-definition.js.map'
npm warn tar TAR_ENTRY_ERROR ENOENT: no such file or directory, open '/mnt/data/pickinvoice/pickinvoice-step4/node_modules/next/dist/esm/server/future/route-matches/pages-api-route-match.js.map'
npm warn tar TAR_ENTRY_ERROR ENOENT: no such file or directory, open '/mnt/data/pickinvoice/pickinvoice-step4/node_modules/next/dist/server/future/route-matches/pages-api-route-match.js.map'
npm warn tar TAR_ENTRY_ERROR ENOENT: no such file or directory, open '/mnt/data/pickinvoice/pickinvoice-step4/node_modules/next/dist/esm/server/future/route-matcher-providers/pages-api-route-matcher-provider.js.map'
npm warn tar TAR_ENTRY_ERROR ENOENT: no such file or directory, open '/mnt/data/pickinvoice/pickinvoice-step4/node_modules/next/dist/server/future/route-matcher-providers/pages-api-route-matcher-provider.js.map'
npm warn tar TAR_ENTRY_ERROR ENOENT: no such file or directory, open '/mnt/data/pickinvoice/pickinvoice-step4/node_modules/next/dist/esm/server/future/route-matchers/pages-api-route-matcher.js.map'
npm warn tar TAR_ENTRY_ERROR ENOENT: no such file or directory, open '/mnt/data/pickinvoice/pickinvoice-step4/node_modules/next/dist/server/future/route-matchers/pages-api-route-matcher.js.map'
npm warn tar TAR_ENTRY_ERROR ENOENT: no such file or directory, open '/mnt/data/pickinvoice/pickinvoice-step4/node_modules/next/dist/compiled/next-server/pages-api-turbo.runtime.prod.js.map'
npm warn tar TAR_ENTRY_ERROR ENOENT: no such file or directory, open '/mnt/data/pickinvoice/pickinvoice-step4/node_modules/next/dist/build/templates/pages-api.js.map'
npm warn tar TAR_ENTRY_ERROR ENOENT: no such file or directory, open '/mnt/data/pickinvoice/pickinvoice-step4/node_modules/next/dist/esm/build/templates/pages-api.js.map'
npm warn tar TAR_ENTRY_ERROR ENOENT: no such file or directory, open '/mnt/data/pickinvoice/pickinvoice-step4/node_modules/next/dist/compiled/next-server/pages-api.runtime.dev.js.map'
npm warn tar TAR_ENTRY_ERROR ENOENT: no such file or directory, open '/mnt/data/pickinvoice/pickinvoice-step4/node_modules/next/dist/compiled/next-server/pages-api.runtime.prod.js.map'
npm warn tar TAR_ENTRY_ERROR ENOENT: no such file or directory, lstat '/mnt/data/pickinvoice/pickinvoice-step4/node_modules/next/dist/esm/server/future'
npm warn tar TAR_ENTRY_ERROR ENOENT: no such file or directory, lstat '/mnt/data/pickinvoice/pickinvoice-step4/node_modules/next/dist/server/future'
npm warn tar TAR_ENTRY_ERROR ENOENT: no such file or directory, open '/mnt/data/pickinvoice/pickinvoice-step4/node_modules/next/dist/build/templates/pages-edge-api.js.map'
npm warn tar TAR_ENTRY_ERROR ENOENT: no such file or directory, open '/mnt/data/pickinvoice/pickinvoice-step4/node_modules/next/dist/esm/build/templates/pages-edge-api.js.map'
npm warn tar TAR_ENTRY_ERROR ENOENT: no such file or directory, lstat '/mnt/data/pickinvoice/pickinvoice-step4/node_modules/next/dist/esm/server/future'
npm warn tar TAR_ENTRY_ERROR ENOENT: no such file or directory, lstat '/mnt/data/pickinvoice/pickinvoice-step4/node_modules/next/dist/server/future'
npm warn tar TAR_ENTRY_ERROR ENOENT: no such file or directory, open '/mnt/data/pickinvoice/pickinvoice-step4/node_modules/next/dist/build/webpack/plugins/pages-manifest-plugin.js.map'
npm warn tar TAR_ENTRY_ERROR ENOENT: no such file or directory, open '/mnt/data/pickinvoice/pickinvoice-step4/node_modules/next/dist/esm/build/webpack/plugins/pages-manifest-plugin.js.map'
npm warn tar TAR_ENTRY_ERROR ENOENT: no such file or directory, lstat '/mnt/data/pickinvoice/pickinvoice-step4/node_modules/next/dist/esm/server/future'
npm warn tar TAR_ENTRY_ERROR ENOENT: no such file or directory, lstat '/mnt/data/pickinvoice/pickinvoice-step4/node_modules/next/dist/server/future'
npm warn tar TAR_ENTRY_ERROR ENOENT: no such file or directory, lstat '/mnt/data/pickinvoice/pickinvoice-step4/node_modules/next/dist/esm/server/future'
npm warn tar TAR_ENTRY_ERROR ENOENT: no such file or directory, lstat '/mnt/data/pickinvoice/pickinvoice-step4/node_modules/next/dist/server/future'
npm warn tar TAR_ENTRY_ERROR ENOENT: no such file or directory, open '/mnt/data/pickinvoice/pickinvoice-step4/node_modules/next/dist/esm/server/future/route-definitions/pages-route-definition.js.map'
npm warn tar TAR_ENTRY_ERROR ENOENT: no such file or directory, open '/mnt/data/pickinvoice/pickinvoice-step4/node_modules/next/dist/server/future/route-definitions/pages-route-definition.js.map'
npm warn tar TAR_ENTRY_ERROR ENOENT: no such file or directory, open '/mnt/data/pickinvoice/pickinvoice-step4/node_modules/next/dist/esm/server/future/route-matches/pages-route-match.js.map'
npm warn tar TAR_ENTRY_ERROR ENOENT: no such file or directory, open '/mnt/data/pickinvoice/pickinvoice-step4/node_modules/next/dist/server/future/route-matches/pages-route-match.js.map'
npm warn tar TAR_ENTRY_ERROR ENOENT: no such file or directory, open '/mnt/data/pickinvoice/pickinvoice-step4/node_modules/next/dist/esm/server/future/route-matcher-providers/pages-route-matcher-provider.js.map'
npm warn tar TAR_ENTRY_ERROR ENOENT: no such file or directory, open '/mnt/data/pickinvoice/pickinvoice-step4/node_modules/next/dist/server/future/route-matcher-providers/pages-route-matcher-provider.js.map'
npm warn tar TAR_ENTRY_ERROR ENOENT: no such file or directory, open '/mnt/data/pickinvoice/pickinvoice-step4/node_modules/next/dist/esm/server/future/route-matchers/pages-route-matcher.js.map'
npm warn tar TAR_ENTRY_ERROR ENOENT: no such file or directory, open '/mnt/data/pickinvoice/pickinvoice-step4/node_modules/next/dist/server/future/route-matchers/pages-route-matcher.js.map'
npm warn tar TAR_ENTRY_ERROR ENOENT: no such file or directory, open '/mnt/data/pickinvoice/pickinvoice-step4/node_modules/next/dist/compiled/next-server/pages-turbo.runtime.prod.js.map'
npm warn tar TAR_ENTRY_ERROR ENOENT: no such file or directory, open '/mnt/data/pickinvoice/pickinvoice-step4/node_modules/next/dist/build/templates/pages.js.map'
npm warn tar TAR_ENTRY_ERROR ENOENT: no such file or directory, open '/mnt/data/pickinvoice/pickinvoice-step4/node_modules/next/dist/esm/build/templates/pages.js.map'
npm warn tar TAR_ENTRY_ERROR ENOENT: no such file or directory, open '/mnt/data/pickinvoice/pickinvoice-step4/node_modules/next/dist/esm/export/routes/pages.js.map'
npm warn tar TAR_ENTRY_ERROR ENOENT: no such file or directory, open '/mnt/data/pickinvoice/pickinvoice-step4/node_modules/next/dist/export/routes/pages.js.map'
npm warn tar TAR_ENTRY_ERROR ENOENT: no such file or directory, open '/mnt/data/pickinvoice/pickinvoice-step4/node_modules/next/dist/compiled/next-server/pages.runtime.dev.js.map'
npm warn tar TAR_ENTRY_ERROR ENOENT: no such file or directory, lstat '/mnt/data/pickinvoice/pickinvoice-step4/node_modules/@sparticuz/chromium/build'
npm warn tar TAR_ENTRY_ERROR ENOENT: no such file or directory, lstat '/mnt/data/pickinvoice/pickinvoice-step4/node_modules/@sparticuz/chromium/build'
npm warn tar TAR_ENTRY_ERROR ENOENT: no such file or directory, lstat '/mnt/data/pickinvoice/pickinvoice-step4/node_modules/@sparticuz/chromium/build'
npm warn tar TAR_ENTRY_ERROR ENOENT: no such file or directory, open '/mnt/data/pickinvoice/pickinvoice-step4/node_modules/@sparticuz/chromium/package.json'
npm warn tar TAR_ENTRY_ERROR ENOENT: no such file or directory, open '/mnt/data/pickinvoice/pickinvoice-step4/node_modules/@sparticuz/chromium/README.md'
npm warn tar TAR_ENTRY_ERROR ENOENT: no such file or directory, lstat '/mnt/data/pickinvoice/pickinvoice-step4/node_modules/@sparticuz/chromium/build'
npm warn tar TAR_ENTRY_ERROR ENOENT: no such file or directory, lstat '/mnt/data/pickinvoice/pickinvoice-step4/node_modules/@sparticuz/chromium/build'
npm warn tar TAR_ENTRY_ERROR ENOENT: no such file or directory, lstat '/mnt/data/pickinvoice/pickinvoice-step4/node_modules/@sparticuz/chromium/build'
npm warn tar TAR_ENTRY_ERROR ENOENT: no such file or directory, open '/mnt/data/pickinvoice/pickinvoice-step4/node_modules/next/dist/compiled/next-server/pages.runtime.prod.js.map'
npm warn tar TAR_ENTRY_ERROR ENOENT: no such file or directory, open '/mnt/data/pickinvoice/pickinvoice-step4/node_modules/next/dist/client/components/parallel-route-default.js.map'
npm warn tar TAR_ENTRY_ERROR ENOENT: no such file or directory, open '/mnt/data/pickinvoice/pickinvoice-step4/node_modules/next/dist/esm/client/components/parallel-route-default.js.map'
npm warn tar TAR_ENTRY_ERROR ENOENT: no such file or directory, open '/mnt/data/pickinvoice/pickinvoice-step4/node_modules/next/dist/esm/server/app-render/parse-and-validate-flight-router-state.js.map'
npm warn tar TAR_ENTRY_ERROR ENOENT: no such file or directory, open '/mnt/data/pickinvoice/pickinvoice-step4/node_modules/next/dist/server/app-render/parse-and-validate-flight-router-state.js.map'
npm warn tar TAR_ENTRY_ERROR ENOENT: no such file or directory, open '/mnt/data/pickinvoice/pickinvoice-step4/node_modules/next/dist/esm/server/api-utils/node/parse-body.js.map'
npm warn tar TAR_ENTRY_ERROR ENOENT: no such file or directory, open '/mnt/data/pickinvoice/pickinvoice-step4/node_modules/next/dist/server/api-utils/node/parse-body.js.map'
npm warn tar TAR_ENTRY_ERROR ENOENT: no such file or directory, lstat '/mnt/data/pickinvoice/pickinvoice-step4/node_modules/next/dist/client/components/react-dev-overlay'
npm warn tar TAR_ENTRY_ERROR ENOENT: no such file or directory, lstat '/mnt/data/pickinvoice/pickinvoice-step4/node_modules/next/dist/esm/client/components/react-dev-overlay'
npm warn tar TAR_ENTRY_ERROR ENOENT: no such file or directory, lstat '/mnt/data/pickinvoice/pickinvoice-step4/node_modules/next/dist/build/webpack'
npm warn tar TAR_ENTRY_ERROR ENOENT: no such file or directory, lstat '/mnt/data/pickinvoice/pickinvoice-step4/node_modules/next/dist/esm/build/webpack'
npm warn tar TAR_ENTRY_ERROR ENOENT: no such file or directory, open '/mnt/data/pickinvoice/pickinvoice-step4/node_modules/next/dist/esm/server/app-render/parse-loader-tree.js.map'
npm warn tar TAR_ENTRY_ERROR ENOENT: no such file or directory, open '/mnt/data/pickinvoice/pickinvoice-step4/node_modules/next/dist/server/app-render/parse-loader-tree.js.map'
npm warn tar TAR_ENTRY_ERROR ENOENT: no such file or directory, lstat '/mnt/data/pickinvoice/pickinvoice-step4/node_modules/next/dist/build/analysis'
npm warn tar TAR_ENTRY_ERROR ENOENT: no such file or directory, lstat '/mnt/data/pickinvoice/pickinvoice-step4/node_modules/next/dist/esm/build/analysis'
npm warn tar TAR_ENTRY_ERROR ENOENT: no such file or directory, open '/mnt/data/pickinvoice/pickinvoice-step4/node_modules/next/dist/esm/shared/lib/router/utils/parse-path.js.map'
npm warn tar TAR_ENTRY_ERROR ENOENT: no such file or directory, open '/mnt/data/pickinvoice/pickinvoice-step4/node_modules/next/dist/shared/lib/router/utils/parse-path.js.map'
npm warn tar TAR_ENTRY_ERROR ENOENT: no such file or directory, open '/mnt/data/pickinvoice/pickinvoice-step4/node_modules/next/dist/esm/shared/lib/router/utils/parse-relative-url.js.map'
npm warn tar TAR_ENTRY_ERROR ENOENT: no such file or directory, open '/mnt/data/pickinvoice/pickinvoice-step4/node_modules/next/dist/shared/lib/router/utils/parse-relative-url.js.map'
npm warn tar TAR_ENTRY_ERROR ENOENT: no such file or directory, open '/mnt/data/pickinvoice/pickinvoice-step4/node_modules/next/dist/esm/shared/lib/router/utils/parse-url.js.map'
npm warn tar TAR_ENTRY_ERROR ENOENT: no such file or directory, open '/mnt/data/pickinvoice/pickinvoice-step4/node_modules/next/dist/shared/lib/router/utils/parse-url.js.map'
npm warn tar TAR_ENTRY_ERROR ENOENT: no such file or directory, lstat '/mnt/data/pickinvoice/pickinvoice-step4/node_modules/next/dist/esm/server/dev'
npm warn tar TAR_ENTRY_ERROR ENOENT: no such file or directory, lstat '/mnt/data/pickinvoice/pickinvoice-step4/node_modules/next/dist/server/dev'
npm warn tar TAR_ENTRY_ERROR ENOENT: no such file or directory, lstat '/mnt/data/pickinvoice/pickinvoice-step4/node_modules/next/dist/build/webpack'
npm warn tar TAR_ENTRY_ERROR ENOENT: no such file or directory, lstat '/mnt/data/pickinvoice/pickinvoice-step4/node_modules/next/dist/esm/build/webpack'
npm warn tar TAR_ENTRY_ERROR ENOENT: no such file or directory, lstat '/mnt/data/pickinvoice/pickinvoice-step4/node_modules/next/dist/build/webpack'
npm warn tar TAR_ENTRY_ERROR ENOENT: no such file or directory, lstat '/mnt/data/pickinvoice/pickinvoice-step4/node_modules/next/dist/esm/build/webpack'
npm warn tar TAR_ENTRY_ERROR ENOENT: no such file or directory, open '/mnt/data/pickinvoice/pickinvoice-step4/node_modules/next/dist/esm/server/future/route-modules/app-route/helpers/parsed-url-query-to-params.js.map'
npm warn tar TAR_ENTRY_ERROR ENOENT: no such file or directory, open '/mnt/data/pickinvoice/pickinvoice-step4/node_modules/next/dist/server/future/route-modules/app-route/helpers/parsed-url-query-to-params.js.map'
npm warn tar TAR_ENTRY_ERROR ENOENT: no such file or directory, lstat '/mnt/data/pickinvoice/pickinvoice-step4/node_modules/next/dist/build/webpack'
npm warn tar TAR_ENTRY_ERROR ENOENT: no such file or directory, lstat '/mnt/data/pickinvoice/pickinvoice-step4/node_modules/next/dist/esm/build/webpack'
npm warn tar TAR_ENTRY_ERROR ENOENT: no such file or directory, lstat '/mnt/data/pickinvoice/pickinvoice-step4/node_modules/next/dist/build/webpack'
npm warn tar TAR_ENTRY_ERROR ENOENT: no such file or directory, lstat '/mnt/data/pickinvoice/pickinvoice-step4/node_modules/next/dist/esm/build/webpack'
npm warn tar TAR_ENTRY_ERROR ENOENT: no such file or directory, lstat '/mnt/data/pickinvoice/pickinvoice-step4/node_modules/next/dist/build/webpack'
npm warn tar TAR_ENTRY_ERROR ENOENT: no such file or directory, lstat '/mnt/data/pickinvoice/pickinvoice-step4/node_modules/next/dist/esm/build/webpack'
npm warn tar TAR_ENTRY_ERROR ENOENT: no such file or directory, lstat '/mnt/data/pickinvoice/pickinvoice-step4/node_modules/next/dist/build/webpack'
npm warn tar TAR_ENTRY_ERROR ENOENT: no such file or directory, lstat '/mnt/data/pickinvoice/pickinvoice-step4/node_modules/next/dist/esm/build/webpack'
npm warn tar TAR_ENTRY_ERROR ENOENT: no such file or directory, lstat '/mnt/data/pickinvoice/pickinvoice-step4/node_modules/next/dist/build/webpack'
npm warn tar TAR_ENTRY_ERROR ENOENT: no such file or directory, lstat '/mnt/data/pickinvoice/pickinvoice-step4/node_modules/next/dist/esm/build/webpack'
npm warn tar TAR_ENTRY_ERROR ENOENT: no such file or directory, lstat '/mnt/data/pickinvoice/pickinvoice-step4/node_modules/next/dist/build/webpack'
npm warn tar TAR_ENTRY_ERROR ENOENT: no such file or directory, lstat '/mnt/data/pickinvoice/pickinvoice-step4/node_modules/next/dist/esm/build/webpack'
npm warn tar TAR_ENTRY_ERROR ENOENT: no such file or directory, lstat '/mnt/data/pickinvoice/pickinvoice-step4/node_modules/next/dist/client/components/react-dev-overlay'
npm warn tar TAR_ENTRY_ERROR ENOENT: no such file or directory, lstat '/mnt/data/pickinvoice/pickinvoice-step4/node_modules/next/dist/esm/client/components/react-dev-overlay'
npm warn tar TAR_ENTRY_ERROR ENOENT: no such file or directory, open '/mnt/data/pickinvoice/pickinvoice-step4/node_modules/next/dist/esm/server/lib/patch-fetch.js.map'
npm warn tar TAR_ENTRY_ERROR ENOENT: no such file or directory, open '/mnt/data/pickinvoice/pickinvoice-step4/node_modules/next/dist/server/lib/patch-fetch.js.map'
npm warn tar TAR_ENTRY_ERROR ENOENT: no such file or directory, open '/mnt/data/pickinvoice/pickinvoice-step4/node_modules/next/dist/esm/lib/patch-incorrect-lockfile.js.map'
npm warn tar TAR_ENTRY_ERROR ENOENT: no such file or directory, open '/mnt/data/pickinvoice/pickinvoice-step4/node_modules/next/dist/lib/patch-incorrect-lockfile.js.map'
npm warn tar TAR_ENTRY_ERROR ENOENT: no such file or directory, open '/mnt/data/pickinvoice/pickinvoice-step4/node_modules/next/dist/esm/shared/lib/router/utils/path-has-prefix.js.map'
npm warn tar TAR_ENTRY_ERROR ENOENT: no such file or directory, open '/mnt/data/pickinvoice/pickinvoice-step4/node_modules/next/dist/shared/lib/router/utils/path-has-prefix.js.map'
npm warn tar TAR_ENTRY_ERROR ENOENT: no such file or directory, open '/mnt/data/pickinvoice/pickinvoice-step4/node_modules/next/dist/esm/shared/lib/router/utils/path-match.js.map'
npm warn tar TAR_ENTRY_ERROR ENOENT: no such file or directory, open '/mnt/data/pickinvoice/pickinvoice-step4/node_modules/next/dist/shared/lib/router/utils/path-match.js.map'
npm warn tar TAR_ENTRY_ERROR ENOENT: no such file or directory, lstat '/mnt/data/pickinvoice/pickinvoice-step4/node_modules/next/dist/esm/shared/lib/isomorphic'
npm warn tar TAR_ENTRY_ERROR ENOENT: no such file or directory, lstat '/mnt/data/pickinvoice/pickinvoice-step4/node_modules/next/dist/shared/lib/isomorphic'
npm warn tar TAR_ENTRY_ERROR ENOENT: no such file or directory, open '/mnt/data/pickinvoice/pickinvoice-step4/node_modules/next/dist/esm/server/future/normalizers/request/pathname-normalizer.js.map'
npm warn tar TAR_ENTRY_ERROR ENOENT: no such file or directory, open '/mnt/data/pickinvoice/pickinvoice-step4/node_modules/next/dist/server/future/normalizers/request/pathname-normalizer.js.map'
npm warn tar TAR_ENTRY_ERROR ENOENT: no such file or directory, open '/mnt/data/pickinvoice/pickinvoice-step4/node_modules/next/dist/client/performance-relayer-app.js.map'
npm warn tar TAR_ENTRY_ERROR ENOENT: no such file or directory, open '/mnt/data/pickinvoice/pickinvoice-step4/node_modules/next/dist/esm/client/performance-relayer-app.js.map'
npm warn tar TAR_ENTRY_ERROR ENOENT: no such file or directory, open '/mnt/data/pickinvoice/pickinvoice-step4/node_modules/next/dist/client/performance-relayer.js.map'
npm warn tar TAR_ENTRY_ERROR ENOENT: no such file or directory, open '/mnt/data/pickinvoice/pickinvoice-step4/node_modules/next/dist/esm/client/performance-relayer.js.map'
npm warn tar TAR_ENTRY_ERROR ENOENT: no such file or directory, open '/mnt/data/pickinvoice/pickinvoice-step4/node_modules/next/dist/esm/lib/pick.js.map'
npm warn tar TAR_ENTRY_ERROR ENOENT: no such file or directory, open '/mnt/data/pickinvoice/pickinvoice-step4/node_modules/next/dist/lib/pick.js.map'
npm warn tar TAR_ENTRY_ERROR ENOENT: no such file or directory, open '/mnt/data/pickinvoice/pickinvoice-step4/node_modules/next/dist/esm/lib/picocolors.js.map'
npm warn tar TAR_ENTRY_ERROR ENOENT: no such file or directory, open '/mnt/data/pickinvoice/pickinvoice-step4/node_modules/next/dist/lib/picocolors.js.map'
npm warn tar TAR_ENTRY_ERROR ENOENT: no such file or directory, open '/mnt/data/pickinvoice/pickinvoice-step4/node_modules/next/dist/esm/server/pipe-readable.js.map'
npm warn tar TAR_ENTRY_ERROR ENOENT: no such file or directory, open '/mnt/data/pickinvoice/pickinvoice-step4/node_modules/next/dist/server/pipe-readable.js.map'
npm warn tar TAR_ENTRY_ERROR ENOENT: no such file or directory, lstat '/mnt/data/pickinvoice/pickinvoice-step4/node_modules/next/dist/build/webpack'
npm warn tar TAR_ENTRY_ERROR ENOENT: no such file or directory, lstat '/mnt/data/pickinvoice/pickinvoice-step4/node_modules/next/dist/esm/build/webpack'
npm warn tar TAR_ENTRY_ERROR ENOENT: no such file or directory, open '/mnt/data/pickinvoice/pickinvoice-step4/node_modules/next/dist/telemetry/events/plugins.js.map'
npm warn tar TAR_ENTRY_ERROR ENOENT: no such file or directory, open '/mnt/data/pickinvoice/pickinvoice-step4/node_modules/next/dist/build/polyfills/object.assign/polyfill.js.map'
npm warn tar TAR_ENTRY_ERROR ENOENT: no such file or directory, open '/mnt/data/pickinvoice/pickinvoice-step4/node_modules/next/dist/esm/build/polyfills/object.assign/polyfill.js.map'
npm warn tar TAR_ENTRY_ERROR ENOENT: no such file or directory, open '/mnt/data/pickinvoice/pickinvoice-step4/node_modules/next/dist/telemetry/post-payload.js.map'
npm warn tar TAR_ENTRY_ERROR ENOENT: no such file or directory, open '/mnt/data/pickinvoice/pickinvoice-step4/node_modules/next/dist/esm/server/post-process.js.map'
npm warn tar TAR_ENTRY_ERROR ENOENT: no such file or directory, open '/mnt/data/pickinvoice/pickinvoice-step4/node_modules/next/dist/server/post-process.js.map'
npm warn tar TAR_ENTRY_ERROR ENOENT: no such file or directory, lstat '/mnt/data/pickinvoice/pickinvoice-step4/node_modules/next/dist/build/webpack'
npm warn tar TAR_ENTRY_ERROR ENOENT: no such file or directory, lstat '/mnt/data/pickinvoice/pickinvoice-step4/node_modules/next/dist/esm/build/webpack'
npm warn tar TAR_ENTRY_ERROR ENOENT: no such file or directory, lstat '/mnt/data/pickinvoice/pickinvoice-step4/node_modules/next/dist/build/webpack'
npm warn tar TAR_ENTRY_ERROR ENOENT: no such file or directory, lstat '/mnt/data/pickinvoice/pickinvoice-step4/node_modules/next/dist/esm/build/webpack'
npm warn tar TAR_ENTRY_ERROR ENOENT: no such file or directory, lstat '/mnt/data/pickinvoice/pickinvoice-step4/node_modules/next/dist/build/webpack'
npm warn tar TAR_ENTRY_ERROR ENOENT: no such file or directory, lstat '/mnt/data/pickinvoice/pickinvoice-step4/node_modules/next/dist/esm/build/webpack'
npm warn tar TAR_ENTRY_ERROR ENOENT: no such file or directory, lstat '/mnt/data/pickinvoice/pickinvoice-step4/node_modules/next/dist/build/webpack'
npm warn tar TAR_ENTRY_ERROR ENOENT: no such file or directory, lstat '/mnt/data/pickinvoice/pickinvoice-step4/node_modules/next/dist/esm/build/webpack'
npm warn tar TAR_ENTRY_ERROR ENOENT: no such file or directory, lstat '/mnt/data/pickinvoice/pickinvoice-step4/node_modules/next/dist/build/webpack'
npm warn tar TAR_ENTRY_ERROR ENOENT: no such file or directory, lstat '/mnt/data/pickinvoice/pickinvoice-step4/node_modules/next/dist/esm/build/webpack'
npm warn tar TAR_ENTRY_ERROR ENOENT: no such file or directory, lstat '/mnt/data/pickinvoice/pickinvoice-step4/node_modules/next/dist/esm/server/app-render/rsc'
npm warn tar TAR_ENTRY_ERROR ENOENT: no such file or directory, lstat '/mnt/data/pickinvoice/pickinvoice-step4/node_modules/next/dist/server/app-render/rsc'
npm warn tar TAR_ENTRY_ERROR ENOENT: no such file or directory, open '/mnt/data/pickinvoice/pickinvoice-step4/node_modules/next/dist/esm/server/future/normalizers/request/postponed.js.map'
npm warn tar TAR_ENTRY_ERROR ENOENT: no such file or directory, open '/mnt/data/pickinvoice/pickinvoice-step4/node_modules/next/dist/server/future/normalizers/request/postponed.js.map'
npm warn tar TAR_ENTRY_ERROR ENOENT: no such file or directory, open '/mnt/data/pickinvoice/pickinvoice-step4/node_modules/next/dist/client/components/router-reducer/ppr-navigations.js.map'
npm warn tar TAR_ENTRY_ERROR ENOENT: no such file or directory, open '/mnt/data/pickinvoice/pickinvoice-step4/node_modules/next/dist/esm/client/components/router-reducer/ppr-navigations.js.map'
npm warn tar TAR_ENTRY_ERROR ENOENT: no such file or directory, open '/mnt/data/pickinvoice/pickinvoice-step4/node_modules/next/dist/client/components/router-reducer/prefetch-cache-utils.js.map'
npm warn tar TAR_ENTRY_ERROR ENOENT: no such file or directory, open '/mnt/data/pickinvoice/pickinvoice-step4/node_modules/next/dist/esm/client/components/router-reducer/prefetch-cache-utils.js.map'
npm warn tar TAR_ENTRY_ERROR ENOENT: no such file or directory, lstat '/mnt/data/pickinvoice/pickinvoice-step4/node_modules/next/dist/client/components/router-reducer/reducers'
npm warn tar TAR_ENTRY_ERROR ENOENT: no such file or directory, lstat '/mnt/data/pickinvoice/pickinvoice-step4/node_modules/next/dist/esm/client/components/router-reducer/reducers'
npm warn tar TAR_ENTRY_ERROR ENOENT: no such file or directory, open '/mnt/data/pickinvoice/pickinvoice-step4/node_modules/next/dist/esm/server/future/normalizers/request/prefetch-rsc.js.map'
npm warn tar TAR_ENTRY_ERROR ENOENT: no such file or directory, open '/mnt/data/pickinvoice/pickinvoice-step4/node_modules/next/dist/server/future/normalizers/request/prefetch-rsc.js.map'
npm warn tar TAR_ENTRY_ERROR ENOENT: no such file or directory, open '/mnt/data/pickinvoice/pickinvoice-step4/node_modules/next/dist/esm/server/future/normalizers/request/prefix.js.map'
npm warn tar TAR_ENTRY_ERROR ENOENT: no such file or directory, open '/mnt/data/pickinvoice/pickinvoice-step4/node_modules/next/dist/server/future/normalizers/request/prefix.js.map'
npm warn tar TAR_ENTRY_ERROR ENOENT: no such file or directory, open '/mnt/data/pickinvoice/pickinvoice-step4/node_modules/next/dist/esm/server/future/normalizers/prefixing-normalizer.js.map'
npm warn tar TAR_ENTRY_ERROR ENOENT: no such file or directory, open '/mnt/data/pickinvoice/pickinvoice-step4/node_modules/next/dist/server/future/normalizers/prefixing-normalizer.js.map'
npm warn tar TAR_ENTRY_ERROR ENOENT: no such file or directory, open '/mnt/data/pickinvoice/pickinvoice-step4/node_modules/next/dist/esm/shared/lib/lazy-dynamic/preload-css.js.map'
npm warn tar TAR_ENTRY_ERROR ENOENT: no such file or directory, open '/mnt/data/pickinvoice/pickinvoice-step4/node_modules/next/dist/shared/lib/lazy-dynamic/preload-css.js.map'
npm warn tar TAR_ENTRY_ERROR ENOENT: no such file or directory, lstat '/mnt/data/pickinvoice/pickinvoice-step4/node_modules/next/dist/esm/server/app-render/rsc'
npm warn tar TAR_ENTRY_ERROR ENOENT: no such file or directory, lstat '/mnt/data/pickinvoice/pickinvoice-step4/node_modules/next/dist/server/app-render/rsc'
npm warn tar TAR_ENTRY_ERROR ENOENT: no such file or directory, open '/mnt/data/pickinvoice/pickinvoice-step4/node_modules/next/dist/esm/shared/lib/router/utils/prepare-destination.js.map'
npm warn tar TAR_ENTRY_ERROR ENOENT: no such file or directory, open '/mnt/data/pickinvoice/pickinvoice-step4/node_modules/next/dist/shared/lib/router/utils/prepare-destination.js.map'
npm warn tar TAR_ENTRY_ERROR ENOENT: no such file or directory, lstat '/mnt/data/pickinvoice/pickinvoice-step4/node_modules/next/dist/build/babel'
npm warn tar TAR_ENTRY_ERROR ENOENT: no such file or directory, lstat '/mnt/data/pickinvoice/pickinvoice-step4/node_modules/next/dist/esm/build/babel'
npm warn tar TAR_ENTRY_ERROR ENOENT: no such file or directory, open '/mnt/data/pickinvoice/pickinvoice-step4/node_modules/next/dist/esm/lib/pretty-bytes.js.map'
npm warn tar TAR_ENTRY_ERROR ENOENT: no such file or directory, open '/mnt/data/pickinvoice/pickinvoice-step4/node_modules/next/dist/lib/pretty-bytes.js.map'
npm warn tar TAR_ENTRY_ERROR ENOENT: no such file or directory, lstat '/mnt/data/pickinvoice/pickinvoice-step4/node_modules/next/dist/build/polyfills'
npm warn tar TAR_ENTRY_ERROR ENOENT: no such file or directory, lstat '/mnt/data/pickinvoice/pickinvoice-step4/node_modules/next/dist/esm/build/polyfills'
npm warn tar TAR_ENTRY_ERROR ENOENT: no such file or directory, open '/mnt/data/pickinvoice/pickinvoice-step4/node_modules/next/dist/build/webpack/plugins/profiling-plugin.js.map'
npm warn tar TAR_ENTRY_ERROR ENOENT: no such file or directory, open '/mnt/data/pickinvoice/pickinvoice-step4/node_modules/next/dist/esm/build/webpack/plugins/profiling-plugin.js.map'
npm warn tar TAR_ENTRY_ERROR ENOENT: no such file or directory, open '/mnt/data/pickinvoice/pickinvoice-step4/node_modules/next/dist/build/progress.js.map'
npm warn tar TAR_ENTRY_ERROR ENOENT: no such file or directory, open '/mnt/data/pickinvoice/pickinvoice-step4/node_modules/next/dist/esm/build/progress.js.map'
npm warn tar TAR_ENTRY_ERROR ENOENT: no such file or directory, open '/mnt/data/pickinvoice/pickinvoice-step4/node_modules/next/dist/telemetry/project-id.js.map'
npm warn tar TAR_ENTRY_ERROR ENOENT: no such file or directory, open '/mnt/data/pickinvoice/pickinvoice-step4/node_modules/next/dist/client/components/promise-queue.js.map'
npm warn tar TAR_ENTRY_ERROR ENOENT: no such file or directory, open '/mnt/data/pickinvoice/pickinvoice-step4/node_modules/next/dist/esm/client/components/promise-queue.js.map'
npm warn tar TAR_ENTRY_ERROR ENOENT: no such file or directory, open '/mnt/data/pickinvoice/pickinvoice-step4/node_modules/next/dist/esm/server/lib/router-utils/proxy-request.js.map'
npm warn tar TAR_ENTRY_ERROR ENOENT: no such file or directory, open '/mnt/data/pickinvoice/pickinvoice-step4/node_modules/next/dist/server/lib/router-utils/proxy-request.js.map'
npm warn tar TAR_ENTRY_ERROR ENOENT: no such file or directory, open '/mnt/data/pickinvoice/pickinvoice-step4/node_modules/next/dist/esm/shared/lib/router/utils/querystring.js.map'
npm warn tar TAR_ENTRY_ERROR ENOENT: no such file or directory, open '/mnt/data/pickinvoice/pickinvoice-step4/node_modules/next/dist/shared/lib/router/utils/querystring.js.map'
npm warn tar TAR_ENTRY_ERROR ENOENT: no such file or directory, lstat '/mnt/data/pickinvoice/pickinvoice-step4/node_modules/next/dist/build/webpack'
npm warn tar TAR_ENTRY_ERROR ENOENT: no such file or directory, lstat '/mnt/data/pickinvoice/pickinvoice-step4/node_modules/next/dist/esm/build/webpack'
npm warn tar TAR_ENTRY_ERROR ENOENT: no such file or directory, lstat '/mnt/data/pickinvoice/pickinvoice-step4/node_modules/next/dist/build/webpack'
npm warn tar TAR_ENTRY_ERROR ENOENT: no such file or directory, lstat '/mnt/data/pickinvoice/pickinvoice-step4/node_modules/next/dist/esm/build/webpack'
npm warn tar TAR_ENTRY_ERROR ENOENT: no such file or directory, lstat '/mnt/data/pickinvoice/pickinvoice-step4/node_modules/next/dist/build/webpack'
npm warn tar TAR_ENTRY_ERROR ENOENT: no such file or directory, lstat '/mnt/data/pickinvoice/pickinvoice-step4/node_modules/next/dist/esm/build/webpack'
npm warn tar TAR_ENTRY_ERROR ENOENT: no such file or directory, lstat '/mnt/data/pickinvoice/pickinvoice-step4/node_modules/next/dist/build/webpack'
npm warn tar TAR_ENTRY_ERROR ENOENT: no such file or directory, lstat '/mnt/data/pickinvoice/pickinvoice-step4/node_modules/next/dist/esm/build/webpack'
npm warn tar TAR_ENTRY_ERROR ENOENT: no such file or directory, lstat '/mnt/data/pickinvoice/pickinvoice-step4/node_modules/next/dist/esm/server/future'
npm warn tar TAR_ENTRY_ERROR ENOENT: no such file or directory, lstat '/mnt/data/pickinvoice/pickinvoice-step4/node_modules/next/dist/server/future'
npm warn tar TAR_ENTRY_ERROR ENOENT: no such file or directory, lstat '/mnt/data/pickinvoice/pickinvoice-step4/node_modules/next/dist/esm/server/future'
npm warn tar TAR_ENTRY_ERROR ENOENT: no such file or directory, lstat '/mnt/data/pickinvoice/pickinvoice-step4/node_modules/next/dist/esm/server/future'
npm warn tar TAR_ENTRY_ERROR ENOENT: no such file or directory, lstat '/mnt/data/pickinvoice/pickinvoice-step4/node_modules/next/dist/server/future'
npm warn tar TAR_ENTRY_ERROR ENOENT: no such file or directory, lstat '/mnt/data/pickinvoice/pickinvoice-step4/node_modules/next/dist/server/future'
npm warn tar TAR_ENTRY_ERROR ENOENT: no such file or directory, lstat '/mnt/data/pickinvoice/pickinvoice-step4/node_modules/next/dist/esm/server/future'
npm warn tar TAR_ENTRY_ERROR ENOENT: no such file or directory, lstat '/mnt/data/pickinvoice/pickinvoice-step4/node_modules/next/dist/esm/server/future'
npm warn tar TAR_ENTRY_ERROR ENOENT: no such file or directory, lstat '/mnt/data/pickinvoice/pickinvoice-step4/node_modules/next/dist/server/future'
npm warn tar TAR_ENTRY_ERROR ENOENT: no such file or directory, lstat '/mnt/data/pickinvoice/pickinvoice-step4/node_modules/next/dist/server/future'
npm warn tar TAR_ENTRY_ERROR ENOENT: no such file or directory, lstat '/mnt/data/pickinvoice/pickinvoice-step4/node_modules/next/dist/esm/server/future'
npm warn tar TAR_ENTRY_ERROR ENOENT: no such file or directory, lstat '/mnt/data/pickinvoice/pickinvoice-step4/node_modules/next/dist/esm/server/future'
npm warn tar TAR_ENTRY_ERROR ENOENT: no such file or directory, lstat '/mnt/data/pickinvoice/pickinvoice-step4/node_modules/next/dist/server/future'
npm warn tar TAR_ENTRY_ERROR ENOENT: no such file or directory, lstat '/mnt/data/pickinvoice/pickinvoice-step4/node_modules/next/dist/server/future'
npm warn tar TAR_ENTRY_ERROR ENOENT: no such file or directory, open '/mnt/data/pickinvoice/pickinvoice-step4/node_modules/next/dist/build/babel/plugins/react-loadable-plugin.js.map'
npm warn tar TAR_ENTRY_ERROR ENOENT: no such file or directory, open '/mnt/data/pickinvoice/pickinvoice-step4/node_modules/next/dist/build/webpack/plugins/react-loadable-plugin.js.map'
npm warn tar TAR_ENTRY_ERROR ENOENT: no such file or directory, open '/mnt/data/pickinvoice/pickinvoice-step4/node_modules/next/dist/esm/build/babel/plugins/react-loadable-plugin.js.map'
npm warn tar TAR_ENTRY_ERROR ENOENT: no such file or directory, open '/mnt/data/pickinvoice/pickinvoice-step4/node_modules/next/dist/esm/build/webpack/plugins/react-loadable-plugin.js.map'
npm warn tar TAR_ENTRY_ERROR ENOENT: no such file or directory, lstat '/mnt/data/pickinvoice/pickinvoice-step4/node_modules/next/dist/esm/server/future'
npm warn tar TAR_ENTRY_ERROR ENOENT: no such file or directory, lstat '/mnt/data/pickinvoice/pickinvoice-step4/node_modules/next/dist/server/future'
npm warn tar TAR_ENTRY_ERROR ENOENT: no such file or directory, lstat '/mnt/data/pickinvoice/pickinvoice-step4/node_modules/next/dist/esm/server/future'
npm warn tar TAR_ENTRY_ERROR ENOENT: no such file or directory, lstat '/mnt/data/pickinvoice/pickinvoice-step4/node_modules/next/dist/server/future'
npm warn tar TAR_ENTRY_ERROR ENOENT: no such file or directory, lstat '/mnt/data/pickinvoice/pickinvoice-step4/node_modules/next/dist/esm/server/future'
npm warn tar TAR_ENTRY_ERROR ENOENT: no such file or directory, lstat '/mnt/data/pickinvoice/pickinvoice-step4/node_modules/next/dist/server/future'
npm warn tar TAR_ENTRY_ERROR ENOENT: no such file or directory, lstat '/mnt/data/pickinvoice/pickinvoice-step4/node_modules/next/dist/esm/server/future'
npm warn tar TAR_ENTRY_ERROR ENOENT: no such file or directory, lstat '/mnt/data/pickinvoice/pickinvoice-step4/node_modules/next/dist/server/future'
npm warn tar TAR_ENTRY_ERROR ENOENT: no such file or directory, lstat '/mnt/data/pickinvoice/pickinvoice-step4/node_modules/next/dist/esm/server/future'
npm warn tar TAR_ENTRY_ERROR ENOENT: no such file or directory, lstat '/mnt/data/pickinvoice/pickinvoice-step4/node_modules/next/dist/server/future'
npm warn tar TAR_ENTRY_ERROR ENOENT: no such file or directory, lstat '/mnt/data/pickinvoice/pickinvoice-step4/node_modules/next/dist/esm/server/future'
npm warn tar TAR_ENTRY_ERROR ENOENT: no such file or directory, lstat '/mnt/data/pickinvoice/pickinvoice-step4/node_modules/next/dist/server/future'
npm warn tar TAR_ENTRY_ERROR ENOENT: no such file or directory, open '/mnt/data/pickinvoice/pickinvoice-step4/node_modules/next/dist/esm/server/app-render/react-server.node.js.map'
npm warn tar TAR_ENTRY_ERROR ENOENT: no such file or directory, open '/mnt/data/pickinvoice/pickinvoice-step4/node_modules/next/dist/server/app-render/react-server.node.js.map'
npm warn tar TAR_ENTRY_ERROR ENOENT: no such file or directory, lstat '/mnt/data/pickinvoice/pickinvoice-step4/node_modules/next/dist/esm/server/future'
npm warn tar TAR_ENTRY_ERROR ENOENT: no such file or directory, lstat '/mnt/data/pickinvoice/pickinvoice-step4/node_modules/next/dist/esm/server/future'
npm warn tar TAR_ENTRY_ERROR ENOENT: no such file or directory, lstat '/mnt/data/pickinvoice/pickinvoice-step4/node_modules/next/dist/server/future'
npm warn tar TAR_ENTRY_ERROR ENOENT: no such file or directory, lstat '/mnt/data/pickinvoice/pickinvoice-step4/node_modules/next/dist/server/future'
npm warn tar TAR_ENTRY_ERROR ENOENT: no such file or directory, lstat '/mnt/data/pickinvoice/pickinvoice-step4/node_modules/next/dist/client/components/react-dev-overlay'
npm warn tar TAR_ENTRY_ERROR ENOENT: no such file or directory, open '/mnt/data/pickinvoice/pickinvoice-step4/node_modules/next/dist/client/components/react-dev-overlay/pages/ReactDevOverlay.js.map'
npm warn tar TAR_ENTRY_ERROR ENOENT: no such file or directory, lstat '/mnt/data/pickinvoice/pickinvoice-step4/node_modules/next/dist/esm/client/components/react-dev-overlay'
npm warn tar TAR_ENTRY_ERROR ENOENT: no such file or directory, open '/mnt/data/pickinvoice/pickinvoice-step4/node_modules/next/dist/esm/client/components/react-dev-overlay/pages/ReactDevOverlay.js.map'
npm warn tar TAR_ENTRY_ERROR ENOENT: no such file or directory, open '/mnt/data/pickinvoice/pickinvoice-step4/node_modules/next/dist/esm/lib/realpath.js.map'
npm warn tar TAR_ENTRY_ERROR ENOENT: no such file or directory, open '/mnt/data/pickinvoice/pickinvoice-step4/node_modules/next/dist/lib/realpath.js.map'
npm warn tar TAR_ENTRY_ERROR ENOENT: no such file or directory, open '/mnt/data/pickinvoice/pickinvoice-step4/node_modules/next/dist/esm/lib/recursive-copy.js.map'
npm warn tar TAR_ENTRY_ERROR ENOENT: no such file or directory, open '/mnt/data/pickinvoice/pickinvoice-step4/node_modules/next/dist/lib/recursive-copy.js.map'
npm warn tar TAR_ENTRY_ERROR ENOENT: no such file or directory, open '/mnt/data/pickinvoice/pickinvoice-step4/node_modules/next/dist/esm/lib/recursive-delete.js.map'
npm warn tar TAR_ENTRY_ERROR ENOENT: no such file or directory, open '/mnt/data/pickinvoice/pickinvoice-step4/node_modules/next/dist/lib/recursive-delete.js.map'
npm warn tar TAR_ENTRY_ERROR ENOENT: no such file or directory, open '/mnt/data/pickinvoice/pickinvoice-step4/node_modules/next/dist/esm/lib/recursive-readdir.js.map'
npm warn tar TAR_ENTRY_ERROR ENOENT: no such file or directory, open '/mnt/data/pickinvoice/pickinvoice-step4/node_modules/next/dist/lib/recursive-readdir.js.map'
npm warn tar TAR_ENTRY_ERROR ENOENT: no such file or directory, open '/mnt/data/pickinvoice/pickinvoice-step4/node_modules/next/dist/client/components/redirect-boundary.js.map'
npm warn tar TAR_ENTRY_ERROR ENOENT: no such file or directory, open '/mnt/data/pickinvoice/pickinvoice-step4/node_modules/next/dist/esm/client/components/redirect-boundary.js.map'
npm warn tar TAR_ENTRY_ERROR ENOENT: no such file or directory, open '/mnt/data/pickinvoice/pickinvoice-step4/node_modules/next/dist/client/components/redirect-status-code.js.map'
npm warn tar TAR_ENTRY_ERROR ENOENT: no such file or directory, open '/mnt/data/pickinvoice/pickinvoice-step4/node_modules/next/dist/esm/client/components/redirect-status-code.js.map'
npm warn tar TAR_ENTRY_ERROR ENOENT: no such file or directory, open '/mnt/data/pickinvoice/pickinvoice-step4/node_modules/next/dist/esm/lib/redirect-status.js.map'
npm warn tar TAR_ENTRY_ERROR ENOENT: no such file or directory, open '/mnt/data/pickinvoice/pickinvoice-step4/node_modules/next/dist/lib/redirect-status.js.map'
npm warn tar TAR_ENTRY_ERROR ENOENT: no such file or directory, open '/mnt/data/pickinvoice/pickinvoice-step4/node_modules/next/dist/client/components/redirect.js.map'
npm warn tar TAR_ENTRY_ERROR ENOENT: no such file or directory, open '/mnt/data/pickinvoice/pickinvoice-step4/node_modules/next/dist/esm/client/components/redirect.js.map'
npm warn tar TAR_ENTRY_ERROR ENOENT: no such file or directory, open '/mnt/data/pickinvoice/pickinvoice-step4/node_modules/next/dist/client/components/router-reducer/refetch-inactive-parallel-segments.js.map'
npm warn tar TAR_ENTRY_ERROR ENOENT: no such file or directory, open '/mnt/data/pickinvoice/pickinvoice-step4/node_modules/next/dist/esm/client/components/router-reducer/refetch-inactive-parallel-segments.js.map'
npm warn tar TAR_ENTRY_ERROR ENOENT: no such file or directory, lstat '/mnt/data/pickinvoice/pickinvoice-step4/node_modules/next/dist/esm/server/web/spec-extension/adapters'
npm warn tar TAR_ENTRY_ERROR ENOENT: no such file or directory, lstat '/mnt/data/pickinvoice/pickinvoice-step4/node_modules/next/dist/server/web/spec-extension/adapters'
npm warn tar TAR_ENTRY_ERROR ENOENT: no such file or directory, lstat '/mnt/data/pickinvoice/pickinvoice-step4/node_modules/next/dist/client/components/router-reducer/reducers'
npm warn tar TAR_ENTRY_ERROR ENOENT: no such file or directory, lstat '/mnt/data/pickinvoice/pickinvoice-step4/node_modules/next/dist/esm/client/components/router-reducer/reducers'
npm warn tar TAR_ENTRY_ERROR ENOENT: no such file or directory, open '/mnt/data/pickinvoice/pickinvoice-step4/node_modules/next/dist/esm/shared/lib/router/utils/relativize-url.js.map'
npm warn tar TAR_ENTRY_ERROR ENOENT: no such file or directory, open '/mnt/data/pickinvoice/pickinvoice-step4/node_modules/next/dist/shared/lib/router/utils/relativize-url.js.map'
npm warn tar TAR_ENTRY_ERROR ENOENT: no such file or directory, open '/mnt/data/pickinvoice/pickinvoice-step4/node_modules/next/dist/client/remove-base-path.js.map'
npm warn tar TAR_ENTRY_ERROR ENOENT: no such file or directory, open '/mnt/data/pickinvoice/pickinvoice-step4/node_modules/next/dist/esm/client/remove-base-path.js.map'
npm warn tar TAR_ENTRY_ERROR ENOENT: no such file or directory, open '/mnt/data/pickinvoice/pickinvoice-step4/node_modules/next/dist/client/remove-locale.js.map'
npm warn tar TAR_ENTRY_ERROR ENOENT: no such file or directory, open '/mnt/data/pickinvoice/pickinvoice-step4/node_modules/next/dist/esm/client/remove-locale.js.map'
npm warn tar TAR_ENTRY_ERROR ENOENT: no such file or directory, open '/mnt/data/pickinvoice/pickinvoice-step4/node_modules/next/dist/esm/shared/lib/page-path/remove-page-path-tail.js.map'
npm warn tar TAR_ENTRY_ERROR ENOENT: no such file or directory, open '/mnt/data/pickinvoice/pickinvoice-step4/node_modules/next/dist/shared/lib/page-path/remove-page-path-tail.js.map'
npm warn tar TAR_ENTRY_ERROR ENOENT: no such file or directory, open '/mnt/data/pickinvoice/pickinvoice-step4/node_modules/next/dist/esm/shared/lib/router/utils/remove-path-prefix.js.map'
npm warn tar TAR_ENTRY_ERROR ENOENT: no such file or directory, open '/mnt/data/pickinvoice/pickinvoice-step4/node_modules/next/dist/shared/lib/router/utils/remove-path-prefix.js.map'
npm warn tar TAR_ENTRY_ERROR ENOENT: no such file or directory, open '/mnt/data/pickinvoice/pickinvoice-step4/node_modules/next/dist/esm/shared/lib/router/utils/remove-trailing-slash.js.map'
npm warn tar TAR_ENTRY_ERROR ENOENT: no such file or directory, open '/mnt/data/pickinvoice/pickinvoice-step4/node_modules/next/dist/shared/lib/router/utils/remove-trailing-slash.js.map'
npm warn tar TAR_ENTRY_ERROR ENOENT: no such file or directory, lstat '/mnt/data/pickinvoice/pickinvoice-step4/node_modules/next/dist/esm/lib/fs'
npm warn tar TAR_ENTRY_ERROR ENOENT: no such file or directory, lstat '/mnt/data/pickinvoice/pickinvoice-step4/node_modules/next/dist/lib/fs'
npm warn tar TAR_ENTRY_ERROR ENOENT: no such file or directory, open '/mnt/data/pickinvoice/pickinvoice-step4/node_modules/next/dist/client/components/render-from-template-context.js.map'
npm warn tar TAR_ENTRY_ERROR ENOENT: no such file or directory, open '/mnt/data/pickinvoice/pickinvoice-step4/node_modules/next/dist/esm/client/components/render-from-template-context.js.map'
npm warn tar TAR_ENTRY_ERROR ENOENT: no such file or directory, open '/mnt/data/pickinvoice/pickinvoice-step4/node_modules/next/dist/esm/server/render-result.js.map'
npm warn tar TAR_ENTRY_ERROR ENOENT: no such file or directory, open '/mnt/data/pickinvoice/pickinvoice-step4/node_modules/next/dist/server/render-result.js.map'
npm warn tar TAR_ENTRY_ERROR ENOENT: no such file or directory, open '/mnt/data/pickinvoice/pickinvoice-step4/node_modules/next/dist/esm/server/lib/render-server.js.map'
npm warn tar TAR_ENTRY_ERROR ENOENT: no such file or directory, open '/mnt/data/pickinvoice/pickinvoice-step4/node_modules/next/dist/server/lib/render-server.js.map'
npm warn tar TAR_ENTRY_ERROR ENOENT: no such file or directory, open '/mnt/data/pickinvoice/pickinvoice-step4/node_modules/next/dist/esm/server/app-render/render-to-string.js.map'
npm warn tar TAR_ENTRY_ERROR ENOENT: no such file or directory, open '/mnt/data/pickinvoice/pickinvoice-step4/node_modules/next/dist/server/app-render/render-to-string.js.map'
npm warn tar TAR_ENTRY_ERROR ENOENT: no such file or directory, lstat '/mnt/data/pickinvoice/pickinvoice-step4/node_modules/next/dist/build/webpack'
npm warn tar TAR_ENTRY_ERROR ENOENT: no such file or directory, lstat '/mnt/data/pickinvoice/pickinvoice-step4/node_modules/next/dist/esm/build/webpack'
npm warn tar TAR_ENTRY_ERROR ENOENT: no such file or directory, open '/mnt/data/pickinvoice/pickinvoice-step4/node_modules/next/dist/esm/server/render.js.map'
npm warn tar TAR_ENTRY_ERROR ENOENT: no such file or directory, open '/mnt/data/pickinvoice/pickinvoice-step4/node_modules/next/dist/server/render.js.map'
npm warn tar TAR_ENTRY_ERROR ENOENT: no such file or directory, lstat '/mnt/data/pickinvoice/pickinvoice-step4/node_modules/next/dist/client/tracing'
npm warn tar TAR_ENTRY_ERROR ENOENT: no such file or directory, lstat '/mnt/data/pickinvoice/pickinvoice-step4/node_modules/next/dist/esm/client/tracing'
npm warn tar TAR_ENTRY_ERROR ENOENT: no such file or directory, lstat '/mnt/data/pickinvoice/pickinvoice-step4/node_modules/next/dist/experimental/testmode/playwright'
npm warn tar TAR_ENTRY_ERROR ENOENT: no such file or directory, open '/mnt/data/pickinvoice/pickinvoice-step4/node_modules/next/dist/client/components/request-async-storage-instance.js.map'
npm warn tar TAR_ENTRY_ERROR ENOENT: no such file or directory, open '/mnt/data/pickinvoice/pickinvoice-step4/node_modules/next/dist/esm/client/components/request-async-storage-instance.js.map'
npm warn tar TAR_ENTRY_ERROR ENOENT: no such file or directory, open '/mnt/data/pickinvoice/pickinvoice-step4/node_modules/next/dist/esm/server/async-storage/request-async-storage-wrapper.js.map'
npm warn tar TAR_ENTRY_ERROR ENOENT: no such file or directory, open '/mnt/data/pickinvoice/pickinvoice-step4/node_modules/next/dist/server/async-storage/request-async-storage-wrapper.js.map'
npm warn tar TAR_ENTRY_ERROR ENOENT: no such file or directory, open '/mnt/data/pickinvoice/pickinvoice-step4/node_modules/next/dist/client/components/request-async-storage.external.js.map'
npm warn tar TAR_ENTRY_ERROR ENOENT: no such file or directory, open '/mnt/data/pickinvoice/pickinvoice-step4/node_modules/next/dist/esm/client/components/request-async-storage.external.js.map'
npm warn tar TAR_ENTRY_ERROR ENOENT: no such file or directory, lstat '/mnt/data/pickinvoice/pickinvoice-step4/node_modules/next/dist/esm/server/web/spec-extension/adapters'
npm warn tar TAR_ENTRY_ERROR ENOENT: no such file or directory, lstat '/mnt/data/pickinvoice/pickinvoice-step4/node_modules/next/dist/server/web/spec-extension/adapters'
npm warn tar TAR_ENTRY_ERROR ENOENT: no such file or directory, open '/mnt/data/pickinvoice/pickinvoice-step4/node_modules/next/dist/client/request-idle-callback.js.map'
npm warn tar TAR_ENTRY_ERROR ENOENT: no such file or directory, open '/mnt/data/pickinvoice/pickinvoice-step4/node_modules/next/dist/esm/client/request-idle-callback.js.map'
npm warn tar TAR_ENTRY_ERROR ENOENT: no such file or directory, open '/mnt/data/pickinvoice/pickinvoice-step4/node_modules/next/dist/esm/server/request-meta.js.map'
npm warn tar TAR_ENTRY_ERROR ENOENT: no such file or directory, open '/mnt/data/pickinvoice/pickinvoice-step4/node_modules/next/dist/server/request-meta.js.map'
npm warn tar TAR_ENTRY_ERROR ENOENT: no such file or directory, lstat '/mnt/data/pickinvoice/pickinvoice-step4/node_modules/next/dist/esm/server/lib/server-ipc'
npm warn tar TAR_ENTRY_ERROR ENOENT: no such file or directory, lstat '/mnt/data/pickinvoice/pickinvoice-step4/node_modules/next/dist/server/lib/server-ipc'
npm warn tar TAR_ENTRY_ERROR ENOENT: no such file or directory, open '/mnt/data/pickinvoice/pickinvoice-step4/node_modules/next/dist/esm/server/web/spec-extension/request.js.map'
npm warn tar TAR_ENTRY_ERROR ENOENT: no such file or directory, open '/mnt/data/pickinvoice/pickinvoice-step4/node_modules/next/dist/server/web/spec-extension/request.js.map'
npm warn tar TAR_ENTRY_ERROR ENOENT: no such file or directory, open '/mnt/data/pickinvoice/pickinvoice-step4/node_modules/next/dist/esm/server/require-hook.js.map'
npm warn tar TAR_ENTRY_ERROR ENOENT: no such file or directory, open '/mnt/data/pickinvoice/pickinvoice-step4/node_modules/next/dist/server/require-hook.js.map'
npm warn tar TAR_ENTRY_ERROR ENOENT: no such file or directory, open '/mnt/data/pickinvoice/pickinvoice-step4/node_modules/next/dist/esm/server/require.js.map'
npm warn tar TAR_ENTRY_ERROR ENOENT: no such file or directory, open '/mnt/data/pickinvoice/pickinvoice-step4/node_modules/next/dist/server/require.js.map'
npm warn tar TAR_ENTRY_ERROR ENOENT: no such file or directory, open '/mnt/data/pickinvoice/pickinvoice-step4/node_modules/next/dist/esm/server/app-render/required-scripts.js.map'
npm warn tar TAR_ENTRY_ERROR ENOENT: no such file or directory, open '/mnt/data/pickinvoice/pickinvoice-step4/node_modules/next/dist/server/app-render/required-scripts.js.map'
npm warn tar TAR_ENTRY_ERROR ENOENT: no such file or directory, lstat '/mnt/data/pickinvoice/pickinvoice-step4/node_modules/next/dist/esm/lib/metadata/resolvers'
npm warn tar TAR_ENTRY_ERROR ENOENT: no such file or directory, lstat '/mnt/data/pickinvoice/pickinvoice-step4/node_modules/next/dist/lib/metadata/resolvers'
npm warn tar TAR_ENTRY_ERROR ENOENT: no such file or directory, open '/mnt/data/pickinvoice/pickinvoice-step4/node_modules/next/dist/esm/lib/resolve-from.js.map'
npm warn tar TAR_ENTRY_ERROR ENOENT: no such file or directory, open '/mnt/data/pickinvoice/pickinvoice-step4/node_modules/next/dist/lib/resolve-from.js.map'
npm warn tar TAR_ENTRY_ERROR ENOENT: no such file or directory, open '/mnt/data/pickinvoice/pickinvoice-step4/node_modules/next/dist/esm/server/future/route-modules/app-route/helpers/resolve-handler-error.js.map'
npm warn tar TAR_ENTRY_ERROR ENOENT: no such file or directory, open '/mnt/data/pickinvoice/pickinvoice-step4/node_modules/next/dist/server/future/route-modules/app-route/helpers/resolve-handler-error.js.map'
npm warn tar TAR_ENTRY_ERROR ENOENT: no such file or directory, open '/mnt/data/pickinvoice/pickinvoice-step4/node_modules/next/dist/client/resolve-href.js.map'
npm warn tar TAR_ENTRY_ERROR ENOENT: no such file or directory, open '/mnt/data/pickinvoice/pickinvoice-step4/node_modules/next/dist/esm/client/resolve-href.js.map'
npm warn tar TAR_ENTRY_ERROR ENOENT: no such file or directory, lstat '/mnt/data/pickinvoice/pickinvoice-step4/node_modules/next/dist/esm/lib/metadata/resolvers'
npm warn tar TAR_ENTRY_ERROR ENOENT: no such file or directory, lstat '/mnt/data/pickinvoice/pickinvoice-step4/node_modules/next/dist/lib/metadata/resolvers'
npm warn tar TAR_ENTRY_ERROR ENOENT: no such file or directory, open '/mnt/data/pickinvoice/pickinvoice-step4/node_modules/next/dist/esm/lib/metadata/resolve-metadata.js.map'
npm warn tar TAR_ENTRY_ERROR ENOENT: no such file or directory, open '/mnt/data/pickinvoice/pickinvoice-step4/node_modules/next/dist/lib/metadata/resolve-metadata.js.map'
npm warn tar TAR_ENTRY_ERROR ENOENT: no such file or directory, lstat '/mnt/data/pickinvoice/pickinvoice-step4/node_modules/next/dist/esm/lib/metadata/resolvers'
npm warn tar TAR_ENTRY_ERROR ENOENT: no such file or directory, lstat '/mnt/data/pickinvoice/pickinvoice-step4/node_modules/next/dist/lib/metadata/resolvers'
npm warn tar TAR_ENTRY_ERROR ENOENT: no such file or directory, open '/mnt/data/pickinvoice/pickinvoice-step4/node_modules/next/dist/esm/shared/lib/router/utils/resolve-rewrites.js.map'
npm warn tar TAR_ENTRY_ERROR ENOENT: no such file or directory, open '/mnt/data/pickinvoice/pickinvoice-step4/node_modules/next/dist/shared/lib/router/utils/resolve-rewrites.js.map'
npm warn tar TAR_ENTRY_ERROR ENOENT: no such file or directory, lstat '/mnt/data/pickinvoice/pickinvoice-step4/node_modules/next/dist/build/webpack'
npm warn tar TAR_ENTRY_ERROR ENOENT: no such file or directory, lstat '/mnt/data/pickinvoice/pickinvoice-step4/node_modules/next/dist/esm/build/webpack'
npm warn tar TAR_ENTRY_ERROR ENOENT: no such file or directory, open '/mnt/data/pickinvoice/pickinvoice-step4/node_modules/next/dist/esm/server/lib/router-utils/resolve-routes.js.map'
npm warn tar TAR_ENTRY_ERROR ENOENT: no such file or directory, open '/mnt/data/pickinvoice/pickinvoice-step4/node_modules/next/dist/server/lib/router-utils/resolve-routes.js.map'
npm warn tar TAR_ENTRY_ERROR ENOENT: no such file or directory, lstat '/mnt/data/pickinvoice/pickinvoice-step4/node_modules/next/dist/esm/lib/metadata/resolvers'
npm warn tar TAR_ENTRY_ERROR ENOENT: no such file or directory, lstat '/mnt/data/pickinvoice/pickinvoice-step4/node_modules/next/dist/lib/metadata/resolvers'
npm warn tar TAR_ENTRY_ERROR ENOENT: no such file or directory, lstat '/mnt/data/pickinvoice/pickinvoice-step4/node_modules/next/dist/esm/lib/metadata/resolvers'
npm warn tar TAR_ENTRY_ERROR ENOENT: no such file or directory, lstat '/mnt/data/pickinvoice/pickinvoice-step4/node_modules/next/dist/lib/metadata/resolvers'
npm warn tar TAR_ENTRY_ERROR ENOENT: no such file or directory, lstat '/mnt/data/pickinvoice/pickinvoice-step4/node_modules/next/dist/build/webpack-config-rules'
npm warn tar TAR_ENTRY_ERROR ENOENT: no such file or directory, lstat '/mnt/data/pickinvoice/pickinvoice-step4/node_modules/next/dist/esm/build/webpack-config-rules'
npm warn tar TAR_ENTRY_ERROR ENOENT: no such file or directory, open '/mnt/data/pickinvoice/pickinvoice-step4/node_modules/next/dist/esm/lib/metadata/types/resolvers.js.map'
npm warn tar TAR_ENTRY_ERROR ENOENT: no such file or directory, open '/mnt/data/pickinvoice/pickinvoice-step4/node_modules/next/dist/lib/metadata/types/resolvers.js.map'
npm warn tar TAR_ENTRY_ERROR ENOENT: no such file or directory, open '/mnt/data/pickinvoice/pickinvoice-step4/node_modules/next/dist/esm/server/web/sandbox/resource-managers.js.map'
npm warn tar TAR_ENTRY_ERROR ENOENT: no such file or directory, open '/mnt/data/pickinvoice/pickinvoice-step4/node_modules/next/dist/server/web/sandbox/resource-managers.js.map'
npm warn tar TAR_ENTRY_ERROR ENOENT: no such file or directory, lstat '/mnt/data/pickinvoice/pickinvoice-step4/node_modules/next/dist/esm/server/future'
npm warn tar TAR_ENTRY_ERROR ENOENT: no such file or directory, lstat '/mnt/data/pickinvoice/pickinvoice-step4/node_modules/next/dist/server/future'
npm warn tar TAR_ENTRY_ERROR ENOENT: no such file or directory, open '/mnt/data/pickinvoice/pickinvoice-step4/node_modules/next/dist/esm/server/web/spec-extension/response.js.map'
npm warn tar TAR_ENTRY_ERROR ENOENT: no such file or directory, open '/mnt/data/pickinvoice/pickinvoice-step4/node_modules/next/dist/server/web/spec-extension/response.js.map'
npm warn tar TAR_ENTRY_ERROR ENOENT: no such file or directory, lstat '/mnt/data/pickinvoice/pickinvoice-step4/node_modules/next/dist/client/components/router-reducer/reducers'
npm warn tar TAR_ENTRY_ERROR ENOENT: no such file or directory, lstat '/mnt/data/pickinvoice/pickinvoice-step4/node_modules/next/dist/esm/client/components/router-reducer/reducers'
npm warn tar TAR_ENTRY_ERROR ENOENT: no such file or directory, lstat '/mnt/data/pickinvoice/pickinvoice-step4/node_modules/next/dist/build/turborepo-access-trace'
npm warn tar TAR_ENTRY_ERROR ENOENT: no such file or directory, lstat '/mnt/data/pickinvoice/pickinvoice-step4/node_modules/next/dist/esm/build/turborepo-access-trace'
npm warn tar TAR_ENTRY_ERROR ENOENT: no such file or directory, open '/mnt/data/pickinvoice/pickinvoice-step4/node_modules/next/dist/esm/server/lib/revalidate.js.map'
npm warn tar TAR_ENTRY_ERROR ENOENT: no such file or directory, open '/mnt/data/pickinvoice/pickinvoice-step4/node_modules/next/dist/esm/server/web/spec-extension/revalidate.js.map'
npm warn tar TAR_ENTRY_ERROR ENOENT: no such file or directory, open '/mnt/data/pickinvoice/pickinvoice-step4/node_modules/next/dist/server/lib/revalidate.js.map'
npm warn tar TAR_ENTRY_ERROR ENOENT: no such file or directory, open '/mnt/data/pickinvoice/pickinvoice-step4/node_modules/next/dist/server/web/spec-extension/revalidate.js.map'
npm warn tar TAR_ENTRY_ERROR ENOENT: no such file or directory, open '/mnt/data/pickinvoice/pickinvoice-step4/node_modules/next/dist/client/components/react-dev-overlay/internal/container/root-layout-missing-tags-error.js.map'
npm warn tar TAR_ENTRY_ERROR ENOENT: no such file or directory, open '/mnt/data/pickinvoice/pickinvoice-step4/node_modules/next/dist/esm/client/components/react-dev-overlay/internal/container/root-layout-missing-tags-error.js.map'
npm warn tar TAR_ENTRY_ERROR ENOENT: no such file or directory, open '/mnt/data/pickinvoice/pickinvoice-step4/node_modules/next/dist/client/route-announcer.js.map'
npm warn tar TAR_ENTRY_ERROR ENOENT: no such file or directory, open '/mnt/data/pickinvoice/pickinvoice-step4/node_modules/next/dist/esm/client/route-announcer.js.map'
npm warn tar TAR_ENTRY_ERROR ENOENT: no such file or directory, open '/mnt/data/pickinvoice/pickinvoice-step4/node_modules/next/dist/esm/server/future/route-definitions/route-definition.js.map'
npm warn tar TAR_ENTRY_ERROR ENOENT: no such file or directory, open '/mnt/data/pickinvoice/pickinvoice-step4/node_modules/next/dist/server/future/route-definitions/route-definition.js.map'
npm warn tar TAR_ENTRY_ERROR ENOENT: no such file or directory, lstat '/mnt/data/pickinvoice/pickinvoice-step4/node_modules/next/dist/esm/server/future'
npm warn tar TAR_ENTRY_ERROR ENOENT: no such file or directory, lstat '/mnt/data/pickinvoice/pickinvoice-step4/node_modules/next/dist/server/future'
npm warn tar TAR_ENTRY_ERROR ENOENT: no such file or directory, open '/mnt/data/pickinvoice/pickinvoice-step4/node_modules/next/dist/client/route-loader.js.map'
npm warn tar TAR_ENTRY_ERROR ENOENT: no such file or directory, open '/mnt/data/pickinvoice/pickinvoice-step4/node_modules/next/dist/esm/client/route-loader.js.map'
npm warn tar TAR_ENTRY_ERROR ENOENT: no such file or directory, open '/mnt/data/pickinvoice/pickinvoice-step4/node_modules/next/dist/esm/server/future/route-matches/route-match.js.map'
npm warn tar TAR_ENTRY_ERROR ENOENT: no such file or directory, open '/mnt/data/pickinvoice/pickinvoice-step4/node_modules/next/dist/server/future/route-matches/route-match.js.map'
npm warn tar TAR_ENTRY_ERROR ENOENT: no such file or directory, lstat '/mnt/data/pickinvoice/pickinvoice-step4/node_modules/next/dist/esm/server/future'
npm warn tar TAR_ENTRY_ERROR ENOENT: no such file or directory, lstat '/mnt/data/pickinvoice/pickinvoice-step4/node_modules/next/dist/server/future'
npm warn tar TAR_ENTRY_ERROR ENOENT: no such file or directory, open '/mnt/data/pickinvoice/pickinvoice-step4/node_modules/next/dist/esm/server/future/route-matcher-providers/route-matcher-provider.js.map'
npm warn tar TAR_ENTRY_ERROR ENOENT: no such file or directory, open '/mnt/data/pickinvoice/pickinvoice-step4/node_modules/next/dist/server/future/route-matcher-providers/route-matcher-provider.js.map'
npm warn tar TAR_ENTRY_ERROR ENOENT: no such file or directory, open '/mnt/data/pickinvoice/pickinvoice-step4/node_modules/next/dist/esm/server/future/route-matchers/route-matcher.js.map'
npm warn tar TAR_ENTRY_ERROR ENOENT: no such file or directory, open '/mnt/data/pickinvoice/pickinvoice-step4/node_modules/next/dist/esm/shared/lib/router/utils/route-matcher.js.map'
npm warn tar TAR_ENTRY_ERROR ENOENT: no such file or directory, open '/mnt/data/pickinvoice/pickinvoice-step4/node_modules/next/dist/server/future/route-matchers/route-matcher.js.map'
npm warn tar TAR_ENTRY_ERROR ENOENT: no such file or directory, open '/mnt/data/pickinvoice/pickinvoice-step4/node_modules/next/dist/shared/lib/router/utils/route-matcher.js.map'
npm warn tar TAR_ENTRY_ERROR ENOENT: no such file or directory, lstat '/mnt/data/pickinvoice/pickinvoice-step4/node_modules/next/dist/esm/server/future'
npm warn tar TAR_ENTRY_ERROR ENOENT: no such file or directory, lstat '/mnt/data/pickinvoice/pickinvoice-step4/node_modules/next/dist/server/future'
npm warn tar TAR_ENTRY_ERROR ENOENT: no such file or directory, open '/mnt/data/pickinvoice/pickinvoice-step4/node_modules/next/dist/esm/server/future/route-modules/route-module.js.map'
npm warn tar TAR_ENTRY_ERROR ENOENT: no such file or directory, open '/mnt/data/pickinvoice/pickinvoice-step4/node_modules/next/dist/server/future/route-modules/route-module.js.map'
npm warn tar TAR_ENTRY_ERROR ENOENT: no such file or directory, open '/mnt/data/pickinvoice/pickinvoice-step4/node_modules/next/dist/esm/shared/lib/router/utils/route-regex.js.map'
npm warn tar TAR_ENTRY_ERROR ENOENT: no such file or directory, open '/mnt/data/pickinvoice/pickinvoice-step4/node_modules/next/dist/shared/lib/router/utils/route-regex.js.map'
npm warn tar TAR_ENTRY_ERROR ENOENT: no such file or directory, open '/mnt/data/pickinvoice/pickinvoice-step4/node_modules/next/dist/esm/server/future/route-modules/app-page/vendored/contexts/router-context.js.map'
npm warn tar TAR_ENTRY_ERROR ENOENT: no such file or directory, open '/mnt/data/pickinvoice/pickinvoice-step4/node_modules/next/dist/esm/server/future/route-modules/pages/vendored/contexts/router-context.js.map'
npm warn tar TAR_ENTRY_ERROR ENOENT: no such file or directory, open '/mnt/data/pickinvoice/pickinvoice-step4/node_modules/next/dist/server/future/route-modules/app-page/vendored/contexts/router-context.js.map'
npm warn tar TAR_ENTRY_ERROR ENOENT: no such file or directory, open '/mnt/data/pickinvoice/pickinvoice-step4/node_modules/next/dist/server/future/route-modules/pages/vendored/contexts/router-context.js.map'
npm warn tar TAR_ENTRY_ERROR ENOENT: no such file or directory, open '/mnt/data/pickinvoice/pickinvoice-step4/node_modules/next/dist/esm/shared/lib/router-context.shared-runtime.js.map'
npm warn tar TAR_ENTRY_ERROR ENOENT: no such file or directory, open '/mnt/data/pickinvoice/pickinvoice-step4/node_modules/next/dist/shared/lib/router-context.shared-runtime.js.map'
npm warn tar TAR_ENTRY_ERROR ENOENT: no such file or directory, open '/mnt/data/pickinvoice/pickinvoice-step4/node_modules/next/dist/client/components/router-reducer/router-reducer-types.js.map'
npm warn tar TAR_ENTRY_ERROR ENOENT: no such file or directory, open '/mnt/data/pickinvoice/pickinvoice-step4/node_modules/next/dist/esm/client/components/router-reducer/router-reducer-types.js.map'
npm warn tar TAR_ENTRY_ERROR ENOENT: no such file or directory, open '/mnt/data/pickinvoice/pickinvoice-step4/node_modules/next/dist/client/components/router-reducer/router-reducer.js.map'
npm warn tar TAR_ENTRY_ERROR ENOENT: no such file or directory, open '/mnt/data/pickinvoice/pickinvoice-step4/node_modules/next/dist/esm/client/components/router-reducer/router-reducer.js.map'
npm warn tar TAR_ENTRY_ERROR ENOENT: no such file or directory, open '/mnt/data/pickinvoice/pickinvoice-step4/node_modules/next/dist/esm/server/lib/router-server.js.map'
npm warn tar TAR_ENTRY_ERROR ENOENT: no such file or directory, open '/mnt/data/pickinvoice/pickinvoice-step4/node_modules/next/dist/server/lib/router-server.js.map'
npm warn tar TAR_ENTRY_ERROR ENOENT: no such file or directory, open '/mnt/data/pickinvoice/pickinvoice-step4/node_modules/next/dist/api/router.js.map'
npm warn tar TAR_ENTRY_ERROR ENOENT: no such file or directory, lstat '/mnt/data/pickinvoice/pickinvoice-step4/node_modules/next/dist/client/compat'
npm warn tar TAR_ENTRY_ERROR ENOENT: no such file or directory, open '/mnt/data/pickinvoice/pickinvoice-step4/node_modules/next/dist/client/router.js.map'
npm warn tar TAR_ENTRY_ERROR ENOENT: no such file or directory, open '/mnt/data/pickinvoice/pickinvoice-step4/node_modules/next/dist/esm/api/router.js.map'
npm warn tar TAR_ENTRY_ERROR ENOENT: no such file or directory, lstat '/mnt/data/pickinvoice/pickinvoice-step4/node_modules/next/dist/esm/client/compat'
npm warn tar TAR_ENTRY_ERROR ENOENT: no such file or directory, open '/mnt/data/pickinvoice/pickinvoice-step4/node_modules/next/dist/esm/client/router.js.map'
npm warn tar TAR_ENTRY_ERROR ENOENT: no such file or directory, open '/mnt/data/pickinvoice/pickinvoice-step4/node_modules/next/dist/esm/shared/lib/router/router.js.map'
npm warn tar TAR_ENTRY_ERROR ENOENT: no such file or directory, open '/mnt/data/pickinvoice/pickinvoice-step4/node_modules/next/dist/shared/lib/router/router.js.map'
npm warn tar TAR_ENTRY_ERROR ENOENT: no such file or directory, open '/mnt/data/pickinvoice/pickinvoice-step4/node_modules/next/dist/esm/server/future/normalizers/request/rsc.js.map'
npm warn tar TAR_ENTRY_ERROR ENOENT: no such file or directory, open '/mnt/data/pickinvoice/pickinvoice-step4/node_modules/next/dist/server/future/normalizers/request/rsc.js.map'
npm warn tar TAR_ENTRY_ERROR ENOENT: no such file or directory, lstat '/mnt/data/pickinvoice/pickinvoice-step4/node_modules/next/dist/esm/lib/eslint'
npm warn tar TAR_ENTRY_ERROR ENOENT: no such file or directory, lstat '/mnt/data/pickinvoice/pickinvoice-step4/node_modules/next/dist/lib/eslint'
npm warn tar TAR_ENTRY_ERROR ENOENT: no such file or directory, open '/mnt/data/pickinvoice/pickinvoice-step4/node_modules/next/dist/esm/shared/lib/runtime-config.external.js.map'
npm warn tar TAR_ENTRY_ERROR ENOENT: no such file or directory, open '/mnt/data/pickinvoice/pickinvoice-step4/node_modules/next/dist/shared/lib/runtime-config.external.js.map'
npm warn tar TAR_ENTRY_ERROR ENOENT: no such file or directory, lstat '/mnt/data/pickinvoice/pickinvoice-step4/node_modules/next/dist/client/components/react-dev-overlay'
npm warn tar TAR_ENTRY_ERROR ENOENT: no such file or directory, lstat '/mnt/data/pickinvoice/pickinvoice-step4/node_modules/next/dist/esm/client/components/react-dev-overlay'
npm warn tar TAR_ENTRY_ERROR ENOENT: no such file or directory, lstat '/mnt/data/pickinvoice/pickinvoice-step4/node_modules/next/dist/esm/lib/typescript'
npm warn tar TAR_ENTRY_ERROR ENOENT: no such file or directory, lstat '/mnt/data/pickinvoice/pickinvoice-step4/node_modules/next/dist/lib/typescript'
npm warn tar TAR_ENTRY_ERROR ENOENT: no such file or directory, open '/mnt/data/pickinvoice/pickinvoice-step4/node_modules/next/dist/esm/server/web/sandbox/sandbox.js.map'
npm warn tar TAR_ENTRY_ERROR ENOENT: no such file or directory, open '/mnt/data/pickinvoice/pickinvoice-step4/node_modules/next/dist/server/web/sandbox/sandbox.js.map'
npm warn tar TAR_ENTRY_ERROR ENOENT: no such file or directory, open '/mnt/data/pickinvoice/pickinvoice-step4/node_modules/next/dist/esm/lib/scheduler.js.map'
npm warn tar TAR_ENTRY_ERROR ENOENT: no such file or directory, open '/mnt/data/pickinvoice/pickinvoice-step4/node_modules/next/dist/lib/scheduler.js.map'
npm warn tar TAR_ENTRY_ERROR ENOENT: no such file or directory, open '/mnt/data/pickinvoice/pickinvoice-step4/node_modules/next/dist/api/script.js.map'
npm warn tar TAR_ENTRY_ERROR ENOENT: no such file or directory, open '/mnt/data/pickinvoice/pickinvoice-step4/node_modules/next/dist/client/script.js.map'
npm warn tar TAR_ENTRY_ERROR ENOENT: no such file or directory, open '/mnt/data/pickinvoice/pickinvoice-step4/node_modules/next/dist/esm/api/script.js.map'
npm warn tar TAR_ENTRY_ERROR ENOENT: no such file or directory, open '/mnt/data/pickinvoice/pickinvoice-step4/node_modules/next/dist/esm/client/script.js.map'
npm warn tar TAR_ENTRY_ERROR ENOENT: no such file or directory, open '/mnt/data/pickinvoice/pickinvoice-step4/node_modules/next/dist/client/components/search-params.js.map'
npm warn tar TAR_ENTRY_ERROR ENOENT: no such file or directory, open '/mnt/data/pickinvoice/pickinvoice-step4/node_modules/next/dist/esm/client/components/search-params.js.map'
npm warn tar TAR_ENTRY_ERROR ENOENT: no such file or directory, open '/mnt/data/pickinvoice/pickinvoice-step4/node_modules/next/dist/esm/shared/lib/segment.js.map'
npm warn tar TAR_ENTRY_ERROR ENOENT: no such file or directory, open '/mnt/data/pickinvoice/pickinvoice-step4/node_modules/next/dist/shared/lib/segment.js.map'
npm warn tar TAR_ENTRY_ERROR ENOENT: no such file or directory, open '/mnt/data/pickinvoice/pickinvoice-step4/node_modules/next/dist/esm/lib/semver-noop.js.map'
npm warn tar TAR_ENTRY_ERROR ENOENT: no such file or directory, open '/mnt/data/pickinvoice/pickinvoice-step4/node_modules/next/dist/lib/semver-noop.js.map'
npm warn tar TAR_ENTRY_ERROR ENOENT: no such file or directory, open '/mnt/data/pickinvoice/pickinvoice-step4/node_modules/next/dist/esm/server/send-payload.js.map'
npm warn tar TAR_ENTRY_ERROR ENOENT: no such file or directory, open '/mnt/data/pickinvoice/pickinvoice-step4/node_modules/next/dist/server/send-payload.js.map'
npm warn tar TAR_ENTRY_ERROR ENOENT: no such file or directory, open '/mnt/data/pickinvoice/pickinvoice-step4/node_modules/next/dist/esm/server/send-response.js.map'
npm warn tar TAR_ENTRY_ERROR ENOENT: no such file or directory, open '/mnt/data/pickinvoice/pickinvoice-step4/node_modules/next/dist/server/send-response.js.map'
npm warn tar TAR_ENTRY_ERROR ENOENT: no such file or directory, open '/mnt/data/pickinvoice/pickinvoice-step4/node_modules/next/dist/esm/server/serve-static.js.map'
npm warn tar TAR_ENTRY_ERROR ENOENT: no such file or directory, open '/mnt/data/pickinvoice/pickinvoice-step4/node_modules/next/dist/server/serve-static.js.map'
npm warn tar TAR_ENTRY_ERROR ENOENT: no such file or directory, lstat '/mnt/data/pickinvoice/pickinvoice-step4/node_modules/next/dist/client/components/router-reducer/reducers'
npm warn tar TAR_ENTRY_ERROR ENOENT: no such file or directory, lstat '/mnt/data/pickinvoice/pickinvoice-step4/node_modules/next/dist/esm/client/components/router-reducer/reducers'
npm warn tar TAR_ENTRY_ERROR ENOENT: no such file or directory, open '/mnt/data/pickinvoice/pickinvoice-step4/node_modules/next/dist/esm/server/lib/server-action-request-meta.js.map'
npm warn tar TAR_ENTRY_ERROR ENOENT: no such file or directory, open '/mnt/data/pickinvoice/pickinvoice-step4/node_modules/next/dist/server/lib/server-action-request-meta.js.map'
npm warn tar TAR_ENTRY_ERROR ENOENT: no such file or directory, open '/mnt/data/pickinvoice/pickinvoice-step4/node_modules/next/dist/esm/server/typescript/rules/server-boundary.js.map'
npm warn tar TAR_ENTRY_ERROR ENOENT: no such file or directory, open '/mnt/data/pickinvoice/pickinvoice-step4/node_modules/next/dist/server/typescript/rules/server-boundary.js.map'
npm warn tar TAR_ENTRY_ERROR ENOENT: no such file or directory, open '/mnt/data/pickinvoice/pickinvoice-step4/node_modules/next/dist/experimental/testmode/server-edge.js.map'
npm warn tar TAR_ENTRY_ERROR ENOENT: no such file or directory, open '/mnt/data/pickinvoice/pickinvoice-step4/node_modules/next/dist/esm/server/app-render/server-inserted-html.js.map'
npm warn tar TAR_ENTRY_ERROR ENOENT: no such file or directory, open '/mnt/data/pickinvoice/pickinvoice-step4/node_modules/next/dist/esm/server/future/route-modules/app-page/vendored/contexts/server-inserted-html.js.map'
npm warn tar TAR_ENTRY_ERROR ENOENT: no such file or directory, open '/mnt/data/pickinvoice/pickinvoice-step4/node_modules/next/dist/esm/server/future/route-modules/pages/vendored/contexts/server-inserted-html.js.map'
npm warn tar TAR_ENTRY_ERROR ENOENT: no such file or directory, open '/mnt/data/pickinvoice/pickinvoice-step4/node_modules/next/dist/server/app-render/server-inserted-html.js.map'
npm warn tar TAR_ENTRY_ERROR ENOENT: no such file or directory, open '/mnt/data/pickinvoice/pickinvoice-step4/node_modules/next/dist/server/future/route-modules/app-page/vendored/contexts/server-inserted-html.js.map'
npm warn tar TAR_ENTRY_ERROR ENOENT: no such file or directory, open '/mnt/data/pickinvoice/pickinvoice-step4/node_modules/next/dist/server/future/route-modules/pages/vendored/contexts/server-inserted-html.js.map'
npm warn tar TAR_ENTRY_ERROR ENOENT: no such file or directory, open '/mnt/data/pickinvoice/pickinvoice-step4/node_modules/next/dist/esm/shared/lib/server-inserted-html.shared-runtime.js.map'
npm warn tar TAR_ENTRY_ERROR ENOENT: no such file or directory, open '/mnt/data/pickinvoice/pickinvoice-step4/node_modules/next/dist/shared/lib/server-inserted-html.shared-runtime.js.map'
npm warn tar TAR_ENTRY_ERROR ENOENT: no such file or directory, lstat '/mnt/data/pickinvoice/pickinvoice-step4/node_modules/next/dist/esm/server/future'
npm warn tar TAR_ENTRY_ERROR ENOENT: no such file or directory, lstat '/mnt/data/pickinvoice/pickinvoice-step4/node_modules/next/dist/server/future'
npm warn tar TAR_ENTRY_ERROR ENOENT: no such file or directory, lstat '/mnt/data/pickinvoice/pickinvoice-step4/node_modules/next/dist/client/components/router-reducer/reducers'
npm warn tar TAR_ENTRY_ERROR ENOENT: no such file or directory, lstat '/mnt/data/pickinvoice/pickinvoice-step4/node_modules/next/dist/esm/client/components/router-reducer/reducers'
npm warn tar TAR_ENTRY_ERROR ENOENT: no such file or directory, open '/mnt/data/pickinvoice/pickinvoice-step4/node_modules/next/dist/build/webpack/loaders/next-flight-loader/server-reference.js.map'
npm warn tar TAR_ENTRY_ERROR ENOENT: no such file or directory, open '/mnt/data/pickinvoice/pickinvoice-step4/node_modules/next/dist/esm/build/webpack/loaders/next-flight-loader/server-reference.js.map'
npm warn tar TAR_ENTRY_ERROR ENOENT: no such file or directory, open '/mnt/data/pickinvoice/pickinvoice-step4/node_modules/next/dist/esm/server/server-route-utils.js.map'
npm warn tar TAR_ENTRY_ERROR ENOENT: no such file or directory, open '/mnt/data/pickinvoice/pickinvoice-step4/node_modules/next/dist/server/server-route-utils.js.map'
npm warn tar TAR_ENTRY_ERROR ENOENT: no such file or directory, open '/mnt/data/pickinvoice/pickinvoice-step4/node_modules/next/dist/esm/server/server-utils.js.map'
npm warn tar TAR_ENTRY_ERROR ENOENT: no such file or directory, open '/mnt/data/pickinvoice/pickinvoice-step4/node_modules/next/dist/server/server-utils.js.map'
npm warn tar TAR_ENTRY_ERROR ENOENT: no such file or directory, open '/mnt/data/pickinvoice/pickinvoice-step4/node_modules/next/dist/api/server.js.map'
npm warn tar TAR_ENTRY_ERROR ENOENT: no such file or directory, open '/mnt/data/pickinvoice/pickinvoice-step4/node_modules/next/dist/esm/api/server.js.map'
npm warn tar TAR_ENTRY_ERROR ENOENT: no such file or directory, open '/mnt/data/pickinvoice/pickinvoice-step4/node_modules/next/dist/esm/server/typescript/rules/server.js.map'
npm warn tar TAR_ENTRY_ERROR ENOENT: no such file or directory, lstat '/mnt/data/pickinvoice/pickinvoice-step4/node_modules/next/dist/experimental/testmode/proxy'
npm warn tar TAR_ENTRY_ERROR ENOENT: no such file or directory, open '/mnt/data/pickinvoice/pickinvoice-step4/node_modules/next/dist/experimental/testmode/server.js.map'
npm warn tar TAR_ENTRY_ERROR ENOENT: no such file or directory, open '/mnt/data/pickinvoice/pickinvoice-step4/node_modules/next/dist/server/typescript/rules/server.js.map'
npm warn tar TAR_ENTRY_ERROR ENOENT: no such file or directory, open '/mnt/data/pickinvoice/pickinvoice-step4/node_modules/next/dist/compiled/next-server/server.runtime.prod.js.map'
npm warn tar TAR_ENTRY_ERROR ENOENT: no such file or directory, open '/mnt/data/pickinvoice/pickinvoice-step4/node_modules/next/dist/telemetry/events/session-stopped.js.map'
npm warn tar TAR_ENTRY_ERROR ENOENT: no such file or directory, open '/mnt/data/pickinvoice/pickinvoice-step4/node_modules/next/dist/esm/server/lib/router-utils/setup-dev-bundler.js.map'
npm warn tar TAR_ENTRY_ERROR ENOENT: no such file or directory, open '/mnt/data/pickinvoice/pickinvoice-step4/node_modules/next/dist/server/lib/router-utils/setup-dev-bundler.js.map'
npm warn tar TAR_ENTRY_ERROR ENOENT: no such file or directory, open '/mnt/data/pickinvoice/pickinvoice-step4/node_modules/next/dist/esm/lib/setup-exception-listeners.js.map'
npm warn tar TAR_ENTRY_ERROR ENOENT: no such file or directory, open '/mnt/data/pickinvoice/pickinvoice-step4/node_modules/next/dist/lib/setup-exception-listeners.js.map'
npm warn tar TAR_ENTRY_ERROR ENOENT: no such file or directory, open '/mnt/data/pickinvoice/pickinvoice-step4/node_modules/next/dist/esm/server/setup-http-agent-env.js.map'
npm warn tar TAR_ENTRY_ERROR ENOENT: no such file or directory, open '/mnt/data/pickinvoice/pickinvoice-step4/node_modules/next/dist/server/setup-http-agent-env.js.map'
npm warn tar TAR_ENTRY_ERROR ENOENT: no such file or directory, open '/mnt/data/pickinvoice/pickinvoice-step4/node_modules/next/dist/client/setup-hydration-warning.js.map'
npm warn tar TAR_ENTRY_ERROR ENOENT: no such file or directory, open '/mnt/data/pickinvoice/pickinvoice-step4/node_modules/next/dist/esm/client/setup-hydration-warning.js.map'
npm warn tar TAR_ENTRY_ERROR ENOENT: no such file or directory, lstat '/mnt/data/pickinvoice/pickinvoice-step4/node_modules/next/dist/client/components/react-dev-overlay'
npm warn tar TAR_ENTRY_ERROR ENOENT: no such file or directory, lstat '/mnt/data/pickinvoice/pickinvoice-step4/node_modules/next/dist/esm/client/components/react-dev-overlay'
npm warn tar TAR_ENTRY_ERROR ENOENT: no such file or directory, lstat '/mnt/data/pickinvoice/pickinvoice-step4/node_modules/next/dist/esm/server/future'
npm warn tar TAR_ENTRY_ERROR ENOENT: no such file or directory, lstat '/mnt/data/pickinvoice/pickinvoice-step4/node_modules/next/dist/server/future'
npm warn tar TAR_ENTRY_ERROR ENOENT: no such file or directory, lstat '/mnt/data/pickinvoice/pickinvoice-step4/node_modules/next/dist/esm/server/lib/incremental-cache'
npm warn tar TAR_ENTRY_ERROR ENOENT: no such file or directory, lstat '/mnt/data/pickinvoice/pickinvoice-step4/node_modules/next/dist/server/lib/incremental-cache'
npm warn tar TAR_ENTRY_ERROR ENOENT: no such file or directory, lstat '/mnt/data/pickinvoice/pickinvoice-step4/node_modules/next/dist/build/webpack'
npm warn tar TAR_ENTRY_ERROR ENOENT: no such file or directory, lstat '/mnt/data/pickinvoice/pickinvoice-step4/node_modules/next/dist/client/components/react-dev-overlay'
npm warn tar TAR_ENTRY_ERROR ENOENT: no such file or directory, lstat '/mnt/data/pickinvoice/pickinvoice-step4/node_modules/next/dist/client/components/react-dev-overlay'
npm warn tar TAR_ENTRY_ERROR ENOENT: no such file or directory, lstat '/mnt/data/pickinvoice/pickinvoice-step4/node_modules/next/dist/esm/build/webpack'
npm warn tar TAR_ENTRY_ERROR ENOENT: no such file or directory, lstat '/mnt/data/pickinvoice/pickinvoice-step4/node_modules/next/dist/esm/client/components/react-dev-overlay'
npm warn tar TAR_ENTRY_ERROR ENOENT: no such file or directory, lstat '/mnt/data/pickinvoice/pickinvoice-step4/node_modules/next/dist/esm/client/components/react-dev-overlay'
npm warn tar TAR_ENTRY_ERROR ENOENT: no such file or directory, open '/mnt/data/pickinvoice/pickinvoice-step4/node_modules/next/dist/build/polyfills/object.assign/shim.js.map'
npm warn tar TAR_ENTRY_ERROR ENOENT: no such file or directory, open '/mnt/data/pickinvoice/pickinvoice-step4/node_modules/next/dist/esm/build/polyfills/object.assign/shim.js.map'
npm warn tar TAR_ENTRY_ERROR ENOENT: no such file or directory, open '/mnt/data/pickinvoice/pickinvoice-step4/node_modules/next/dist/client/components/router-reducer/should-hard-navigate.js.map'
npm warn tar TAR_ENTRY_ERROR ENOENT: no such file or directory, open '/mnt/data/pickinvoice/pickinvoice-step4/node_modules/next/dist/esm/client/components/router-reducer/should-hard-navigate.js.map'
npm warn tar TAR_ENTRY_ERROR ENOENT: no such file or directory, lstat '/mnt/data/pickinvoice/pickinvoice-step4/node_modules/next/dist/esm/lib/memory'
npm warn tar TAR_ENTRY_ERROR ENOENT: no such file or directory, lstat '/mnt/data/pickinvoice/pickinvoice-step4/node_modules/next/dist/lib/memory'
npm warn tar TAR_ENTRY_ERROR ENOENT: no such file or directory, open '/mnt/data/pickinvoice/pickinvoice-step4/node_modules/next/dist/esm/shared/lib/side-effect.js.map'
npm warn tar TAR_ENTRY_ERROR ENOENT: no such file or directory, open '/mnt/data/pickinvoice/pickinvoice-step4/node_modules/next/dist/shared/lib/side-effect.js.map'
npm warn tar TAR_ENTRY_ERROR ENOENT: no such file or directory, lstat '/mnt/data/pickinvoice/pickinvoice-step4/node_modules/next/dist/build/webpack'
npm warn tar TAR_ENTRY_ERROR ENOENT: no such file or directory, lstat '/mnt/data/pickinvoice/pickinvoice-step4/node_modules/next/dist/esm/build/webpack'
npm warn tar TAR_ENTRY_ERROR ENOENT: no such file or directory, open '/mnt/data/pickinvoice/pickinvoice-step4/node_modules/next/dist/esm/shared/lib/router/utils/sorted-routes.js.map'
npm warn tar TAR_ENTRY_ERROR ENOENT: no such file or directory, open '/mnt/data/pickinvoice/pickinvoice-step4/node_modules/next/dist/shared/lib/router/utils/sorted-routes.js.map'
npm warn tar TAR_ENTRY_ERROR ENOENT: no such file or directory, open '/mnt/data/pickinvoice/pickinvoice-step4/node_modules/next/dist/build/spinner.js.map'
npm warn tar TAR_ENTRY_ERROR ENOENT: no such file or directory, open '/mnt/data/pickinvoice/pickinvoice-step4/node_modules/next/dist/esm/build/spinner.js.map'
npm warn tar TAR_ENTRY_ERROR ENOENT: no such file or directory, lstat '/mnt/data/pickinvoice/pickinvoice-step4/node_modules/next/dist/esm/server/lib/squoosh/png'
npm warn tar TAR_ENTRY_ERROR ENOENT: no such file or directory, lstat '/mnt/data/pickinvoice/pickinvoice-step4/node_modules/next/dist/server/lib/squoosh/png'
npm warn tar TAR_ENTRY_ERROR ENOENT: no such file or directory, lstat '/mnt/data/pickinvoice/pickinvoice-step4/node_modules/next/dist/esm/server/lib/squoosh/png'
npm warn tar TAR_ENTRY_ERROR ENOENT: no such file or directory, lstat '/mnt/data/pickinvoice/pickinvoice-step4/node_modules/next/dist/server/lib/squoosh/png'
npm warn tar TAR_ENTRY_ERROR ENOENT: no such file or directory, lstat '/mnt/data/pickinvoice/pickinvoice-step4/node_modules/next/dist/esm/server/lib/squoosh/resize'
npm warn tar TAR_ENTRY_ERROR ENOENT: no such file or directory, lstat '/mnt/data/pickinvoice/pickinvoice-step4/node_modules/next/dist/server/lib/squoosh/resize'
npm warn tar TAR_ENTRY_ERROR ENOENT: no such file or directory, lstat '/mnt/data/pickinvoice/pickinvoice-step4/node_modules/next/dist/client/components/react-dev-overlay'
npm warn tar TAR_ENTRY_ERROR ENOENT: no such file or directory, lstat '/mnt/data/pickinvoice/pickinvoice-step4/node_modules/next/dist/esm/client/components/react-dev-overlay'
npm warn tar TAR_ENTRY_ERROR ENOENT: no such file or directory, open '/mnt/data/pickinvoice/pickinvoice-step4/node_modules/next/dist/esm/server/lib/start-server.js.map'
npm warn tar TAR_ENTRY_ERROR ENOENT: no such file or directory, open '/mnt/data/pickinvoice/pickinvoice-step4/node_modules/next/dist/server/lib/start-server.js.map'
npm warn tar TAR_ENTRY_ERROR ENOENT: no such file or directory, lstat '/mnt/data/pickinvoice/pickinvoice-step4/node_modules/next/dist/esm/lib/memory'
npm warn tar TAR_ENTRY_ERROR ENOENT: no such file or directory, lstat '/mnt/data/pickinvoice/pickinvoice-step4/node_modules/next/dist/lib/memory'
npm warn tar TAR_ENTRY_ERROR ENOENT: no such file or directory, open '/mnt/data/pickinvoice/pickinvoice-step4/node_modules/next/dist/client/components/static-generation-async-storage-instance.js.map'
npm warn tar TAR_ENTRY_ERROR ENOENT: no such file or directory, open '/mnt/data/pickinvoice/pickinvoice-step4/node_modules/next/dist/esm/client/components/static-generation-async-storage-instance.js.map'
npm warn tar TAR_ENTRY_ERROR ENOENT: no such file or directory, open '/mnt/data/pickinvoice/pickinvoice-step4/node_modules/next/dist/esm/server/async-storage/static-generation-async-storage-wrapper.js.map'
npm warn tar TAR_ENTRY_ERROR ENOENT: no such file or directory, open '/mnt/data/pickinvoice/pickinvoice-step4/node_modules/next/dist/server/async-storage/static-generation-async-storage-wrapper.js.map'
npm warn tar TAR_ENTRY_ERROR ENOENT: no such file or directory, open '/mnt/data/pickinvoice/pickinvoice-step4/node_modules/next/dist/client/components/static-generation-async-storage.external.js.map'
npm warn tar TAR_ENTRY_ERROR ENOENT: no such file or directory, open '/mnt/data/pickinvoice/pickinvoice-step4/node_modules/next/dist/esm/client/components/static-generation-async-storage.external.js.map'
npm warn tar TAR_ENTRY_ERROR ENOENT: no such file or directory, open '/mnt/data/pickinvoice/pickinvoice-step4/node_modules/next/dist/client/components/static-generation-bailout.js.map'
npm warn tar TAR_ENTRY_ERROR ENOENT: no such file or directory, open '/mnt/data/pickinvoice/pickinvoice-step4/node_modules/next/dist/esm/client/components/static-generation-bailout.js.map'
npm warn tar TAR_ENTRY_ERROR ENOENT: no such file or directory, lstat '/mnt/data/pickinvoice/pickinvoice-step4/node_modules/next/dist/esm/server/dev'
npm warn tar TAR_ENTRY_ERROR ENOENT: no such file or directory, lstat '/mnt/data/pickinvoice/pickinvoice-step4/node_modules/next/dist/server/dev'
npm warn tar TAR_ENTRY_ERROR ENOENT: no such file or directory, lstat '/mnt/data/pickinvoice/pickinvoice-step4/node_modules/next/dist/esm/server/app-render/static'
npm warn tar TAR_ENTRY_ERROR ENOENT: no such file or directory, lstat '/mnt/data/pickinvoice/pickinvoice-step4/node_modules/next/dist/server/app-render/static'
npm warn tar TAR_ENTRY_ERROR ENOENT: no such file or directory, lstat '/mnt/data/pickinvoice/pickinvoice-step4/node_modules/next/dist/experimental/testmode/playwright'
npm warn tar TAR_ENTRY_ERROR ENOENT: no such file or directory, open '/mnt/data/pickinvoice/pickinvoice-step4/node_modules/next/dist/telemetry/storage.js.map'
npm warn tar TAR_ENTRY_ERROR ENOENT: no such file or directory, lstat '/mnt/data/pickinvoice/pickinvoice-step4/node_modules/next/dist/build/output'
npm warn tar TAR_ENTRY_ERROR ENOENT: no such file or directory, lstat '/mnt/data/pickinvoice/pickinvoice-step4/node_modules/next/dist/esm/build/output'
npm warn tar TAR_ENTRY_ERROR ENOENT: no such file or directory, lstat '/mnt/data/pickinvoice/pickinvoice-step4/node_modules/next/dist/build/webpack'
npm warn tar TAR_ENTRY_ERROR ENOENT: no such file or directory, lstat '/mnt/data/pickinvoice/pickinvoice-step4/node_modules/next/dist/esm/build/webpack'
npm warn tar TAR_ENTRY_ERROR ENOENT: no such file or directory, open '/mnt/data/pickinvoice/pickinvoice-step4/node_modules/next/dist/esm/server/app-render/strip-flight-headers.js.map'
npm warn tar TAR_ENTRY_ERROR ENOENT: no such file or directory, open '/mnt/data/pickinvoice/pickinvoice-step4/node_modules/next/dist/server/app-render/strip-flight-headers.js.map'
npm warn tar TAR_ENTRY_ERROR ENOENT: no such file or directory, open '/mnt/data/pickinvoice/pickinvoice-step4/node_modules/next/dist/esm/shared/lib/styled-jsx.js.map'
npm warn tar TAR_ENTRY_ERROR ENOENT: no such file or directory, open '/mnt/data/pickinvoice/pickinvoice-step4/node_modules/next/dist/shared/lib/styled-jsx.js.map'
npm warn tar TAR_ENTRY_ERROR ENOENT: no such file or directory, lstat '/mnt/data/pickinvoice/pickinvoice-step4/node_modules/next/dist/build/jest'
npm warn tar TAR_ENTRY_ERROR ENOENT: no such file or directory, open '/mnt/data/pickinvoice/pickinvoice-step4/node_modules/next/dist/client/components/react-dev-overlay/internal/components/CodeFrame/styles.js.map'
npm warn tar TAR_ENTRY_ERROR ENOENT: no such file or directory, lstat '/mnt/data/pickinvoice/pickinvoice-step4/node_modules/next/dist/client/components/react-dev-overlay'
npm warn tar TAR_ENTRY_ERROR ENOENT: no such file or directory, lstat '/mnt/data/pickinvoice/pickinvoice-step4/node_modules/next/dist/client/components/react-dev-overlay'
npm warn tar TAR_ENTRY_ERROR ENOENT: no such file or directory, open '/mnt/data/pickinvoice/pickinvoice-step4/node_modules/next/dist/client/components/react-dev-overlay/internal/components/Overlay/styles.js.map'
npm warn tar TAR_ENTRY_ERROR ENOENT: no such file or directory, lstat '/mnt/data/pickinvoice/pickinvoice-step4/node_modules/next/dist/client/components/react-dev-overlay'
npm warn tar TAR_ENTRY_ERROR ENOENT: no such file or directory, lstat '/mnt/data/pickinvoice/pickinvoice-step4/node_modules/next/dist/client/components/react-dev-overlay'
npm warn tar TAR_ENTRY_ERROR ENOENT: no such file or directory, lstat '/mnt/data/pickinvoice/pickinvoice-step4/node_modules/next/dist/client/components/react-dev-overlay'
npm warn tar TAR_ENTRY_ERROR ENOENT: no such file or directory, open '/mnt/data/pickinvoice/pickinvoice-step4/node_modules/next/dist/esm/client/components/react-dev-overlay/internal/components/CodeFrame/styles.js.map'
npm warn tar TAR_ENTRY_ERROR ENOENT: no such file or directory, lstat '/mnt/data/pickinvoice/pickinvoice-step4/node_modules/next/dist/esm/client/components/react-dev-overlay'
npm warn tar TAR_ENTRY_ERROR ENOENT: no such file or directory, lstat '/mnt/data/pickinvoice/pickinvoice-step4/node_modules/next/dist/esm/client/components/react-dev-overlay'
npm warn tar TAR_ENTRY_ERROR ENOENT: no such file or directory, open '/mnt/data/pickinvoice/pickinvoice-step4/node_modules/next/dist/esm/client/components/react-dev-overlay/internal/components/Overlay/styles.js.map'
npm warn tar TAR_ENTRY_ERROR ENOENT: no such file or directory, lstat '/mnt/data/pickinvoice/pickinvoice-step4/node_modules/next/dist/esm/client/components/react-dev-overlay'
npm warn tar TAR_ENTRY_ERROR ENOENT: no such file or directory, lstat '/mnt/data/pickinvoice/pickinvoice-step4/node_modules/next/dist/esm/client/components/react-dev-overlay'
npm warn tar TAR_ENTRY_ERROR ENOENT: no such file or directory, lstat '/mnt/data/pickinvoice/pickinvoice-step4/node_modules/next/dist/esm/client/components/react-dev-overlay'
npm warn tar TAR_ENTRY_ERROR ENOENT: no such file or directory, open '/mnt/data/pickinvoice/pickinvoice-step4/node_modules/next/dist/build/webpack/plugins/subresource-integrity-plugin.js.map'
npm warn tar TAR_ENTRY_ERROR ENOENT: no such file or directory, open '/mnt/data/pickinvoice/pickinvoice-step4/node_modules/next/dist/esm/build/webpack/plugins/subresource-integrity-plugin.js.map'
npm warn tar TAR_ENTRY_ERROR ENOENT: no such file or directory, open '/mnt/data/pickinvoice/pickinvoice-step4/node_modules/next/dist/esm/server/future/normalizers/request/suffix.js.map'
npm warn tar TAR_ENTRY_ERROR ENOENT: no such file or directory, open '/mnt/data/pickinvoice/pickinvoice-step4/node_modules/next/dist/server/future/normalizers/request/suffix.js.map'
npm warn tar TAR_ENTRY_ERROR ENOENT: no such file or directory, open '/mnt/data/pickinvoice/pickinvoice-step4/node_modules/next/dist/telemetry/events/swc-load-failure.js.map'
npm warn tar TAR_ENTRY_ERROR ENOENT: no such file or directory, open '/mnt/data/pickinvoice/pickinvoice-step4/node_modules/next/dist/telemetry/events/swc-plugins.js.map'
npm warn tar TAR_ENTRY_ERROR ENOENT: no such file or directory, lstat '/mnt/data/pickinvoice/pickinvoice-step4/node_modules/next/dist/esm/server/app-render/rsc'
npm warn tar TAR_ENTRY_ERROR ENOENT: no such file or directory, lstat '/mnt/data/pickinvoice/pickinvoice-step4/node_modules/next/dist/server/app-render/rsc'
npm warn tar TAR_ENTRY_ERROR ENOENT: no such file or directory, lstat '/mnt/data/pickinvoice/pickinvoice-step4/node_modules/next/dist/build/turborepo-access-trace'
npm warn tar TAR_ENTRY_ERROR ENOENT: no such file or directory, lstat '/mnt/data/pickinvoice/pickinvoice-step4/node_modules/next/dist/esm/build/turborepo-access-trace'
npm warn tar TAR_ENTRY_ERROR ENOENT: no such file or directory, open '/mnt/data/pickinvoice/pickinvoice-step4/node_modules/next/dist/build/webpack/plugins/telemetry-plugin.js.map'
npm warn tar TAR_ENTRY_ERROR ENOENT: no such file or directory, open '/mnt/data/pickinvoice/pickinvoice-step4/node_modules/next/dist/esm/build/webpack/plugins/telemetry-plugin.js.map'
npm warn tar TAR_ENTRY_ERROR ENOENT: no such file or directory, lstat '/mnt/data/pickinvoice/pickinvoice-step4/node_modules/next/dist/client/components/react-dev-overlay'
npm warn tar TAR_ENTRY_ERROR ENOENT: no such file or directory, lstat '/mnt/data/pickinvoice/pickinvoice-step4/node_modules/next/dist/esm/client/components/react-dev-overlay'
npm warn tar TAR_ENTRY_ERROR ENOENT: no such file or directory, open '/mnt/data/pickinvoice/pickinvoice-step4/node_modules/next/dist/esm/server/lib/to-route.js.map'
npm warn tar TAR_ENTRY_ERROR ENOENT: no such file or directory, open '/mnt/data/pickinvoice/pickinvoice-step4/node_modules/next/dist/server/lib/to-route.js.map'
npm warn tar TAR_ENTRY_ERROR ENOENT: no such file or directory, lstat '/mnt/data/pickinvoice/pickinvoice-step4/node_modules/next/dist/client/components/react-dev-overlay'
npm warn tar TAR_ENTRY_ERROR ENOENT: no such file or directory, lstat '/mnt/data/pickinvoice/pickinvoice-step4/node_modules/next/dist/esm/client/components/react-dev-overlay'
npm warn tar TAR_ENTRY_ERROR ENOENT: no such file or directory, lstat '/mnt/data/pickinvoice/pickinvoice-step4/node_modules/next/dist/esm/lib/memory'
npm warn tar TAR_ENTRY_ERROR ENOENT: no such file or directory, lstat '/mnt/data/pickinvoice/pickinvoice-step4/node_modules/next/dist/lib/memory'
npm warn tar TAR_ENTRY_ERROR ENOENT: no such file or directory, lstat '/mnt/data/pickinvoice/pickinvoice-step4/node_modules/next/dist/client/tracing'
npm warn tar TAR_ENTRY_ERROR ENOENT: no such file or directory, lstat '/mnt/data/pickinvoice/pickinvoice-step4/node_modules/next/dist/esm/client/tracing'
npm warn tar TAR_ENTRY_ERROR ENOENT: no such file or directory, open '/mnt/data/pickinvoice/pickinvoice-step4/node_modules/next/dist/esm/server/lib/trace/tracer.js.map'
npm warn tar TAR_ENTRY_ERROR ENOENT: no such file or directory, open '/mnt/data/pickinvoice/pickinvoice-step4/node_modules/next/dist/server/lib/trace/tracer.js.map'
npm warn tar TAR_ENTRY_ERROR ENOENT: no such file or directory, lstat '/mnt/data/pickinvoice/pickinvoice-step4/node_modules/next/dist/build/babel'
npm warn tar TAR_ENTRY_ERROR ENOENT: no such file or directory, lstat '/mnt/data/pickinvoice/pickinvoice-step4/node_modules/next/dist/esm/build/babel'
npm warn tar TAR_ENTRY_ERROR ENOENT: no such file or directory, open '/mnt/data/pickinvoice/pickinvoice-step4/node_modules/next/dist/client/trusted-types.js.map'
npm warn tar TAR_ENTRY_ERROR ENOENT: no such file or directory, open '/mnt/data/pickinvoice/pickinvoice-step4/node_modules/next/dist/esm/client/trusted-types.js.map'
npm warn tar TAR_ENTRY_ERROR ENOENT: no such file or directory, open '/mnt/data/pickinvoice/pickinvoice-step4/node_modules/next/dist/esm/server/api-utils/node/try-get-preview-data.js.map'
npm warn tar TAR_ENTRY_ERROR ENOENT: no such file or directory, open '/mnt/data/pickinvoice/pickinvoice-step4/node_modules/next/dist/server/api-utils/node/try-get-preview-data.js.map'
npm warn tar TAR_ENTRY_ERROR ENOENT: no such file or directory, open '/mnt/data/pickinvoice/pickinvoice-step4/node_modules/next/dist/esm/lib/try-to-parse-path.js.map'
npm warn tar TAR_ENTRY_ERROR ENOENT: no such file or directory, open '/mnt/data/pickinvoice/pickinvoice-step4/node_modules/next/dist/lib/try-to-parse-path.js.map'
npm warn tar TAR_ENTRY_ERROR ENOENT: no such file or directory, lstat '/mnt/data/pickinvoice/pickinvoice-step4/node_modules/next/dist/esm/server/dev'
npm warn tar TAR_ENTRY_ERROR ENOENT: no such file or directory, lstat '/mnt/data/pickinvoice/pickinvoice-step4/node_modules/next/dist/server/dev'
npm warn tar TAR_ENTRY_ERROR ENOENT: no such file or directory, open '/mnt/data/pickinvoice/pickinvoice-step4/node_modules/next/dist/esm/lib/turbopack-warning.js.map'
npm warn tar TAR_ENTRY_ERROR ENOENT: no such file or directory, open '/mnt/data/pickinvoice/pickinvoice-step4/node_modules/next/dist/lib/turbopack-warning.js.map'
npm warn tar TAR_ENTRY_ERROR ENOENT: no such file or directory, open '/mnt/data/pickinvoice/pickinvoice-step4/node_modules/next/dist/esm/lib/metadata/types/twitter-types.js.map'
npm warn tar TAR_ENTRY_ERROR ENOENT: no such file or directory, open '/mnt/data/pickinvoice/pickinvoice-step4/node_modules/next/dist/lib/metadata/types/twitter-types.js.map'
npm warn tar TAR_ENTRY_ERROR ENOENT: no such file or directory, open '/mnt/data/pickinvoice/pickinvoice-step4/node_modules/next/dist/build/type-check.js.map'
npm warn tar TAR_ENTRY_ERROR ENOENT: no such file or directory, open '/mnt/data/pickinvoice/pickinvoice-step4/node_modules/next/dist/esm/build/type-check.js.map'
npm warn tar TAR_ENTRY_ERROR ENOENT: no such file or directory, lstat '/mnt/data/pickinvoice/pickinvoice-step4/node_modules/next/dist/build/turborepo-access-trace'
npm warn tar TAR_ENTRY_ERROR ENOENT: no such file or directory, lstat '/mnt/data/pickinvoice/pickinvoice-step4/node_modules/next/dist/build/webpack'
npm warn tar TAR_ENTRY_ERROR ENOENT: no such file or directory, lstat '/mnt/data/pickinvoice/pickinvoice-step4/node_modules/next/dist/esm/build/turborepo-access-trace'
npm warn tar TAR_ENTRY_ERROR ENOENT: no such file or directory, lstat '/mnt/data/pickinvoice/pickinvoice-step4/node_modules/next/dist/esm/build/webpack'
npm warn tar TAR_ENTRY_ERROR ENOENT: no such file or directory, open '/mnt/data/pickinvoice/pickinvoice-step4/node_modules/next/dist/esm/export/routes/types.js.map'
npm warn tar TAR_ENTRY_ERROR ENOENT: no such file or directory, open '/mnt/data/pickinvoice/pickinvoice-step4/node_modules/next/dist/esm/server/app-render/types.js.map'
npm warn tar TAR_ENTRY_ERROR ENOENT: no such file or directory, lstat '/mnt/data/pickinvoice/pickinvoice-step4/node_modules/next/dist/esm/server/dev'
npm warn tar TAR_ENTRY_ERROR ENOENT: no such file or directory, open '/mnt/data/pickinvoice/pickinvoice-step4/node_modules/next/dist/esm/server/lib/router-utils/types.js.map'
npm warn tar TAR_ENTRY_ERROR ENOENT: no such file or directory, open '/mnt/data/pickinvoice/pickinvoice-step4/node_modules/next/dist/esm/server/lib/types.js.map'
npm warn tar TAR_ENTRY_ERROR ENOENT: no such file or directory, lstat '/mnt/data/pickinvoice/pickinvoice-step4/node_modules/next/dist/esm/server/response-cache'
npm warn tar TAR_ENTRY_ERROR ENOENT: no such file or directory, open '/mnt/data/pickinvoice/pickinvoice-step4/node_modules/next/dist/esm/server/web/types.js.map'
npm warn tar TAR_ENTRY_ERROR ENOENT: no such file or directory, open '/mnt/data/pickinvoice/pickinvoice-step4/node_modules/next/dist/esm/shared/lib/lazy-dynamic/types.js.map'
npm warn tar TAR_ENTRY_ERROR ENOENT: no such file or directory, lstat '/mnt/data/pickinvoice/pickinvoice-step4/node_modules/next/dist/experimental/testmode/proxy'
npm warn tar TAR_ENTRY_ERROR ENOENT: no such file or directory, open '/mnt/data/pickinvoice/pickinvoice-step4/node_modules/next/dist/export/routes/types.js.map'
npm warn tar TAR_ENTRY_ERROR ENOENT: no such file or directory, open '/mnt/data/pickinvoice/pickinvoice-step4/node_modules/next/dist/server/app-render/types.js.map'
npm warn tar TAR_ENTRY_ERROR ENOENT: no such file or directory, lstat '/mnt/data/pickinvoice/pickinvoice-step4/node_modules/next/dist/server/dev'
npm warn tar TAR_ENTRY_ERROR ENOENT: no such file or directory, open '/mnt/data/pickinvoice/pickinvoice-step4/node_modules/next/dist/server/lib/router-utils/types.js.map'
npm warn tar TAR_ENTRY_ERROR ENOENT: no such file or directory, open '/mnt/data/pickinvoice/pickinvoice-step4/node_modules/next/dist/server/lib/types.js.map'
npm warn tar TAR_ENTRY_ERROR ENOENT: no such file or directory, lstat '/mnt/data/pickinvoice/pickinvoice-step4/node_modules/next/dist/server/response-cache'
npm warn tar TAR_ENTRY_ERROR ENOENT: no such file or directory, open '/mnt/data/pickinvoice/pickinvoice-step4/node_modules/next/dist/server/web/types.js.map'
npm warn tar TAR_ENTRY_ERROR ENOENT: no such file or directory, open '/mnt/data/pickinvoice/pickinvoice-step4/node_modules/next/dist/shared/lib/lazy-dynamic/types.js.map'
npm warn tar TAR_ENTRY_ERROR ENOENT: no such file or directory, lstat '/mnt/data/pickinvoice/pickinvoice-step4/node_modules/next/dist/esm/server/stream-utils'
npm warn tar TAR_ENTRY_ERROR ENOENT: no such file or directory, lstat '/mnt/data/pickinvoice/pickinvoice-step4/node_modules/next/dist/server/stream-utils'
npm warn tar TAR_ENTRY_ERROR ENOENT: no such file or directory, open '/mnt/data/pickinvoice/pickinvoice-step4/node_modules/next/dist/esm/server/future/normalizers/underscore-normalizer.js.map'
npm warn tar TAR_ENTRY_ERROR ENOENT: no such file or directory, open '/mnt/data/pickinvoice/pickinvoice-step4/node_modules/next/dist/server/future/normalizers/underscore-normalizer.js.map'
npm warn tar TAR_ENTRY_ERROR ENOENT: no such file or directory, open '/mnt/data/pickinvoice/pickinvoice-step4/node_modules/next/dist/client/components/unresolved-thenable.js.map'
npm warn tar TAR_ENTRY_ERROR ENOENT: no such file or directory, open '/mnt/data/pickinvoice/pickinvoice-step4/node_modules/next/dist/esm/client/components/unresolved-thenable.js.map'
npm warn tar TAR_ENTRY_ERROR ENOENT: no such file or directory, open '/mnt/data/pickinvoice/pickinvoice-step4/node_modules/next/dist/esm/server/web/spec-extension/unstable-cache.js.map'
npm warn tar TAR_ENTRY_ERROR ENOENT: no such file or directory, open '/mnt/data/pickinvoice/pickinvoice-step4/node_modules/next/dist/server/web/spec-extension/unstable-cache.js.map'
npm warn tar TAR_ENTRY_ERROR ENOENT: no such file or directory, open '/mnt/data/pickinvoice/pickinvoice-step4/node_modules/next/dist/esm/server/web/spec-extension/unstable-no-store.js.map'
npm warn tar TAR_ENTRY_ERROR ENOENT: no such file or directory, open '/mnt/data/pickinvoice/pickinvoice-step4/node_modules/next/dist/server/web/spec-extension/unstable-no-store.js.map'
npm warn tar TAR_ENTRY_ERROR ENOENT: no such file or directory, open '/mnt/data/pickinvoice/pickinvoice-step4/node_modules/next/dist/esm/server/web/spec-extension/url-pattern.js.map'
npm warn tar TAR_ENTRY_ERROR ENOENT: no such file or directory, open '/mnt/data/pickinvoice/pickinvoice-step4/node_modules/next/dist/server/web/spec-extension/url-pattern.js.map'
npm warn tar TAR_ENTRY_ERROR ENOENT: no such file or directory, open '/mnt/data/pickinvoice/pickinvoice-step4/node_modules/next/dist/esm/lib/url.js.map'
npm warn tar TAR_ENTRY_ERROR ENOENT: no such file or directory, open '/mnt/data/pickinvoice/pickinvoice-step4/node_modules/next/dist/lib/url.js.map'
npm warn tar TAR_ENTRY_ERROR ENOENT: no such file or directory, lstat '/mnt/data/pickinvoice/pickinvoice-step4/node_modules/next/dist/client/components/react-dev-overlay'
npm warn tar TAR_ENTRY_ERROR ENOENT: no such file or directory, lstat '/mnt/data/pickinvoice/pickinvoice-step4/node_modules/next/dist/esm/client/components/react-dev-overlay'
npm warn tar TAR_ENTRY_ERROR ENOENT: no such file or directory, open '/mnt/data/pickinvoice/pickinvoice-step4/node_modules/next/dist/esm/server/app-render/use-flight-response.js.map'
npm warn tar TAR_ENTRY_ERROR ENOENT: no such file or directory, open '/mnt/data/pickinvoice/pickinvoice-step4/node_modules/next/dist/client/use-intersection.js.map'
npm warn tar TAR_ENTRY_ERROR ENOENT: no such file or directory, open '/mnt/data/pickinvoice/pickinvoice-step4/node_modules/next/dist/server/app-render/use-flight-response.js.map'
npm warn tar TAR_ENTRY_ERROR ENOENT: no such file or directory, open '/mnt/data/pickinvoice/pickinvoice-step4/node_modules/next/dist/esm/client/use-intersection.js.map'
npm warn tar TAR_ENTRY_ERROR ENOENT: no such file or directory, lstat '/mnt/data/pickinvoice/pickinvoice-step4/node_modules/next/dist/client/components/react-dev-overlay'
npm warn tar TAR_ENTRY_ERROR ENOENT: no such file or directory, lstat '/mnt/data/pickinvoice/pickinvoice-step4/node_modules/next/dist/esm/client/components/react-dev-overlay'
npm warn tar TAR_ENTRY_ERROR ENOENT: no such file or directory, lstat '/mnt/data/pickinvoice/pickinvoice-step4/node_modules/next/dist/client/components/react-dev-overlay'
npm warn tar TAR_ENTRY_ERROR ENOENT: no such file or directory, lstat '/mnt/data/pickinvoice/pickinvoice-step4/node_modules/next/dist/esm/client/components/react-dev-overlay'
npm warn tar TAR_ENTRY_ERROR ENOENT: no such file or directory, open '/mnt/data/pickinvoice/pickinvoice-step4/node_modules/next/dist/client/components/use-reducer-with-devtools.js.map'
npm warn tar TAR_ENTRY_ERROR ENOENT: no such file or directory, open '/mnt/data/pickinvoice/pickinvoice-step4/node_modules/next/dist/esm/client/components/use-reducer-with-devtools.js.map'
npm warn tar TAR_ENTRY_ERROR ENOENT: no such file or directory, lstat '/mnt/data/pickinvoice/pickinvoice-step4/node_modules/next/dist/client/components/react-dev-overlay'
npm warn tar TAR_ENTRY_ERROR ENOENT: no such file or directory, lstat '/mnt/data/pickinvoice/pickinvoice-step4/node_modules/next/dist/esm/client/components/react-dev-overlay'
npm warn tar TAR_ENTRY_ERROR ENOENT: no such file or directory, open '/mnt/data/pickinvoice/pickinvoice-step4/node_modules/next/dist/esm/server/web/spec-extension/user-agent.js.map'
npm warn tar TAR_ENTRY_ERROR ENOENT: no such file or directory, open '/mnt/data/pickinvoice/pickinvoice-step4/node_modules/next/dist/server/web/spec-extension/user-agent.js.map'
npm warn tar TAR_ENTRY_ERROR ENOENT: no such file or directory, lstat '/mnt/data/pickinvoice/pickinvoice-step4/node_modules/next/dist/build/babel'
npm warn tar TAR_ENTRY_ERROR ENOENT: no such file or directory, lstat '/mnt/data/pickinvoice/pickinvoice-step4/node_modules/next/dist/esm/build/babel'
npm warn tar TAR_ENTRY_ERROR ENOENT: no such file or directory, open '/mnt/data/pickinvoice/pickinvoice-step4/node_modules/next/dist/build/utils.js.map'
npm warn tar TAR_ENTRY_ERROR ENOENT: no such file or directory, lstat '/mnt/data/pickinvoice/pickinvoice-step4/node_modules/next/dist/build/webpack'
npm warn tar TAR_ENTRY_ERROR ENOENT: no such file or directory, open '/mnt/data/pickinvoice/pickinvoice-step4/node_modules/next/dist/build/webpack/loaders/css-loader/src/utils.js.map'
npm warn tar TAR_ENTRY_ERROR ENOENT: no such file or directory, open '/mnt/data/pickinvoice/pickinvoice-step4/node_modules/next/dist/build/webpack/loaders/lightningcss-loader/src/utils.js.map'
npm warn tar TAR_ENTRY_ERROR ENOENT: no such file or directory, lstat '/mnt/data/pickinvoice/pickinvoice-step4/node_modules/next/dist/build/webpack'
npm warn tar TAR_ENTRY_ERROR ENOENT: no such file or directory, lstat '/mnt/data/pickinvoice/pickinvoice-step4/node_modules/next/dist/build/webpack'
npm warn tar TAR_ENTRY_ERROR ENOENT: no such file or directory, lstat '/mnt/data/pickinvoice/pickinvoice-step4/node_modules/next/dist/build/webpack'
npm warn tar TAR_ENTRY_ERROR ENOENT: no such file or directory, open '/mnt/data/pickinvoice/pickinvoice-step4/node_modules/next/dist/esm/build/utils.js.map'
npm warn tar TAR_ENTRY_ERROR ENOENT: no such file or directory, lstat '/mnt/data/pickinvoice/pickinvoice-step4/node_modules/next/dist/esm/build/webpack'
npm warn tar TAR_ENTRY_ERROR ENOENT: no such file or directory, open '/mnt/data/pickinvoice/pickinvoice-step4/node_modules/next/dist/esm/build/webpack/loaders/css-loader/src/utils.js.map'
npm warn tar TAR_ENTRY_ERROR ENOENT: no such file or directory, open '/mnt/data/pickinvoice/pickinvoice-step4/node_modules/next/dist/esm/build/webpack/loaders/lightningcss-loader/src/utils.js.map'
npm warn tar TAR_ENTRY_ERROR ENOENT: no such file or directory, lstat '/mnt/data/pickinvoice/pickinvoice-step4/node_modules/next/dist/esm/build/webpack'
npm warn tar TAR_ENTRY_ERROR ENOENT: no such file or directory, lstat '/mnt/data/pickinvoice/pickinvoice-step4/node_modules/next/dist/esm/build/webpack'
npm warn tar TAR_ENTRY_ERROR ENOENT: no such file or directory, lstat '/mnt/data/pickinvoice/pickinvoice-step4/node_modules/next/dist/esm/build/webpack'
npm warn tar TAR_ENTRY_ERROR ENOENT: no such file or directory, open '/mnt/data/pickinvoice/pickinvoice-step4/node_modules/next/dist/esm/lib/metadata/generate/utils.js.map'
npm warn tar TAR_ENTRY_ERROR ENOENT: no such file or directory, lstat '/mnt/data/pickinvoice/pickinvoice-step4/node_modules/next/dist/esm/server/lib/server-ipc'
npm warn tar TAR_ENTRY_ERROR ENOENT: no such file or directory, open '/mnt/data/pickinvoice/pickinvoice-step4/node_modules/next/dist/esm/server/lib/utils.js.map'
npm warn tar TAR_ENTRY_ERROR ENOENT: no such file or directory, lstat '/mnt/data/pickinvoice/pickinvoice-step4/node_modules/next/dist/esm/server/response-cache'
npm warn tar TAR_ENTRY_ERROR ENOENT: no such file or directory, open '/mnt/data/pickinvoice/pickinvoice-step4/node_modules/next/dist/esm/server/typescript/utils.js.map'
npm warn tar TAR_ENTRY_ERROR ENOENT: no such file or directory, open '/mnt/data/pickinvoice/pickinvoice-step4/node_modules/next/dist/esm/server/utils.js.map'
npm warn tar TAR_ENTRY_ERROR ENOENT: no such file or directory, open '/mnt/data/pickinvoice/pickinvoice-step4/node_modules/next/dist/esm/server/web/utils.js.map'
npm warn tar TAR_ENTRY_ERROR ENOENT: no such file or directory, open '/mnt/data/pickinvoice/pickinvoice-step4/node_modules/next/dist/esm/shared/lib/utils.js.map'
npm warn tar TAR_ENTRY_ERROR ENOENT: no such file or directory, open '/mnt/data/pickinvoice/pickinvoice-step4/node_modules/next/dist/lib/metadata/generate/utils.js.map'
npm warn tar TAR_ENTRY_ERROR ENOENT: no such file or directory, lstat '/mnt/data/pickinvoice/pickinvoice-step4/node_modules/next/dist/server/lib/server-ipc'
npm warn tar TAR_ENTRY_ERROR ENOENT: no such file or directory, open '/mnt/data/pickinvoice/pickinvoice-step4/node_modules/next/dist/server/lib/utils.js.map'
npm warn tar TAR_ENTRY_ERROR ENOENT: no such file or directory, lstat '/mnt/data/pickinvoice/pickinvoice-step4/node_modules/next/dist/server/response-cache'
npm warn tar TAR_ENTRY_ERROR ENOENT: no such file or directory, open '/mnt/data/pickinvoice/pickinvoice-step4/node_modules/next/dist/server/typescript/utils.js.map'
npm warn tar TAR_ENTRY_ERROR ENOENT: no such file or directory, open '/mnt/data/pickinvoice/pickinvoice-step4/node_modules/next/dist/server/utils.js.map'
npm warn tar TAR_ENTRY_ERROR ENOENT: no such file or directory, open '/mnt/data/pickinvoice/pickinvoice-step4/node_modules/next/dist/server/web/utils.js.map'
npm warn tar TAR_ENTRY_ERROR ENOENT: no such file or directory, open '/mnt/data/pickinvoice/pickinvoice-step4/node_modules/next/dist/shared/lib/utils.js.map'
npm warn tar TAR_ENTRY_ERROR ENOENT: no such file or directory, open '/mnt/data/pickinvoice/pickinvoice-step4/node_modules/next/dist/esm/server/app-render/validate-url.js.map'
npm warn tar TAR_ENTRY_ERROR ENOENT: no such file or directory, open '/mnt/data/pickinvoice/pickinvoice-step4/node_modules/next/dist/server/app-render/validate-url.js.map'
npm warn tar TAR_ENTRY_ERROR ENOENT: no such file or directory, lstat '/mnt/data/pickinvoice/pickinvoice-step4/node_modules/next/dist/build/webpack'
npm warn tar TAR_ENTRY_ERROR ENOENT: no such file or directory, lstat '/mnt/data/pickinvoice/pickinvoice-step4/node_modules/next/dist/esm/build/webpack'
npm warn tar TAR_ENTRY_ERROR ENOENT: no such file or directory, open '/mnt/data/pickinvoice/pickinvoice-step4/node_modules/next/dist/esm/lib/verify-partytown-setup.js.map'
npm warn tar TAR_ENTRY_ERROR ENOENT: no such file or directory, open '/mnt/data/pickinvoice/pickinvoice-step4/node_modules/next/dist/lib/verify-partytown-setup.js.map'
npm warn tar TAR_ENTRY_ERROR ENOENT: no such file or directory, open '/mnt/data/pickinvoice/pickinvoice-step4/node_modules/next/dist/esm/lib/verify-root-layout.js.map'
npm warn tar TAR_ENTRY_ERROR ENOENT: no such file or directory, open '/mnt/data/pickinvoice/pickinvoice-step4/node_modules/next/dist/lib/verify-root-layout.js.map'
npm warn tar TAR_ENTRY_ERROR ENOENT: no such file or directory, open '/mnt/data/pickinvoice/pickinvoice-step4/node_modules/next/dist/esm/lib/verify-typescript-setup.js.map'
npm warn tar TAR_ENTRY_ERROR ENOENT: no such file or directory, open '/mnt/data/pickinvoice/pickinvoice-step4/node_modules/next/dist/lib/verify-typescript-setup.js.map'
npm warn tar TAR_ENTRY_ERROR ENOENT: no such file or directory, open '/mnt/data/pickinvoice/pickinvoice-step4/node_modules/next/dist/esm/lib/verifyAndLint.js.map'
npm warn tar TAR_ENTRY_ERROR ENOENT: no such file or directory, open '/mnt/data/pickinvoice/pickinvoice-step4/node_modules/next/dist/lib/verifyAndLint.js.map'
npm warn tar TAR_ENTRY_ERROR ENOENT: no such file or directory, open '/mnt/data/pickinvoice/pickinvoice-step4/node_modules/next/dist/telemetry/events/version.js.map'
npm warn tar TAR_ENTRY_ERROR ENOENT: no such file or directory, lstat '/mnt/data/pickinvoice/pickinvoice-step4/node_modules/next/dist/client/components/react-dev-overlay'
npm warn tar TAR_ENTRY_ERROR ENOENT: no such file or directory, lstat '/mnt/data/pickinvoice/pickinvoice-step4/node_modules/next/dist/esm/client/components/react-dev-overlay'
npm warn tar TAR_ENTRY_ERROR ENOENT: no such file or directory, open '/mnt/data/pickinvoice/pickinvoice-step4/node_modules/next/dist/esm/lib/wait.js.map'
npm warn tar TAR_ENTRY_ERROR ENOENT: no such file or directory, open '/mnt/data/pickinvoice/pickinvoice-step4/node_modules/next/dist/lib/wait.js.map'
npm warn tar TAR_ENTRY_ERROR ENOENT: no such file or directory, open '/mnt/data/pickinvoice/pickinvoice-step4/node_modules/next/dist/esm/server/app-render/walk-tree-with-flight-router-state.js.map'
npm warn tar TAR_ENTRY_ERROR ENOENT: no such file or directory, open '/mnt/data/pickinvoice/pickinvoice-step4/node_modules/next/dist/server/app-render/walk-tree-with-flight-router-state.js.map'
npm warn tar TAR_ENTRY_ERROR ENOENT: no such file or directory, lstat '/mnt/data/pickinvoice/pickinvoice-step4/node_modules/next/dist/esm/shared/lib/utils'
npm warn tar TAR_ENTRY_ERROR ENOENT: no such file or directory, lstat '/mnt/data/pickinvoice/pickinvoice-step4/node_modules/next/dist/shared/lib/utils'
npm warn tar TAR_ENTRY_ERROR ENOENT: no such file or directory, lstat '/mnt/data/pickinvoice/pickinvoice-step4/node_modules/next/dist/build/webpack'
npm warn tar TAR_ENTRY_ERROR ENOENT: no such file or directory, lstat '/mnt/data/pickinvoice/pickinvoice-step4/node_modules/next/dist/esm/build/webpack'
npm warn tar TAR_ENTRY_ERROR ENOENT: no such file or directory, open '/mnt/data/pickinvoice/pickinvoice-step4/node_modules/next/dist/esm/server/web-server.js.map'
npm warn tar TAR_ENTRY_ERROR ENOENT: no such file or directory, open '/mnt/data/pickinvoice/pickinvoice-step4/node_modules/next/dist/server/web-server.js.map'
npm warn tar TAR_ENTRY_ERROR ENOENT: no such file or directory, open '/mnt/data/pickinvoice/pickinvoice-step4/node_modules/next/dist/client/web-vitals.js.map'
npm warn tar TAR_ENTRY_ERROR ENOENT: no such file or directory, open '/mnt/data/pickinvoice/pickinvoice-step4/node_modules/next/dist/esm/client/web-vitals.js.map'
npm warn tar TAR_ENTRY_ERROR ENOENT: no such file or directory, lstat '/mnt/data/pickinvoice/pickinvoice-step4/node_modules/next/dist/esm/server/api-utils'
npm warn tar TAR_ENTRY_ERROR ENOENT: no such file or directory, lstat '/mnt/data/pickinvoice/pickinvoice-step4/node_modules/next/dist/esm/server/base-http'
npm warn tar TAR_ENTRY_ERROR ENOENT: no such file or directory, lstat '/mnt/data/pickinvoice/pickinvoice-step4/node_modules/next/dist/esm/server/response-cache'
npm warn tar TAR_ENTRY_ERROR ENOENT: no such file or directory, lstat '/mnt/data/pickinvoice/pickinvoice-step4/node_modules/next/dist/server/api-utils'
npm warn tar TAR_ENTRY_ERROR ENOENT: no such file or directory, lstat '/mnt/data/pickinvoice/pickinvoice-step4/node_modules/next/dist/server/base-http'
npm warn tar TAR_ENTRY_ERROR ENOENT: no such file or directory, lstat '/mnt/data/pickinvoice/pickinvoice-step4/node_modules/next/dist/server/response-cache'
npm warn tar TAR_ENTRY_ERROR ENOENT: no such file or directory, lstat '/mnt/data/pickinvoice/pickinvoice-step4/node_modules/next/dist/esm/server/lib/squoosh/webp'
npm warn tar TAR_ENTRY_ERROR ENOENT: no such file or directory, lstat '/mnt/data/pickinvoice/pickinvoice-step4/node_modules/next/dist/server/lib/squoosh/webp'
npm warn tar TAR_ENTRY_ERROR ENOENT: no such file or directory, lstat '/mnt/data/pickinvoice/pickinvoice-step4/node_modules/next/dist/esm/server/lib/squoosh/webp'
npm warn tar TAR_ENTRY_ERROR ENOENT: no such file or directory, lstat '/mnt/data/pickinvoice/pickinvoice-step4/node_modules/next/dist/server/lib/squoosh/webp'
npm warn tar TAR_ENTRY_ERROR ENOENT: no such file or directory, open '/mnt/data/pickinvoice/pickinvoice-step4/node_modules/next/dist/build/webpack-config.js.map'
npm warn tar TAR_ENTRY_ERROR ENOENT: no such file or directory, open '/mnt/data/pickinvoice/pickinvoice-step4/node_modules/next/dist/esm/build/webpack-config.js.map'
npm warn tar TAR_ENTRY_ERROR ENOENT: no such file or directory, open '/mnt/data/pickinvoice/pickinvoice-step4/node_modules/next/dist/client/webpack.js.map'
npm warn tar TAR_ENTRY_ERROR ENOENT: no such file or directory, open '/mnt/data/pickinvoice/pickinvoice-step4/node_modules/next/dist/esm/client/webpack.js.map'
npm warn tar TAR_ENTRY_ERROR ENOENT: no such file or directory, lstat '/mnt/data/pickinvoice/pickinvoice-step4/node_modules/next/dist/build/webpack'
npm warn tar TAR_ENTRY_ERROR ENOENT: no such file or directory, lstat '/mnt/data/pickinvoice/pickinvoice-step4/node_modules/next/dist/esm/build/webpack'
npm warn tar TAR_ENTRY_ERROR ENOENT: no such file or directory, open '/mnt/data/pickinvoice/pickinvoice-step4/node_modules/next/dist/client/components/react-dev-overlay/pages/websocket.js.map'
npm warn tar TAR_ENTRY_ERROR ENOENT: no such file or directory, lstat '/mnt/data/pickinvoice/pickinvoice-step4/node_modules/next/dist/client/dev/error-overlay'
npm warn tar TAR_ENTRY_ERROR ENOENT: no such file or directory, open '/mnt/data/pickinvoice/pickinvoice-step4/node_modules/next/dist/esm/client/components/react-dev-overlay/pages/websocket.js.map'
npm warn tar TAR_ENTRY_ERROR ENOENT: no such file or directory, lstat '/mnt/data/pickinvoice/pickinvoice-step4/node_modules/next/dist/esm/client/dev/error-overlay'
npm warn tar TAR_ENTRY_ERROR ENOENT: no such file or directory, lstat '/mnt/data/pickinvoice/pickinvoice-step4/node_modules/next/dist/build/polyfills'
npm warn tar TAR_ENTRY_ERROR ENOENT: no such file or directory, lstat '/mnt/data/pickinvoice/pickinvoice-step4/node_modules/next/dist/esm/build/polyfills'
npm warn tar TAR_ENTRY_ERROR ENOENT: no such file or directory, open '/mnt/data/pickinvoice/pickinvoice-step4/node_modules/next/dist/esm/lib/with-promise-cache.js.map'
npm warn tar TAR_ENTRY_ERROR ENOENT: no such file or directory, open '/mnt/data/pickinvoice/pickinvoice-step4/node_modules/next/dist/lib/with-promise-cache.js.map'
npm warn tar TAR_ENTRY_ERROR ENOENT: no such file or directory, open '/mnt/data/pickinvoice/pickinvoice-step4/node_modules/next/dist/client/with-router.js.map'
npm warn tar TAR_ENTRY_ERROR ENOENT: no such file or directory, open '/mnt/data/pickinvoice/pickinvoice-step4/node_modules/next/dist/esm/client/with-router.js.map'
npm warn tar TAR_ENTRY_ERROR ENOENT: no such file or directory, open '/mnt/data/pickinvoice/pickinvoice-step4/node_modules/next/dist/esm/server/lib/worker-utils.js.map'
npm warn tar TAR_ENTRY_ERROR ENOENT: no such file or directory, open '/mnt/data/pickinvoice/pickinvoice-step4/node_modules/next/dist/server/lib/worker-utils.js.map'
npm warn tar TAR_ENTRY_ERROR ENOENT: no such file or directory, open '/mnt/data/pickinvoice/pickinvoice-step4/node_modules/next/dist/build/worker.js.map'
npm warn tar TAR_ENTRY_ERROR ENOENT: no such file or directory, open '/mnt/data/pickinvoice/pickinvoice-step4/node_modules/next/dist/esm/build/worker.js.map'
npm warn tar TAR_ENTRY_ERROR ENOENT: no such file or directory, open '/mnt/data/pickinvoice/pickinvoice-step4/node_modules/next/dist/esm/lib/worker.js.map'
npm warn tar TAR_ENTRY_ERROR ENOENT: no such file or directory, open '/mnt/data/pickinvoice/pickinvoice-step4/node_modules/next/dist/lib/worker.js.map'
npm warn tar TAR_ENTRY_ERROR ENOENT: no such file or directory, open '/mnt/data/pickinvoice/pickinvoice-step4/node_modules/next/dist/esm/server/future/normalizers/wrap-normalizer-fn.js.map'
npm warn tar TAR_ENTRY_ERROR ENOENT: no such file or directory, open '/mnt/data/pickinvoice/pickinvoice-step4/node_modules/next/dist/server/future/normalizers/wrap-normalizer-fn.js.map'
npm warn tar TAR_ENTRY_ERROR ENOENT: no such file or directory, lstat '/mnt/data/pickinvoice/pickinvoice-step4/node_modules/next/dist/esm/lib/fs'
npm warn tar TAR_ENTRY_ERROR ENOENT: no such file or directory, lstat '/mnt/data/pickinvoice/pickinvoice-step4/node_modules/next/dist/lib/fs'
npm warn tar TAR_ENTRY_ERROR ENOENT: no such file or directory, open '/mnt/data/pickinvoice/pickinvoice-step4/node_modules/next/dist/build/write-build-id.js.map'
npm warn tar TAR_ENTRY_ERROR ENOENT: no such file or directory, open '/mnt/data/pickinvoice/pickinvoice-step4/node_modules/next/dist/esm/build/write-build-id.js.map'
npm warn tar TAR_ENTRY_ERROR ENOENT: no such file or directory, lstat '/mnt/data/pickinvoice/pickinvoice-step4/node_modules/next/dist/esm/lib/typescript'
npm warn tar TAR_ENTRY_ERROR ENOENT: no such file or directory, lstat '/mnt/data/pickinvoice/pickinvoice-step4/node_modules/next/dist/lib/typescript'
npm warn tar TAR_ENTRY_ERROR ENOENT: no such file or directory, lstat '/mnt/data/pickinvoice/pickinvoice-step4/node_modules/next/dist/esm/lib/typescript'
npm warn tar TAR_ENTRY_ERROR ENOENT: no such file or directory, lstat '/mnt/data/pickinvoice/pickinvoice-step4/node_modules/next/dist/lib/typescript'
npm warn tar TAR_ENTRY_ERROR ENOENT: no such file or directory, lstat '/mnt/data/pickinvoice/pickinvoice-step4/node_modules/next/dist/esm/lib/eslint'
npm warn tar TAR_ENTRY_ERROR ENOENT: no such file or directory, lstat '/mnt/data/pickinvoice/pickinvoice-step4/node_modules/next/dist/lib/eslint'
npm warn tar TAR_ENTRY_ERROR ENOENT: no such file or directory, lstat '/mnt/data/pickinvoice/pickinvoice-step4/node_modules/next/dist/esm/lib/eslint'
npm warn tar TAR_ENTRY_ERROR ENOENT: no such file or directory, lstat '/mnt/data/pickinvoice/pickinvoice-step4/node_modules/next/dist/lib/eslint'
npm warn tar TAR_ENTRY_ERROR ENOENT: no such file or directory, open '/mnt/data/pickinvoice/pickinvoice-step4/node_modules/next/dist/compiled/@babel/runtime/README.md'
npm warn tar TAR_ENTRY_ERROR ENOENT: no such file or directory, open '/mnt/data/pickinvoice/pickinvoice-step4/node_modules/next/dist/compiled/react-is/README.md'
npm warn tar TAR_ENTRY_ERROR ENOENT: no such file or directory, open '/mnt/data/pickinvoice/pickinvoice-step4/node_modules/next/dist/compiled/react-refresh/README.md'
npm warn tar TAR_ENTRY_ERROR ENOENT: no such file or directory, open '/mnt/data/pickinvoice/pickinvoice-step4/node_modules/next/dist/compiled/regenerator-runtime/README.md'
npm warn tar TAR_ENTRY_ERROR ENOENT: no such file or directory, open '/mnt/data/pickinvoice/pickinvoice-step4/node_modules/next/dist/pages/_app.d.ts'
npm warn tar TAR_ENTRY_ERROR ENOENT: no such file or directory, open '/mnt/data/pickinvoice/pickinvoice-step4/node_modules/next/dist/pages/_document.d.ts'
npm warn tar TAR_ENTRY_ERROR ENOENT: no such file or directory, open '/mnt/data/pickinvoice/pickinvoice-step4/node_modules/next/dist/pages/_error.d.ts'
npm warn tar TAR_ENTRY_ERROR ENOENT: no such file or directory, open '/mnt/data/pickinvoice/pickinvoice-step4/node_modules/next/dist/server/future/route-modules/pages/builtin/_error.d.ts'
npm warn tar TAR_ENTRY_ERROR ENOENT: no such file or directory, open '/mnt/data/pickinvoice/pickinvoice-step4/node_modules/next/dist/compiled/@edge-runtime/primitives/abort-controller.d.ts'
npm warn tar TAR_ENTRY_ERROR ENOENT: no such file or directory, open '/mnt/data/pickinvoice/pickinvoice-step4/node_modules/next/dist/server/future/normalizers/absolute-filename-normalizer.d.ts'
npm warn tar TAR_ENTRY_ERROR ENOENT: no such file or directory, open '/mnt/data/pickinvoice/pickinvoice-step4/node_modules/next/dist/server/future/normalizers/absolute-filename-normalizer.test.d.ts'
npm warn tar TAR_ENTRY_ERROR ENOENT: no such file or directory, open '/mnt/data/pickinvoice/pickinvoice-step4/node_modules/next/dist/shared/lib/page-path/absolute-path-to-page.d.ts'
npm warn tar TAR_ENTRY_ERROR ENOENT: no such file or directory, open '/mnt/data/pickinvoice/pickinvoice-step4/node_modules/next/dist/server/accept-header.d.ts'
npm warn tar TAR_ENTRY_ERROR ENOENT: no such file or directory, open '/mnt/data/pickinvoice/pickinvoice-step4/node_modules/next/dist/client/components/action-async-storage-instance.d.ts'
npm warn tar TAR_ENTRY_ERROR ENOENT: no such file or directory, open '/mnt/data/pickinvoice/pickinvoice-step4/node_modules/next/dist/client/components/action-async-storage.external.d.ts'
npm warn tar TAR_ENTRY_ERROR ENOENT: no such file or directory, open '/mnt/data/pickinvoice/pickinvoice-step4/node_modules/next/dist/build/webpack/loaders/next-flight-loader/action-client-wrapper.d.ts'
npm warn tar TAR_ENTRY_ERROR ENOENT: no such file or directory, open '/mnt/data/pickinvoice/pickinvoice-step4/node_modules/next/dist/server/app-render/action-handler.d.ts'
npm warn tar TAR_ENTRY_ERROR ENOENT: no such file or directory, open '/mnt/data/pickinvoice/pickinvoice-step4/node_modules/next/dist/shared/lib/router/action-queue.d.ts'
npm warn tar TAR_ENTRY_ERROR ENOENT: no such file or directory, open '/mnt/data/pickinvoice/pickinvoice-step4/node_modules/next/dist/server/app-render/action-utils.d.ts'
npm warn tar TAR_ENTRY_ERROR ENOENT: no such file or directory, open '/mnt/data/pickinvoice/pickinvoice-step4/node_modules/next/dist/build/webpack/loaders/next-flight-loader/action-validate.d.ts'
npm warn tar TAR_ENTRY_ERROR ENOENT: no such file or directory, open '/mnt/data/pickinvoice/pickinvoice-step4/node_modules/next/dist/server/future/normalizers/request/action.d.ts'
npm warn tar TAR_ENTRY_ERROR ENOENT: no such file or directory, open '/mnt/data/pickinvoice/pickinvoice-step4/node_modules/next/dist/server/web/adapter.d.ts'
npm warn tar TAR_ENTRY_ERROR ENOENT: no such file or directory, open '/mnt/data/pickinvoice/pickinvoice-step4/node_modules/next/dist/shared/lib/router/adapters.d.ts'
npm warn tar TAR_ENTRY_ERROR ENOENT: no such file or directory, open '/mnt/data/pickinvoice/pickinvoice-step4/node_modules/next/dist/shared/lib/router/adapters.test.d.ts'
npm warn tar TAR_ENTRY_ERROR ENOENT: no such file or directory, open '/mnt/data/pickinvoice/pickinvoice-step4/node_modules/next/dist/client/add-base-path.d.ts'
npm warn tar TAR_ENTRY_ERROR ENOENT: no such file or directory, open '/mnt/data/pickinvoice/pickinvoice-step4/node_modules/next/dist/client/add-locale.d.ts'
npm warn tar TAR_ENTRY_ERROR ENOENT: no such file or directory, open '/mnt/data/pickinvoice/pickinvoice-step4/node_modules/next/dist/shared/lib/router/utils/add-locale.d.ts'
npm warn tar TAR_ENTRY_ERROR ENOENT: no such file or directory, open '/mnt/data/pickinvoice/pickinvoice-step4/node_modules/next/dist/shared/lib/router/utils/add-path-prefix.d.ts'
npm warn tar TAR_ENTRY_ERROR ENOENT: no such file or directory, open '/mnt/data/pickinvoice/pickinvoice-step4/node_modules/next/dist/shared/lib/router/utils/add-path-suffix.d.ts'
npm warn tar TAR_ENTRY_ERROR ENOENT: no such file or directory, open '/mnt/data/pickinvoice/pickinvoice-step4/node_modules/next/dist/lib/metadata/generate/alternate.d.ts'
npm warn tar TAR_ENTRY_ERROR ENOENT: no such file or directory, open '/mnt/data/pickinvoice/pickinvoice-step4/node_modules/next/dist/lib/metadata/types/alternative-urls-types.d.ts'
npm warn tar TAR_ENTRY_ERROR ENOENT: no such file or directory, open '/mnt/data/pickinvoice/pickinvoice-step4/node_modules/next/dist/build/babel/plugins/amp-attributes.d.ts'
npm warn tar TAR_ENTRY_ERROR ENOENT: no such file or directory, open '/mnt/data/pickinvoice/pickinvoice-step4/node_modules/next/dist/server/future/route-modules/app-page/vendored/contexts/amp-context.d.ts'
npm warn tar TAR_ENTRY_ERROR ENOENT: no such file or directory, open '/mnt/data/pickinvoice/pickinvoice-step4/node_modules/next/dist/server/future/route-modules/pages/vendored/contexts/amp-context.d.ts'
npm warn tar TAR_ENTRY_ERROR ENOENT: no such file or directory, open '/mnt/data/pickinvoice/pickinvoice-step4/node_modules/next/dist/shared/lib/amp-context.shared-runtime.d.ts'
npm warn tar TAR_ENTRY_ERROR ENOENT: no such file or directory, open '/mnt/data/pickinvoice/pickinvoice-step4/node_modules/next/dist/client/dev/amp-dev.d.ts'
npm warn tar TAR_ENTRY_ERROR ENOENT: no such file or directory, open '/mnt/data/pickinvoice/pickinvoice-step4/node_modules/next/dist/shared/lib/amp-mode.d.ts'
npm warn tar TAR_ENTRY_ERROR ENOENT: no such file or directory, open '/mnt/data/pickinvoice/pickinvoice-step4/node_modules/next/dist/shared/lib/amp.d.ts'
npm warn tar TAR_ENTRY_ERROR ENOENT: no such file or directory, open '/mnt/data/pickinvoice/pickinvoice-step4/node_modules/next/dist/telemetry/anonymous-meta.d.ts'
npm warn tar TAR_ENTRY_ERROR ENOENT: no such file or directory, open '/mnt/data/pickinvoice/pickinvoice-step4/node_modules/next/dist/server/api-utils/node/api-resolver.d.ts'
npm warn tar TAR_ENTRY_ERROR ENOENT: no such file or directory, open '/mnt/data/pickinvoice/pickinvoice-step4/node_modules/next/dist/build/webpack/loaders/css-loader/src/runtime/api.d.ts'
npm warn tar TAR_ENTRY_ERROR ENOENT: no such file or directory, open '/mnt/data/pickinvoice/pickinvoice-step4/node_modules/next/dist/client/app-bootstrap.d.ts'
npm warn tar TAR_ENTRY_ERROR ENOENT: no such file or directory, open '/mnt/data/pickinvoice/pickinvoice-step4/node_modules/next/dist/build/webpack/plugins/app-build-manifest-plugin.d.ts'
npm warn tar TAR_ENTRY_ERROR ENOENT: no such file or directory, open '/mnt/data/pickinvoice/pickinvoice-step4/node_modules/next/dist/server/future/normalizers/built/app/app-bundle-path-normalizer.d.ts'
npm warn tar TAR_ENTRY_ERROR ENOENT: no such file or directory, open '/mnt/data/pickinvoice/pickinvoice-step4/node_modules/next/dist/client/app-call-server.d.ts'
npm warn tar TAR_ENTRY_ERROR ENOENT: no such file or directory, open '/mnt/data/pickinvoice/pickinvoice-step4/node_modules/next/dist/server/lib/app-dir-module.d.ts'
npm warn tar TAR_ENTRY_ERROR ENOENT: no such file or directory, open '/mnt/data/pickinvoice/pickinvoice-step4/node_modules/next/dist/api/app-dynamic.d.ts'
npm warn tar TAR_ENTRY_ERROR ENOENT: no such file or directory, open '/mnt/data/pickinvoice/pickinvoice-step4/node_modules/next/dist/shared/lib/app-dynamic.d.ts'
npm warn tar TAR_ENTRY_ERROR ENOENT: no such file or directory, open '/mnt/data/pickinvoice/pickinvoice-step4/node_modules/next/dist/server/future/normalizers/built/app/app-filename-normalizer.d.ts'
npm warn tar TAR_ENTRY_ERROR ENOENT: no such file or directory, open '/mnt/data/pickinvoice/pickinvoice-step4/node_modules/next/dist/client/app-index.d.ts'
npm warn tar TAR_ENTRY_ERROR ENOENT: no such file or directory, open '/mnt/data/pickinvoice/pickinvoice-step4/node_modules/next/dist/server/lib/app-info-log.d.ts'
npm warn tar TAR_ENTRY_ERROR ENOENT: no such file or directory, open '/mnt/data/pickinvoice/pickinvoice-step4/node_modules/next/dist/client/app-link-gc.d.ts'
npm warn tar TAR_ENTRY_ERROR ENOENT: no such file or directory, open '/mnt/data/pickinvoice/pickinvoice-step4/node_modules/next/dist/client/app-next-dev.d.ts'
npm warn tar TAR_ENTRY_ERROR ENOENT: no such file or directory, open '/mnt/data/pickinvoice/pickinvoice-step4/node_modules/next/dist/client/app-next-turbopack.d.ts'
npm warn tar TAR_ENTRY_ERROR ENOENT: no such file or directory, open '/mnt/data/pickinvoice/pickinvoice-step4/node_modules/next/dist/client/app-next.d.ts'
npm warn tar TAR_ENTRY_ERROR ENOENT: no such file or directory, open '/mnt/data/pickinvoice/pickinvoice-step4/node_modules/next/dist/server/future/normalizers/built/app/app-page-normalizer.d.ts'
npm warn tar TAR_ENTRY_ERROR ENOENT: no such file or directory, open '/mnt/data/pickinvoice/pickinvoice-step4/node_modules/next/dist/server/future/route-definitions/app-page-route-definition.d.ts'
npm warn tar TAR_ENTRY_ERROR ENOENT: no such file or directory, open '/mnt/data/pickinvoice/pickinvoice-step4/node_modules/next/dist/server/future/route-matches/app-page-route-match.d.ts'
npm warn tar TAR_ENTRY_ERROR ENOENT: no such file or directory, open '/mnt/data/pickinvoice/pickinvoice-step4/node_modules/next/dist/server/future/route-matcher-providers/app-page-route-matcher-provider.d.ts'
npm warn tar TAR_ENTRY_ERROR ENOENT: no such file or directory, open '/mnt/data/pickinvoice/pickinvoice-step4/node_modules/next/dist/server/future/route-matcher-providers/app-page-route-matcher-provider.test.d.ts'
npm warn tar TAR_ENTRY_ERROR ENOENT: no such file or directory, open '/mnt/data/pickinvoice/pickinvoice-step4/node_modules/next/dist/server/future/route-matchers/app-page-route-matcher.d.ts'
npm warn tar TAR_ENTRY_ERROR ENOENT: no such file or directory, open '/mnt/data/pickinvoice/pickinvoice-step4/node_modules/next/dist/build/templates/app-page.d.ts'
npm warn tar TAR_ENTRY_ERROR ENOENT: no such file or directory, open '/mnt/data/pickinvoice/pickinvoice-step4/node_modules/next/dist/export/routes/app-page.d.ts'
npm warn tar TAR_ENTRY_ERROR ENOENT: no such file or directory, open '/mnt/data/pickinvoice/pickinvoice-step4/node_modules/next/dist/server/future/normalizers/built/app/app-pathname-normalizer.d.ts'
npm warn tar TAR_ENTRY_ERROR ENOENT: no such file or directory, open '/mnt/data/pickinvoice/pickinvoice-step4/node_modules/next/dist/shared/lib/router/utils/app-paths.d.ts'
npm warn tar TAR_ENTRY_ERROR ENOENT: no such file or directory, open '/mnt/data/pickinvoice/pickinvoice-step4/node_modules/next/dist/shared/lib/router/utils/app-paths.test.d.ts'
npm warn tar TAR_ENTRY_ERROR ENOENT: no such file or directory, open '/mnt/data/pickinvoice/pickinvoice-step4/node_modules/next/dist/server/app-render/app-render.d.ts'
npm warn tar TAR_ENTRY_ERROR ENOENT: no such file or directory, open '/mnt/data/pickinvoice/pickinvoice-step4/node_modules/next/dist/server/future/route-definitions/app-route-route-definition.d.ts'
npm warn tar TAR_ENTRY_ERROR ENOENT: no such file or directory, open '/mnt/data/pickinvoice/pickinvoice-step4/node_modules/next/dist/server/future/route-matches/app-route-route-match.d.ts'
npm warn tar TAR_ENTRY_ERROR ENOENT: no such file or directory, open '/mnt/data/pickinvoice/pickinvoice-step4/node_modules/next/dist/server/future/route-matcher-providers/app-route-route-matcher-provider.d.ts'
npm warn tar TAR_ENTRY_ERROR ENOENT: no such file or directory, open '/mnt/data/pickinvoice/pickinvoice-step4/node_modules/next/dist/server/future/route-matcher-providers/app-route-route-matcher-provider.test.d.ts'
npm warn tar TAR_ENTRY_ERROR ENOENT: no such file or directory, open '/mnt/data/pickinvoice/pickinvoice-step4/node_modules/next/dist/server/future/route-matchers/app-route-route-matcher.d.ts'
npm warn tar TAR_ENTRY_ERROR ENOENT: no such file or directory, open '/mnt/data/pickinvoice/pickinvoice-step4/node_modules/next/dist/build/templates/app-route.d.ts'
npm warn tar TAR_ENTRY_ERROR ENOENT: no such file or directory, open '/mnt/data/pickinvoice/pickinvoice-step4/node_modules/next/dist/export/routes/app-route.d.ts'
npm warn tar TAR_ENTRY_ERROR ENOENT: no such file or directory, open '/mnt/data/pickinvoice/pickinvoice-step4/node_modules/next/dist/client/components/app-router-announcer.d.ts'
npm warn tar TAR_ENTRY_ERROR ENOENT: no such file or directory, open '/mnt/data/pickinvoice/pickinvoice-step4/node_modules/next/dist/server/future/route-modules/app-page/vendored/contexts/app-router-context.d.ts'
npm warn tar TAR_ENTRY_ERROR ENOENT: no such file or directory, open '/mnt/data/pickinvoice/pickinvoice-step4/node_modules/next/dist/server/future/route-modules/pages/vendored/contexts/app-router-context.d.ts'
npm warn tar TAR_ENTRY_ERROR ENOENT: no such file or directory, open '/mnt/data/pickinvoice/pickinvoice-step4/node_modules/next/dist/shared/lib/app-router-context.shared-runtime.d.ts'
npm warn tar TAR_ENTRY_ERROR ENOENT: no such file or directory, open '/mnt/data/pickinvoice/pickinvoice-step4/node_modules/next/dist/client/components/app-router-headers.d.ts'
npm warn tar TAR_ENTRY_ERROR ENOENT: no such file or directory, open '/mnt/data/pickinvoice/pickinvoice-step4/node_modules/next/dist/client/components/app-router.d.ts'
npm warn tar TAR_ENTRY_ERROR ENOENT: no such file or directory, open '/mnt/data/pickinvoice/pickinvoice-step4/node_modules/next/dist/client/app-webpack.d.ts'
npm warn tar TAR_ENTRY_ERROR ENOENT: no such file or directory, open '/mnt/data/pickinvoice/pickinvoice-step4/node_modules/next/dist/api/app.d.ts'
npm warn tar TAR_ENTRY_ERROR ENOENT: no such file or directory, open '/mnt/data/pickinvoice/pickinvoice-step4/node_modules/next/dist/client/components/router-reducer/apply-flight-data.d.ts'
npm warn tar TAR_ENTRY_ERROR ENOENT: no such file or directory, open '/mnt/data/pickinvoice/pickinvoice-step4/node_modules/next/dist/client/components/router-reducer/apply-router-state-patch-to-tree.d.ts'
npm warn tar TAR_ENTRY_ERROR ENOENT: no such file or directory, open '/mnt/data/pickinvoice/pickinvoice-step4/node_modules/next/dist/client/components/router-reducer/apply-router-state-patch-to-tree.test.d.ts'
npm warn tar TAR_ENTRY_ERROR ENOENT: no such file or directory, open '/mnt/data/pickinvoice/pickinvoice-step4/node_modules/next/dist/shared/lib/router/utils/as-path-to-search-params.d.ts'
npm warn tar TAR_ENTRY_ERROR ENOENT: no such file or directory, open '/mnt/data/pickinvoice/pickinvoice-step4/node_modules/next/dist/client/components/async-local-storage.d.ts'
npm warn tar TAR_ENTRY_ERROR ENOENT: no such file or directory, open '/mnt/data/pickinvoice/pickinvoice-step4/node_modules/next/dist/server/async-storage/async-storage-wrapper.d.ts'
npm warn tar TAR_ENTRY_ERROR ENOENT: no such file or directory, open '/mnt/data/pickinvoice/pickinvoice-step4/node_modules/next/dist/server/future/route-modules/app-route/helpers/auto-implement-methods.d.ts'
npm warn tar TAR_ENTRY_ERROR ENOENT: no such file or directory, open '/mnt/data/pickinvoice/pickinvoice-step4/node_modules/next/dist/build/polyfills/object.assign/auto.d.ts'
npm warn tar TAR_ENTRY_ERROR ENOENT: no such file or directory, open '/mnt/data/pickinvoice/pickinvoice-step4/node_modules/next/dist/esm/server/lib/squoosh/avif/avif_enc.d.ts'
npm warn tar TAR_ENTRY_ERROR ENOENT: no such file or directory, open '/mnt/data/pickinvoice/pickinvoice-step4/node_modules/next/dist/server/lib/squoosh/avif/avif_enc.d.ts'
npm warn tar TAR_ENTRY_ERROR ENOENT: no such file or directory, open '/mnt/data/pickinvoice/pickinvoice-step4/node_modules/next/dist/client/components/bailout-to-client-rendering.d.ts'
npm warn tar TAR_ENTRY_ERROR ENOENT: no such file or directory, open '/mnt/data/pickinvoice/pickinvoice-step4/node_modules/next/dist/shared/lib/lazy-dynamic/bailout-to-csr.d.ts'
npm warn tar TAR_ENTRY_ERROR ENOENT: no such file or directory, open '/mnt/data/pickinvoice/pickinvoice-step4/node_modules/next/dist/server/future/normalizers/request/base-path.d.ts'
npm warn tar TAR_ENTRY_ERROR ENOENT: no such file or directory, open '/mnt/data/pickinvoice/pickinvoice-step4/node_modules/next/dist/server/future/normalizers/request/base-path.test.d.ts'
npm warn tar TAR_ENTRY_ERROR ENOENT: no such file or directory, open '/mnt/data/pickinvoice/pickinvoice-step4/node_modules/next/dist/server/base-server.d.ts'
npm warn tar TAR_ENTRY_ERROR ENOENT: no such file or directory, open '/mnt/data/pickinvoice/pickinvoice-step4/node_modules/next/dist/build/webpack/config/blocks/base.d.ts'
npm warn tar TAR_ENTRY_ERROR ENOENT: no such file or directory, open '/mnt/data/pickinvoice/pickinvoice-step4/node_modules/next/dist/client/components/react-dev-overlay/internal/styles/Base.d.ts'
npm warn tar TAR_ENTRY_ERROR ENOENT: no such file or directory, open '/mnt/data/pickinvoice/pickinvoice-step4/node_modules/next/dist/lib/metadata/generate/basic.d.ts'
npm warn tar TAR_ENTRY_ERROR ENOENT: no such file or directory, open '/mnt/data/pickinvoice/pickinvoice-step4/node_modules/next/dist/server/future/route-matcher-providers/dev/helpers/file-reader/batched-file-reader.d.ts'
npm warn tar TAR_ENTRY_ERROR ENOENT: no such file or directory, open '/mnt/data/pickinvoice/pickinvoice-step4/node_modules/next/dist/server/future/route-matcher-providers/dev/helpers/file-reader/batched-file-reader.test.d.ts'
npm warn tar TAR_ENTRY_ERROR ENOENT: no such file or directory, open '/mnt/data/pickinvoice/pickinvoice-step4/node_modules/next/dist/lib/batcher.d.ts'
npm warn tar TAR_ENTRY_ERROR ENOENT: no such file or directory, open '/mnt/data/pickinvoice/pickinvoice-step4/node_modules/next/dist/lib/batcher.test.d.ts'
npm warn tar TAR_ENTRY_ERROR ENOENT: no such file or directory, open '/mnt/data/pickinvoice/pickinvoice-step4/node_modules/next/dist/compiled/@edge-runtime/primitives/blob.d.ts'
npm warn tar TAR_ENTRY_ERROR ENOENT: no such file or directory, open '/mnt/data/pickinvoice/pickinvoice-step4/node_modules/next/dist/server/lib/router-utils/block-cross-site.d.ts'
npm warn tar TAR_ENTRY_ERROR ENOENT: no such file or directory, open '/mnt/data/pickinvoice/pickinvoice-step4/node_modules/next/dist/shared/lib/bloom-filter.d.ts'
npm warn tar TAR_ENTRY_ERROR ENOENT: no such file or directory, open '/mnt/data/pickinvoice/pickinvoice-step4/node_modules/next/dist/build/webpack/loaders/next-image-loader/blur.d.ts'
npm warn tar TAR_ENTRY_ERROR ENOENT: no such file or directory, open '/mnt/data/pickinvoice/pickinvoice-step4/node_modules/next/dist/client/components/react-dev-overlay/internal/components/Overlay/body-locker.d.ts'
npm warn tar TAR_ENTRY_ERROR ENOENT: no such file or directory, open '/mnt/data/pickinvoice/pickinvoice-step4/node_modules/next/dist/server/body-streams.d.ts'
npm warn tar TAR_ENTRY_ERROR ENOENT: no such file or directory, open '/mnt/data/pickinvoice/pickinvoice-step4/node_modules/next/dist/build/build-context.d.ts'
npm warn tar TAR_ENTRY_ERROR ENOENT: no such file or directory, open '/mnt/data/pickinvoice/pickinvoice-step4/node_modules/next/dist/lib/build-custom-route.d.ts'
npm warn tar TAR_ENTRY_ERROR ENOENT: no such file or directory, open '/mnt/data/pickinvoice/pickinvoice-step4/node_modules/next/dist/server/lib/router-utils/build-data-route.d.ts'
npm warn tar TAR_ENTRY_ERROR ENOENT: no such file or directory, open '/mnt/data/pickinvoice/pickinvoice-step4/node_modules/next/dist/build/webpack/plugins/build-manifest-plugin.d.ts'
npm warn tar TAR_ENTRY_ERROR ENOENT: no such file or directory, open '/mnt/data/pickinvoice/pickinvoice-step4/node_modules/next/dist/telemetry/events/build.d.ts'
npm warn tar TAR_ENTRY_ERROR ENOENT: no such file or directory, open '/mnt/data/pickinvoice/pickinvoice-step4/node_modules/next/dist/client/components/react-dev-overlay/internal/container/BuildError.d.ts'
npm warn tar TAR_ENTRY_ERROR ENOENT: no such file or directory, open '/mnt/data/pickinvoice/pickinvoice-step4/node_modules/next/dist/server/lib/builtin-request-context.d.ts'
npm warn tar TAR_ENTRY_ERROR ENOENT: no such file or directory, open '/mnt/data/pickinvoice/pickinvoice-step4/node_modules/next/dist/client/components/react-dev-overlay/pages/bus.d.ts'
npm warn tar TAR_ENTRY_ERROR ENOENT: no such file or directory, open '/mnt/data/pickinvoice/pickinvoice-step4/node_modules/next/dist/server/future/route-matcher-providers/helpers/cached-route-matcher-provider.d.ts'
npm warn tar TAR_ENTRY_ERROR ENOENT: no such file or directory, open '/mnt/data/pickinvoice/pickinvoice-step4/node_modules/next/dist/client/components/react-dev-overlay/internal/container/RuntimeError/CallStackFrame.d.ts'
npm warn tar TAR_ENTRY_ERROR ENOENT: no such file or directory, open '/mnt/data/pickinvoice/pickinvoice-step4/node_modules/next/dist/build/webpack/loaders/css-loader/src/camelcase.d.ts'
npm warn tar TAR_ENTRY_ERROR ENOENT: no such file or directory, open '/mnt/data/pickinvoice/pickinvoice-step4/node_modules/next/dist/server/future/route-modules/checks.d.ts'
npm warn tar TAR_ENTRY_ERROR ENOENT: no such file or directory, open '/mnt/data/pickinvoice/pickinvoice-step4/node_modules/next/dist/telemetry/ci-info.d.ts'
npm warn tar TAR_ENTRY_ERROR ENOENT: no such file or directory, open '/mnt/data/pickinvoice/pickinvoice-step4/node_modules/next/dist/server/future/route-modules/app-route/helpers/clean-url.d.ts'
npm warn tar TAR_ENTRY_ERROR ENOENT: no such file or directory, open '/mnt/data/pickinvoice/pickinvoice-step4/node_modules/next/dist/client/components/router-reducer/clear-cache-node-data-for-segment-path.d.ts'
npm warn tar TAR_ENTRY_ERROR ENOENT: no such file or directory, open '/mnt/data/pickinvoice/pickinvoice-step4/node_modules/next/dist/client/components/router-reducer/clear-cache-node-data-for-segment-path.test.d.ts'
npm warn tar TAR_ENTRY_ERROR ENOENT: no such file or directory, open '/mnt/data/pickinvoice/pickinvoice-step4/node_modules/next/dist/server/typescript/rules/client-boundary.d.ts'
npm warn tar TAR_ENTRY_ERROR ENOENT: no such file or directory, open '/mnt/data/pickinvoice/pickinvoice-step4/node_modules/next/dist/server/client-component-renderer-logger.d.ts'
npm warn tar TAR_ENTRY_ERROR ENOENT: no such file or directory, open '/mnt/data/pickinvoice/pickinvoice-step4/node_modules/next/dist/client/components/client-page.d.ts'
npm warn tar TAR_ENTRY_ERROR ENOENT: no such file or directory, open '/mnt/data/pickinvoice/pickinvoice-step4/node_modules/next/dist/lib/client-reference.d.ts'
npm warn tar TAR_ENTRY_ERROR ENOENT: no such file or directory, open '/mnt/data/pickinvoice/pickinvoice-step4/node_modules/next/dist/build/webpack/config/blocks/css/loaders/client.d.ts'
npm warn tar TAR_ENTRY_ERROR ENOENT: no such file or directory, open '/mnt/data/pickinvoice/pickinvoice-step4/node_modules/next/dist/client/components/react-dev-overlay/pages/client.d.ts'
npm warn tar TAR_ENTRY_ERROR ENOENT: no such file or directory, open '/mnt/data/pickinvoice/pickinvoice-step4/node_modules/next/dist/lib/metadata/clone-metadata.d.ts'
npm warn tar TAR_ENTRY_ERROR ENOENT: no such file or directory, open '/mnt/data/pickinvoice/pickinvoice-step4/node_modules/next/dist/server/lib/clone-response.d.ts'
npm warn tar TAR_ENTRY_ERROR ENOENT: no such file or directory, open '/mnt/data/pickinvoice/pickinvoice-step4/node_modules/next/dist/client/components/react-dev-overlay/internal/icons/CloseIcon.d.ts'
npm warn tar TAR_ENTRY_ERROR ENOENT: no such file or directory, open '/mnt/data/pickinvoice/pickinvoice-step4/node_modules/next/dist/lib/coalesced-function.d.ts'
npm warn tar TAR_ENTRY_ERROR ENOENT: no such file or directory, open '/mnt/data/pickinvoice/pickinvoice-step4/node_modules/next/dist/server/lib/squoosh/codecs.d.ts'
npm warn tar TAR_ENTRY_ERROR ENOENT: no such file or directory, open '/mnt/data/pickinvoice/pickinvoice-step4/node_modules/next/dist/client/components/react-dev-overlay/internal/components/CodeFrame/CodeFrame.d.ts'
npm warn tar TAR_ENTRY_ERROR ENOENT: no such file or directory, open '/mnt/data/pickinvoice/pickinvoice-step4/node_modules/next/dist/build/webpack/loaders/lightningcss-loader/src/codegen.d.ts'
npm warn tar TAR_ENTRY_ERROR ENOENT: no such file or directory, open '/mnt/data/pickinvoice/pickinvoice-step4/node_modules/next/dist/client/components/react-dev-overlay/internal/icons/CollapseIcon.d.ts'
npm warn tar TAR_ENTRY_ERROR ENOENT: no such file or directory, open '/mnt/data/pickinvoice/pickinvoice-step4/node_modules/next/dist/build/collect-build-traces.d.ts'
npm warn tar TAR_ENTRY_ERROR ENOENT: no such file or directory, open '/mnt/data/pickinvoice/pickinvoice-step4/node_modules/next/dist/build/babel/plugins/commonjs.d.ts'
npm warn tar TAR_ENTRY_ERROR ENOENT: no such file or directory, open '/mnt/data/pickinvoice/pickinvoice-step4/node_modules/next/dist/shared/lib/router/utils/compare-states.d.ts'
npm warn tar TAR_ENTRY_ERROR ENOENT: no such file or directory, open '/mnt/data/pickinvoice/pickinvoice-step4/node_modules/next/dist/lib/compile-error.d.ts'
npm warn tar TAR_ENTRY_ERROR ENOENT: no such file or directory, open '/mnt/data/pickinvoice/pickinvoice-step4/node_modules/next/dist/build/compiler.d.ts'
npm warn tar TAR_ENTRY_ERROR ENOENT: no such file or directory, open '/mnt/data/pickinvoice/pickinvoice-step4/node_modules/next/dist/client/components/react-dev-overlay/internal/container/RuntimeError/component-stack-pseudo-html.d.ts'
npm warn tar TAR_ENTRY_ERROR ENOENT: no such file or directory, open '/mnt/data/pickinvoice/pickinvoice-step4/node_modules/next/dist/client/components/react-dev-overlay/internal/container/RuntimeError/ComponentStackFrameRow.d.ts'
npm warn tar TAR_ENTRY_ERROR ENOENT: no such file or directory, open '/mnt/data/pickinvoice/pickinvoice-step4/node_modules/next/dist/client/components/react-dev-overlay/internal/styles/ComponentStyles.d.ts'
npm warn tar TAR_ENTRY_ERROR ENOENT: no such file or directory, open '/mnt/data/pickinvoice/pickinvoice-step4/node_modules/next/dist/client/components/router-reducer/compute-changed-path.d.ts'
npm warn tar TAR_ENTRY_ERROR ENOENT: no such file or directory, open '/mnt/data/pickinvoice/pickinvoice-step4/node_modules/next/dist/client/components/router-reducer/compute-changed-path.test.d.ts'
npm warn tar TAR_ENTRY_ERROR ENOENT: no such file or directory, open '/mnt/data/pickinvoice/pickinvoice-step4/node_modules/next/dist/server/config-schema.d.ts'
npm warn tar TAR_ENTRY_ERROR ENOENT: no such file or directory, open '/mnt/data/pickinvoice/pickinvoice-step4/node_modules/next/dist/server/config-shared.d.ts'
npm warn tar TAR_ENTRY_ERROR ENOENT: no such file or directory, open '/mnt/data/pickinvoice/pickinvoice-step4/node_modules/next/dist/server/config-utils.d.ts'
npm warn tar TAR_ENTRY_ERROR ENOENT: no such file or directory, open '/mnt/data/pickinvoice/pickinvoice-step4/node_modules/next/dist/server/config.d.ts'
npm warn tar TAR_ENTRY_ERROR ENOENT: no such file or directory, open '/mnt/data/pickinvoice/pickinvoice-step4/node_modules/next/dist/server/typescript/rules/config.d.ts'
npm warn tar TAR_ENTRY_ERROR ENOENT: no such file or directory, open '/mnt/data/pickinvoice/pickinvoice-step4/node_modules/next/dist/server/config.test.d.ts'
npm warn tar TAR_ENTRY_ERROR ENOENT: no such file or directory, open '/mnt/data/pickinvoice/pickinvoice-step4/node_modules/next/dist/compiled/@edge-runtime/primitives/console.d.ts'
npm warn tar TAR_ENTRY_ERROR ENOENT: no such file or directory, open '/mnt/data/pickinvoice/pickinvoice-step4/node_modules/next/dist/server/typescript/constant.d.ts'
npm warn tar TAR_ENTRY_ERROR ENOENT: no such file or directory, open '/mnt/data/pickinvoice/pickinvoice-step4/node_modules/next/dist/api/constants.d.ts'
npm warn tar TAR_ENTRY_ERROR ENOENT: no such file or directory, open '/mnt/data/pickinvoice/pickinvoice-step4/node_modules/next/dist/compiled/@next/font/dist/constants.d.ts'
npm warn tar TAR_ENTRY_ERROR ENOENT: no such file or directory, open '/mnt/data/pickinvoice/pickinvoice-step4/node_modules/next/dist/lib/constants.d.ts'
npm warn tar TAR_ENTRY_ERROR ENOENT: no such file or directory, open '/mnt/data/pickinvoice/pickinvoice-step4/node_modules/next/dist/lib/metadata/constants.d.ts'
npm warn tar TAR_ENTRY_ERROR ENOENT: no such file or directory, open '/mnt/data/pickinvoice/pickinvoice-step4/node_modules/next/dist/server/lib/trace/constants.d.ts'
npm warn tar TAR_ENTRY_ERROR ENOENT: no such file or directory, open '/mnt/data/pickinvoice/pickinvoice-step4/node_modules/next/dist/shared/lib/constants.d.ts'
npm warn tar TAR_ENTRY_ERROR ENOENT: no such file or directory, open '/mnt/data/pickinvoice/pickinvoice-step4/node_modules/next/dist/experimental/testmode/context.d.ts'
npm warn tar TAR_ENTRY_ERROR ENOENT: no such file or directory, open '/mnt/data/pickinvoice/pickinvoice-step4/node_modules/next/dist/server/web/sandbox/context.d.ts'
npm warn tar TAR_ENTRY_ERROR ENOENT: no such file or directory, open '/mnt/data/pickinvoice/pickinvoice-step4/node_modules/next/dist/server/web/spec-extension/cookies.d.ts'
npm warn tar TAR_ENTRY_ERROR ENOENT: no such file or directory, open '/mnt/data/pickinvoice/pickinvoice-step4/node_modules/next/dist/build/webpack/plugins/copy-file-plugin.d.ts'
npm warn tar TAR_ENTRY_ERROR ENOENT: no such file or directory, open '/mnt/data/pickinvoice/pickinvoice-step4/node_modules/next/dist/server/lib/cpu-profile.d.ts'
npm warn tar TAR_ENTRY_ERROR ENOENT: no such file or directory, open '/mnt/data/pickinvoice/pickinvoice-step4/node_modules/next/dist/lib/create-client-router-filter.d.ts'
npm warn tar TAR_ENTRY_ERROR ENOENT: no such file or directory, open '/mnt/data/pickinvoice/pickinvoice-step4/node_modules/next/dist/build/create-compiler-aliases.d.ts'
npm warn tar TAR_ENTRY_ERROR ENOENT: no such file or directory, open '/mnt/data/pickinvoice/pickinvoice-step4/node_modules/next/dist/server/app-render/create-component-styles-and-scripts.d.ts'
npm warn tar TAR_ENTRY_ERROR ENOENT: no such file or directory, open '/mnt/data/pickinvoice/pickinvoice-step4/node_modules/next/dist/server/app-render/create-component-tree.d.ts'
npm warn tar TAR_ENTRY_ERROR ENOENT: no such file or directory, open '/mnt/data/pickinvoice/pickinvoice-step4/node_modules/next/dist/server/app-render/create-error-handler.d.ts'
npm warn tar TAR_ENTRY_ERROR ENOENT: no such file or directory, open '/mnt/data/pickinvoice/pickinvoice-step4/node_modules/next/dist/server/app-render/create-flight-router-state-from-loader-tree.d.ts'
npm warn tar TAR_ENTRY_ERROR ENOENT: no such file or directory, open '/mnt/data/pickinvoice/pickinvoice-step4/node_modules/next/dist/client/components/router-reducer/create-href-from-url.d.ts'
npm warn tar TAR_ENTRY_ERROR ENOENT: no such file or directory, open '/mnt/data/pickinvoice/pickinvoice-step4/node_modules/next/dist/client/components/router-reducer/create-href-from-url.test.d.ts'
npm warn tar TAR_ENTRY_ERROR ENOENT: no such file or directory, open '/mnt/data/pickinvoice/pickinvoice-step4/node_modules/next/dist/export/helpers/create-incremental-cache.d.ts'
npm warn tar TAR_ENTRY_ERROR ENOENT: no such file or directory, open '/mnt/data/pickinvoice/pickinvoice-step4/node_modules/next/dist/client/components/router-reducer/create-initial-router-state.d.ts'
npm warn tar TAR_ENTRY_ERROR ENOENT: no such file or directory, open '/mnt/data/pickinvoice/pickinvoice-step4/node_modules/next/dist/client/components/router-reducer/create-initial-router-state.test.d.ts'
npm warn tar TAR_ENTRY_ERROR ENOENT: no such file or directory, open '/mnt/data/pickinvoice/pickinvoice-step4/node_modules/next/dist/client/components/router-reducer/create-router-cache-key.d.ts'
npm warn tar TAR_ENTRY_ERROR ENOENT: no such file or directory, open '/mnt/data/pickinvoice/pickinvoice-step4/node_modules/next/dist/client/components/router-reducer/create-router-cache-key.test.d.ts'
npm warn tar TAR_ENTRY_ERROR ENOENT: no such file or directory, open '/mnt/data/pickinvoice/pickinvoice-step4/node_modules/next/dist/server/crypto-utils.d.ts'
npm warn tar TAR_ENTRY_ERROR ENOENT: no such file or directory, open '/mnt/data/pickinvoice/pickinvoice-step4/node_modules/next/dist/compiled/@edge-runtime/primitives/crypto.d.ts'
npm warn tar TAR_ENTRY_ERROR ENOENT: no such file or directory, open '/mnt/data/pickinvoice/pickinvoice-step4/node_modules/next/dist/server/app-render/csrf-protection.d.ts'
npm warn tar TAR_ENTRY_ERROR ENOENT: no such file or directory, open '/mnt/data/pickinvoice/pickinvoice-step4/node_modules/next/dist/server/app-render/csrf-protection.test.d.ts'
npm warn tar TAR_ENTRY_ERROR ENOENT: no such file or directory, open '/mnt/data/pickinvoice/pickinvoice-step4/node_modules/next/dist/build/webpack/plugins/css-chunking-plugin.d.ts'
npm warn tar TAR_ENTRY_ERROR ENOENT: no such file or directory, open '/mnt/data/pickinvoice/pickinvoice-step4/node_modules/next/dist/build/webpack/plugins/css-minimizer-plugin.d.ts'
npm warn tar TAR_ENTRY_ERROR ENOENT: no such file or directory, open '/mnt/data/pickinvoice/pickinvoice-step4/node_modules/next/dist/client/components/react-dev-overlay/internal/styles/CssReset.d.ts'
npm warn tar TAR_ENTRY_ERROR ENOENT: no such file or directory, open '/mnt/data/pickinvoice/pickinvoice-step4/node_modules/next/dist/build/webpack/loaders/css-loader/src/CssSyntaxError.d.ts'
npm warn tar TAR_ENTRY_ERROR ENOENT: no such file or directory, lstat '/mnt/data/pickinvoice/pickinvoice-step4/node_modules/next/dist/lib/eslint'
npm warn tar TAR_ENTRY_ERROR ENOENT: no such file or directory, open '/mnt/data/pickinvoice/pickinvoice-step4/node_modules/next/dist/server/lib/dedupe-fetch.d.ts'
npm warn tar TAR_ENTRY_ERROR ENOENT: no such file or directory, open '/mnt/data/pickinvoice/pickinvoice-step4/node_modules/next/dist/shared/lib/deep-freeze.d.ts'
npm warn tar TAR_ENTRY_ERROR ENOENT: no such file or directory, open '/mnt/data/pickinvoice/pickinvoice-step4/node_modules/next/dist/shared/lib/deep-freeze.test.d.ts'
npm warn tar TAR_ENTRY_ERROR ENOENT: no such file or directory, open '/mnt/data/pickinvoice/pickinvoice-step4/node_modules/next/dist/shared/lib/deep-readonly.d.ts'
npm warn tar TAR_ENTRY_ERROR ENOENT: no such file or directory, open '/mnt/data/pickinvoice/pickinvoice-step4/node_modules/next/dist/server/future/route-matcher-providers/dev/helpers/file-reader/default-file-reader.d.ts'
npm warn tar TAR_ENTRY_ERROR ENOENT: no such file or directory, open '/mnt/data/pickinvoice/pickinvoice-step4/node_modules/next/dist/client/components/default-layout.d.ts'
npm warn tar TAR_ENTRY_ERROR ENOENT: no such file or directory, open '/mnt/data/pickinvoice/pickinvoice-step4/node_modules/next/dist/lib/metadata/default-metadata.d.ts'
npm warn tar TAR_ENTRY_ERROR ENOENT: no such file or directory, lstat '/mnt/data/pickinvoice/pickinvoice-step4/node_modules/next/dist/server/future'
npm warn tar TAR_ENTRY_ERROR ENOENT: no such file or directory, lstat '/mnt/data/pickinvoice/pickinvoice-step4/node_modules/next/dist/server/future'
npm warn tar TAR_ENTRY_ERROR ENOENT: no such file or directory, open '/mnt/data/pickinvoice/pickinvoice-step4/node_modules/next/dist/build/webpack/plugins/define-env-plugin.d.ts'
npm warn tar TAR_ENTRY_ERROR ENOENT: no such file or directory, open '/mnt/data/pickinvoice/pickinvoice-step4/node_modules/next/dist/shared/lib/page-path/denormalize-app-path.d.ts'
npm warn tar TAR_ENTRY_ERROR ENOENT: no such file or directory, open '/mnt/data/pickinvoice/pickinvoice-step4/node_modules/next/dist/shared/lib/page-path/denormalize-page-path.d.ts'
npm warn tar TAR_ENTRY_ERROR ENOENT: no such file or directory, open '/mnt/data/pickinvoice/pickinvoice-step4/node_modules/next/dist/build/deployment-id.d.ts'
npm warn tar TAR_ENTRY_ERROR ENOENT: no such file or directory, open '/mnt/data/pickinvoice/pickinvoice-step4/node_modules/next/dist/telemetry/detached-flush.d.ts'
npm warn tar TAR_ENTRY_ERROR ENOENT: no such file or directory, open '/mnt/data/pickinvoice/pickinvoice-step4/node_modules/next/dist/lib/detached-promise.d.ts'
npm warn tar TAR_ENTRY_ERROR ENOENT: no such file or directory, open '/mnt/data/pickinvoice/pickinvoice-step4/node_modules/next/dist/client/detect-domain-locale.d.ts'
npm warn tar TAR_ENTRY_ERROR ENOENT: no such file or directory, lstat '/mnt/data/pickinvoice/pickinvoice-step4/node_modules/next/dist/shared/lib/i18n'
npm warn tar TAR_ENTRY_ERROR ENOENT: no such file or directory, open '/mnt/data/pickinvoice/pickinvoice-step4/node_modules/next/dist/lib/detect-typo.d.ts'
npm warn tar TAR_ENTRY_ERROR ENOENT: no such file or directory, lstat '/mnt/data/pickinvoice/pickinvoice-step4/node_modules/next/dist/server/future'
npm warn tar TAR_ENTRY_ERROR ENOENT: no such file or directory, lstat '/mnt/data/pickinvoice/pickinvoice-step4/node_modules/next/dist/server/future'
npm warn tar TAR_ENTRY_ERROR ENOENT: no such file or directory, lstat '/mnt/data/pickinvoice/pickinvoice-step4/node_modules/next/dist/server/future'
npm warn tar TAR_ENTRY_ERROR ENOENT: no such file or directory, lstat '/mnt/data/pickinvoice/pickinvoice-step4/node_modules/next/dist/server/future'
npm warn tar TAR_ENTRY_ERROR ENOENT: no such file or directory, open '/mnt/data/pickinvoice/pickinvoice-step4/node_modules/next/dist/client/dev/dev-build-watcher.d.ts'
npm warn tar TAR_ENTRY_ERROR ENOENT: no such file or directory, open '/mnt/data/pickinvoice/pickinvoice-step4/node_modules/next/dist/server/lib/dev-bundler-service.d.ts'
npm warn tar TAR_ENTRY_ERROR ENOENT: no such file or directory, lstat '/mnt/data/pickinvoice/pickinvoice-step4/node_modules/next/dist/server/future'
npm warn tar TAR_ENTRY_ERROR ENOENT: no such file or directory, lstat '/mnt/data/pickinvoice/pickinvoice-step4/node_modules/next/dist/server/future'
npm warn tar TAR_ENTRY_ERROR ENOENT: no such file or directory, lstat '/mnt/data/pickinvoice/pickinvoice-step4/node_modules/next/dist/server/future'
npm warn tar TAR_ENTRY_ERROR ENOENT: no such file or directory, lstat '/mnt/data/pickinvoice/pickinvoice-step4/node_modules/next/dist/server/future'
npm warn tar TAR_ENTRY_ERROR ENOENT: no such file or directory, open '/mnt/data/pickinvoice/pickinvoice-step4/node_modules/next/dist/client/components/dev-root-not-found-boundary.d.ts'
npm warn tar TAR_ENTRY_ERROR ENOENT: no such file or directory, lstat '/mnt/data/pickinvoice/pickinvoice-step4/node_modules/next/dist/server/future'
npm warn tar TAR_ENTRY_ERROR ENOENT: no such file or directory, lstat '/mnt/data/pickinvoice/pickinvoice-step4/node_modules/next/dist/lib/typescript'
npm warn tar TAR_ENTRY_ERROR ENOENT: no such file or directory, lstat '/mnt/data/pickinvoice/pickinvoice-step4/node_modules/next/dist/client/components/react-dev-overlay'
npm warn tar TAR_ENTRY_ERROR ENOENT: no such file or directory, lstat '/mnt/data/pickinvoice/pickinvoice-step4/node_modules/next/dist/client/components/react-dev-overlay'
npm warn tar TAR_ENTRY_ERROR ENOENT: no such file or directory, lstat '/mnt/data/pickinvoice/pickinvoice-step4/node_modules/next/dist/client/components/react-dev-overlay'
npm warn tar TAR_ENTRY_ERROR ENOENT: no such file or directory, lstat '/mnt/data/pickinvoice/pickinvoice-step4/node_modules/next/dist/client/components/react-dev-overlay'
npm warn tar TAR_ENTRY_ERROR ENOENT: no such file or directory, lstat '/mnt/data/pickinvoice/pickinvoice-step4/node_modules/next/dist/build/webpack'
npm warn tar TAR_ENTRY_ERROR ENOENT: no such file or directory, open '/mnt/data/pickinvoice/pickinvoice-step4/node_modules/next/dist/api/document.d.ts'
npm warn tar TAR_ENTRY_ERROR ENOENT: no such file or directory, open '/mnt/data/pickinvoice/pickinvoice-step4/node_modules/next/dist/lib/download-swc.d.ts'
npm warn tar TAR_ENTRY_ERROR ENOENT: no such file or directory, open '/mnt/data/pickinvoice/pickinvoice-step4/node_modules/next/dist/server/async-storage/draft-mode-provider.d.ts'
npm warn tar TAR_ENTRY_ERROR ENOENT: no such file or directory, open '/mnt/data/pickinvoice/pickinvoice-step4/node_modules/next/dist/client/components/draft-mode.d.ts'
npm warn tar TAR_ENTRY_ERROR ENOENT: no such file or directory, open '/mnt/data/pickinvoice/pickinvoice-step4/node_modules/next/dist/shared/lib/lazy-dynamic/dynamic-bailout-to-csr.d.ts'
npm warn tar TAR_ENTRY_ERROR ENOENT: no such file or directory, open '/mnt/data/pickinvoice/pickinvoice-step4/node_modules/next/dist/server/app-render/dynamic-rendering.d.ts'
npm warn tar TAR_ENTRY_ERROR ENOENT: no such file or directory, open '/mnt/data/pickinvoice/pickinvoice-step4/node_modules/next/dist/api/dynamic.d.ts'
npm warn tar TAR_ENTRY_ERROR ENOENT: no such file or directory, open '/mnt/data/pickinvoice/pickinvoice-step4/node_modules/next/dist/shared/lib/dynamic.d.ts'
npm warn tar TAR_ENTRY_ERROR ENOENT: no such file or directory, open '/mnt/data/pickinvoice/pickinvoice-step4/node_modules/next/dist/build/templates/edge-app-route.d.ts'
npm warn tar TAR_ENTRY_ERROR ENOENT: no such file or directory, open '/mnt/data/pickinvoice/pickinvoice-step4/node_modules/next/dist/server/web/edge-route-module-wrapper.d.ts'
npm warn tar TAR_ENTRY_ERROR ENOENT: no such file or directory, open '/mnt/data/pickinvoice/pickinvoice-step4/node_modules/next/dist/build/templates/edge-ssr-app.d.ts'
npm warn tar TAR_ENTRY_ERROR ENOENT: no such file or directory, open '/mnt/data/pickinvoice/pickinvoice-step4/node_modules/next/dist/build/templates/edge-ssr.d.ts'
npm warn tar TAR_ENTRY_ERROR ENOENT: no such file or directory, lstat '/mnt/data/pickinvoice/pickinvoice-step4/node_modules/next/dist/client/components/react-dev-overlay'
npm warn tar TAR_ENTRY_ERROR ENOENT: no such file or directory, lstat '/mnt/data/pickinvoice/pickinvoice-step4/node_modules/next/dist/build/webpack'
npm warn tar TAR_ENTRY_ERROR ENOENT: no such file or directory, lstat '/mnt/data/pickinvoice/pickinvoice-step4/node_modules/next/dist/build/jest'
npm warn tar TAR_ENTRY_ERROR ENOENT: no such file or directory, open '/mnt/data/pickinvoice/pickinvoice-step4/node_modules/next/dist/esm/server/lib/squoosh/emscripten-types.d.ts'
npm warn tar TAR_ENTRY_ERROR ENOENT: no such file or directory, open '/mnt/data/pickinvoice/pickinvoice-step4/node_modules/next/dist/server/lib/squoosh/emscripten-types.d.ts'
npm warn tar TAR_ENTRY_ERROR ENOENT: no such file or directory, open '/mnt/data/pickinvoice/pickinvoice-step4/node_modules/next/dist/server/lib/squoosh/emscripten-utils.d.ts'
npm warn tar TAR_ENTRY_ERROR ENOENT: no such file or directory, open '/mnt/data/pickinvoice/pickinvoice-step4/node_modules/next/dist/shared/lib/encode-uri-path.d.ts'
npm warn tar TAR_ENTRY_ERROR ENOENT: no such file or directory, lstat '/mnt/data/pickinvoice/pickinvoice-step4/node_modules/next/dist/server/stream-utils'
npm warn tar TAR_ENTRY_ERROR ENOENT: no such file or directory, open '/mnt/data/pickinvoice/pickinvoice-step4/node_modules/next/dist/server/app-render/encryption-utils.d.ts'
npm warn tar TAR_ENTRY_ERROR ENOENT: no such file or directory, open '/mnt/data/pickinvoice/pickinvoice-step4/node_modules/next/dist/server/app-render/encryption.d.ts'
npm warn tar TAR_ENTRY_ERROR ENOENT: no such file or directory, open '/mnt/data/pickinvoice/pickinvoice-step4/node_modules/next/dist/shared/lib/page-path/ensure-leading-slash.d.ts'
npm warn tar TAR_ENTRY_ERROR ENOENT: no such file or directory, open '/mnt/data/pickinvoice/pickinvoice-step4/node_modules/next/dist/build/entries.d.ts'
npm warn tar TAR_ENTRY_ERROR ENOENT: no such file or directory, open '/mnt/data/pickinvoice/pickinvoice-step4/node_modules/next/dist/server/app-render/entry-base.d.ts'
npm warn tar TAR_ENTRY_ERROR ENOENT: no such file or directory, lstat '/mnt/data/pickinvoice/pickinvoice-step4/node_modules/next/dist/server/dev'
npm warn tar TAR_ENTRY_ERROR ENOENT: no such file or directory, open '/mnt/data/pickinvoice/pickinvoice-step4/node_modules/next/dist/server/typescript/rules/entry.d.ts'
npm warn tar TAR_ENTRY_ERROR ENOENT: no such file or directory, open '/mnt/data/pickinvoice/pickinvoice-step4/node_modules/next/dist/server/future/route-modules/app-page/vendored/contexts/entrypoints.d.ts'
npm warn tar TAR_ENTRY_ERROR ENOENT: no such file or directory, lstat '/mnt/data/pickinvoice/pickinvoice-step4/node_modules/next/dist/server/future'
npm warn tar TAR_ENTRY_ERROR ENOENT: no such file or directory, lstat '/mnt/data/pickinvoice/pickinvoice-step4/node_modules/next/dist/server/future'
npm warn tar TAR_ENTRY_ERROR ENOENT: no such file or directory, open '/mnt/data/pickinvoice/pickinvoice-step4/node_modules/next/dist/server/future/route-modules/pages/vendored/contexts/entrypoints.d.ts'
npm warn tar TAR_ENTRY_ERROR ENOENT: no such file or directory, lstat '/mnt/data/pickinvoice/pickinvoice-step4/node_modules/next/dist/build/turborepo-access-trace'
npm warn tar TAR_ENTRY_ERROR ENOENT: no such file or directory, open '/mnt/data/pickinvoice/pickinvoice-step4/node_modules/next/dist/client/components/error-boundary.d.ts'
npm warn tar TAR_ENTRY_ERROR ENOENT: no such file or directory, lstat '/mnt/data/pickinvoice/pickinvoice-step4/node_modules/next/dist/build/webpack'
npm warn tar TAR_ENTRY_ERROR ENOENT: no such file or directory, open '/mnt/data/pickinvoice/pickinvoice-step4/node_modules/next/dist/shared/lib/error-source.d.ts'
npm warn tar TAR_ENTRY_ERROR ENOENT: no such file or directory, lstat '/mnt/data/pickinvoice/pickinvoice-step4/node_modules/next/dist/build/webpack'
npm warn tar TAR_ENTRY_ERROR ENOENT: no such file or directory, open '/mnt/data/pickinvoice/pickinvoice-step4/node_modules/next/dist/server/typescript/rules/error.d.ts'
npm warn tar TAR_ENTRY_ERROR ENOENT: no such file or directory, open '/mnt/data/pickinvoice/pickinvoice-step4/node_modules/next/dist/server/web/error.d.ts'
npm warn tar TAR_ENTRY_ERROR ENOENT: no such file or directory, open '/mnt/data/pickinvoice/pickinvoice-step4/node_modules/next/dist/client/components/react-dev-overlay/pages/ErrorBoundary.d.ts'
npm warn tar TAR_ENTRY_ERROR ENOENT: no such file or directory, open '/mnt/data/pickinvoice/pickinvoice-step4/node_modules/next/dist/client/components/react-dev-overlay/internal/container/Errors.d.ts'
npm warn tar TAR_ENTRY_ERROR ENOENT: no such file or directory, open '/mnt/data/pickinvoice/pickinvoice-step4/node_modules/next/dist/shared/lib/router/utils/escape-path-delimiters.d.ts'
npm warn tar TAR_ENTRY_ERROR ENOENT: no such file or directory, open '/mnt/data/pickinvoice/pickinvoice-step4/node_modules/next/dist/shared/lib/escape-regexp.d.ts'
npm warn tar TAR_ENTRY_ERROR ENOENT: no such file or directory, open '/mnt/data/pickinvoice/pickinvoice-step4/node_modules/next/dist/server/lib/etag.d.ts'
npm warn tar TAR_ENTRY_ERROR ENOENT: no such file or directory, open '/mnt/data/pickinvoice/pickinvoice-step4/node_modules/next/dist/compiled/@edge-runtime/primitives/events.d.ts'
npm warn tar TAR_ENTRY_ERROR ENOENT: no such file or directory, open '/mnt/data/pickinvoice/pickinvoice-step4/node_modules/next/dist/lib/metadata/types/extra-types.d.ts'
npm warn tar TAR_ENTRY_ERROR ENOENT: no such file or directory, lstat '/mnt/data/pickinvoice/pickinvoice-step4/node_modules/next/dist/build/analysis'
npm warn tar TAR_ENTRY_ERROR ENOENT: no such file or directory, lstat '/mnt/data/pickinvoice/pickinvoice-step4/node_modules/next/dist/server/dev'
npm warn tar TAR_ENTRY_ERROR ENOENT: no such file or directory, lstat '/mnt/data/pickinvoice/pickinvoice-step4/node_modules/next/dist/client/components/router-reducer/reducers'
npm warn tar TAR_ENTRY_ERROR ENOENT: no such file or directory, open '/mnt/data/pickinvoice/pickinvoice-step4/node_modules/next/dist/lib/fatal-error.d.ts'
npm warn tar TAR_ENTRY_ERROR ENOENT: no such file or directory, lstat '/mnt/data/pickinvoice/pickinvoice-step4/node_modules/next/dist/experimental/testmode/proxy'
npm warn tar TAR_ENTRY_ERROR ENOENT: no such file or directory, lstat '/mnt/data/pickinvoice/pickinvoice-step4/node_modules/next/dist/server/lib/incremental-cache'
npm warn tar TAR_ENTRY_ERROR ENOENT: no such file or directory, lstat '/mnt/data/pickinvoice/pickinvoice-step4/node_modules/next/dist/compiled/@next/font/dist/google'
npm warn tar TAR_ENTRY_ERROR ENOENT: no such file or directory, open '/mnt/data/pickinvoice/pickinvoice-step4/node_modules/next/dist/server/web/spec-extension/fetch-event.d.ts'
npm warn tar TAR_ENTRY_ERROR ENOENT: no such file or directory, lstat '/mnt/data/pickinvoice/pickinvoice-step4/node_modules/next/dist/compiled/@next/font/dist/google'
npm warn tar TAR_ENTRY_ERROR ENOENT: no such file or directory, open '/mnt/data/pickinvoice/pickinvoice-step4/node_modules/next/dist/server/web/sandbox/fetch-inline-assets.d.ts'
npm warn tar TAR_ENTRY_ERROR ENOENT: no such file or directory, open '/mnt/data/pickinvoice/pickinvoice-step4/node_modules/next/dist/client/components/router-reducer/fetch-server-response.d.ts'
npm warn tar TAR_ENTRY_ERROR ENOENT: no such file or directory, open '/mnt/data/pickinvoice/pickinvoice-step4/node_modules/next/dist/compiled/@edge-runtime/primitives/fetch.d.ts'
npm warn tar TAR_ENTRY_ERROR ENOENT: no such file or directory, open '/mnt/data/pickinvoice/pickinvoice-step4/node_modules/next/dist/experimental/testmode/fetch.d.ts'
npm warn tar TAR_ENTRY_ERROR ENOENT: no such file or directory, lstat '/mnt/data/pickinvoice/pickinvoice-step4/node_modules/next/dist/server/future'
npm warn tar TAR_ENTRY_ERROR ENOENT: no such file or directory, open '/mnt/data/pickinvoice/pickinvoice-step4/node_modules/next/dist/lib/file-exists.d.ts'
npm warn tar TAR_ENTRY_ERROR ENOENT: no such file or directory, lstat '/mnt/data/pickinvoice/pickinvoice-step4/node_modules/next/dist/build/webpack'
npm warn tar TAR_ENTRY_ERROR ENOENT: no such file or directory, open '/mnt/data/pickinvoice/pickinvoice-step4/node_modules/next/dist/server/future/route-matcher-providers/dev/helpers/file-reader/file-reader.d.ts'
npm warn tar TAR_ENTRY_ERROR ENOENT: no such file or directory, open '/mnt/data/pickinvoice/pickinvoice-step4/node_modules/next/dist/build/webpack/config/blocks/css/loaders/file-resolve.d.ts'
npm warn tar TAR_ENTRY_ERROR ENOENT: no such file or directory, lstat '/mnt/data/pickinvoice/pickinvoice-step4/node_modules/next/dist/server/lib/incremental-cache'
npm warn tar TAR_ENTRY_ERROR ENOENT: no such file or directory, lstat '/mnt/data/pickinvoice/pickinvoice-step4/node_modules/next/dist/build/jest'
npm warn tar TAR_ENTRY_ERROR ENOENT: no such file or directory, open '/mnt/data/pickinvoice/pickinvoice-step4/node_modules/next/dist/server/lib/router-utils/filesystem.d.ts'
npm warn tar TAR_ENTRY_ERROR ENOENT: no such file or directory, open '/mnt/data/pickinvoice/pickinvoice-step4/node_modules/next/dist/client/components/router-reducer/fill-cache-with-new-subtree-data.d.ts'
npm warn tar TAR_ENTRY_ERROR ENOENT: no such file or directory, open '/mnt/data/pickinvoice/pickinvoice-step4/node_modules/next/dist/client/components/router-reducer/fill-cache-with-new-subtree-data.test.d.ts'
npm warn tar TAR_ENTRY_ERROR ENOENT: no such file or directory, open '/mnt/data/pickinvoice/pickinvoice-step4/node_modules/next/dist/client/components/router-reducer/fill-lazy-items-till-leaf-with-head.d.ts'
npm warn tar TAR_ENTRY_ERROR ENOENT: no such file or directory, open '/mnt/data/pickinvoice/pickinvoice-step4/node_modules/next/dist/client/components/router-reducer/fill-lazy-items-till-leaf-with-head.test.d.ts'
npm warn tar TAR_ENTRY_ERROR ENOENT: no such file or directory, open '/mnt/data/pickinvoice/pickinvoice-step4/node_modules/next/dist/lib/find-config.d.ts'
npm warn tar TAR_ENTRY_ERROR ENOENT: no such file or directory, open '/mnt/data/pickinvoice/pickinvoice-step4/node_modules/next/dist/lib/find-config.test.d.ts'
npm warn tar TAR_ENTRY_ERROR ENOENT: no such file or directory, lstat '/mnt/data/pickinvoice/pickinvoice-step4/node_modules/next/dist/compiled/@next/font/dist/google'
npm warn tar TAR_ENTRY_ERROR ENOENT: no such file or directory, lstat '/mnt/data/pickinvoice/pickinvoice-step4/node_modules/next/dist/compiled/@next/font/dist/google'
npm warn tar TAR_ENTRY_ERROR ENOENT: no such file or directory, lstat '/mnt/data/pickinvoice/pickinvoice-step4/node_modules/next/dist/client/components/router-reducer/reducers'
npm warn tar TAR_ENTRY_ERROR ENOENT: no such file or directory, lstat '/mnt/data/pickinvoice/pickinvoice-step4/node_modules/next/dist/client/components/router-reducer/reducers'
npm warn tar TAR_ENTRY_ERROR ENOENT: no such file or directory, open '/mnt/data/pickinvoice/pickinvoice-step4/node_modules/next/dist/server/lib/find-page-file.d.ts'
npm warn tar TAR_ENTRY_ERROR ENOENT: no such file or directory, open '/mnt/data/pickinvoice/pickinvoice-step4/node_modules/next/dist/lib/find-pages-dir.d.ts'
npm warn tar TAR_ENTRY_ERROR ENOENT: no such file or directory, open '/mnt/data/pickinvoice/pickinvoice-step4/node_modules/next/dist/lib/find-root.d.ts'
npm warn tar TAR_ENTRY_ERROR ENOENT: no such file or directory, open '/mnt/data/pickinvoice/pickinvoice-step4/node_modules/next/dist/build/webpack/plugins/flight-client-entry-plugin.d.ts'
npm warn tar TAR_ENTRY_ERROR ENOENT: no such file or directory, open '/mnt/data/pickinvoice/pickinvoice-step4/node_modules/next/dist/client/flight-data-helpers.d.ts'
npm warn tar TAR_ENTRY_ERROR ENOENT: no such file or directory, open '/mnt/data/pickinvoice/pickinvoice-step4/node_modules/next/dist/client/flight-data-helpers.test.d.ts'
npm warn tar TAR_ENTRY_ERROR ENOENT: no such file or directory, open '/mnt/data/pickinvoice/pickinvoice-step4/node_modules/next/dist/build/webpack/plugins/flight-manifest-plugin.d.ts'
npm warn tar TAR_ENTRY_ERROR ENOENT: no such file or directory, open '/mnt/data/pickinvoice/pickinvoice-step4/node_modules/next/dist/server/app-render/flight-render-result.d.ts'
npm warn tar TAR_ENTRY_ERROR ENOENT: no such file or directory, open '/mnt/data/pickinvoice/pickinvoice-step4/node_modules/next/dist/telemetry/flush-and-exit.d.ts'
npm warn tar TAR_ENTRY_ERROR ENOENT: no such file or directory, open '/mnt/data/pickinvoice/pickinvoice-step4/node_modules/next/dist/shared/lib/fnv1a.d.ts'
npm warn tar TAR_ENTRY_ERROR ENOENT: no such file or directory, open '/mnt/data/pickinvoice/pickinvoice-step4/node_modules/next/dist/build/webpack/plugins/font-stylesheet-gathering-plugin.d.ts'
npm warn tar TAR_ENTRY_ERROR ENOENT: no such file or directory, open '/mnt/data/pickinvoice/pickinvoice-step4/node_modules/next/dist/server/font-utils.d.ts'
npm warn tar TAR_ENTRY_ERROR ENOENT: no such file or directory, open '/mnt/data/pickinvoice/pickinvoice-step4/node_modules/next/dist/compiled/@next/font/dist/format-available-values.d.ts'
npm warn tar TAR_ENTRY_ERROR ENOENT: no such file or directory, open '/mnt/data/pickinvoice/pickinvoice-step4/node_modules/next/dist/lib/format-cli-help-output.d.ts'
npm warn tar TAR_ENTRY_ERROR ENOENT: no such file or directory, open '/mnt/data/pickinvoice/pickinvoice-step4/node_modules/next/dist/lib/format-dynamic-import-path.d.ts'
npm warn tar TAR_ENTRY_ERROR ENOENT: no such file or directory, open '/mnt/data/pickinvoice/pickinvoice-step4/node_modules/next/dist/server/lib/format-hostname.d.ts'
npm warn tar TAR_ENTRY_ERROR ENOENT: no such file or directory, lstat '/mnt/data/pickinvoice/pickinvoice-step4/node_modules/next/dist/build/manifests'
npm warn tar TAR_ENTRY_ERROR ENOENT: no such file or directory, open '/mnt/data/pickinvoice/pickinvoice-step4/node_modules/next/dist/shared/lib/router/utils/format-next-pathname-info.d.ts'
npm warn tar TAR_ENTRY_ERROR ENOENT: no such file or directory, open '/mnt/data/pickinvoice/pickinvoice-step4/node_modules/next/dist/lib/format-server-error.d.ts'
npm warn tar TAR_ENTRY_ERROR ENOENT: no such file or directory, open '/mnt/data/pickinvoice/pickinvoice-step4/node_modules/next/dist/lib/format-server-error.test.d.ts'
npm warn tar TAR_ENTRY_ERROR ENOENT: no such file or directory, open '/mnt/data/pickinvoice/pickinvoice-step4/node_modules/next/dist/shared/lib/router/utils/format-url.d.ts'
npm warn tar TAR_ENTRY_ERROR ENOENT: no such file or directory, lstat '/mnt/data/pickinvoice/pickinvoice-step4/node_modules/next/dist/client/components/react-dev-overlay'
npm warn tar TAR_ENTRY_ERROR ENOENT: no such file or directory, open '/mnt/data/pickinvoice/pickinvoice-step4/node_modules/next/dist/client/dev/fouc.d.ts'
npm warn tar TAR_ENTRY_ERROR ENOENT: no such file or directory, open '/mnt/data/pickinvoice/pickinvoice-step4/node_modules/next/dist/client/components/react-dev-overlay/internal/icons/FrameworkIcon.d.ts'
npm warn tar TAR_ENTRY_ERROR ENOENT: no such file or directory, lstat '/mnt/data/pickinvoice/pickinvoice-step4/node_modules/next/dist/lib/memory'
npm warn tar TAR_ENTRY_ERROR ENOENT: no such file or directory, open '/mnt/data/pickinvoice/pickinvoice-step4/node_modules/next/dist/build/generate-build-id.d.ts'
npm warn tar TAR_ENTRY_ERROR ENOENT: no such file or directory, open '/mnt/data/pickinvoice/pickinvoice-step4/node_modules/next/dist/lib/generate-interception-routes-rewrites.d.ts'
npm warn tar TAR_ENTRY_ERROR ENOENT: no such file or directory, open '/mnt/data/pickinvoice/pickinvoice-step4/node_modules/next/dist/server/get-app-route-from-entrypoint.d.ts'
npm warn tar TAR_ENTRY_ERROR ENOENT: no such file or directory, open '/mnt/data/pickinvoice/pickinvoice-step4/node_modules/next/dist/shared/lib/router/utils/get-asset-path-from-route.d.ts'
npm warn tar TAR_ENTRY_ERROR ENOENT: no such file or directory, open '/mnt/data/pickinvoice/pickinvoice-step4/node_modules/next/dist/server/app-render/get-asset-query-string.d.ts'
npm warn tar TAR_ENTRY_ERROR ENOENT: no such file or directory, open '/mnt/data/pickinvoice/pickinvoice-step4/node_modules/next/dist/build/get-babel-config-file.d.ts'
npm warn tar TAR_ENTRY_ERROR ENOENT: no such file or directory, lstat '/mnt/data/pickinvoice/pickinvoice-step4/node_modules/next/dist/lib/helpers'
npm warn tar TAR_ENTRY_ERROR ENOENT: no such file or directory, lstat '/mnt/data/pickinvoice/pickinvoice-step4/node_modules/next/dist/build/babel'
npm warn tar TAR_ENTRY_ERROR ENOENT: no such file or directory, lstat '/mnt/data/pickinvoice/pickinvoice-step4/node_modules/next/dist/server/api-utils'
npm warn tar TAR_ENTRY_ERROR ENOENT: no such file or directory, open '/mnt/data/pickinvoice/pickinvoice-step4/node_modules/next/dist/server/app-render/get-css-inlined-link-tags.d.ts'
npm warn tar TAR_ENTRY_ERROR ENOENT: no such file or directory, open '/mnt/data/pickinvoice/pickinvoice-step4/node_modules/next/dist/client/get-domain-locale.d.ts'
npm warn tar TAR_ENTRY_ERROR ENOENT: no such file or directory, open '/mnt/data/pickinvoice/pickinvoice-step4/node_modules/next/dist/server/web/get-edge-preview-props.d.ts'
npm warn tar TAR_ENTRY_ERROR ENOENT: no such file or directory, lstat '/mnt/data/pickinvoice/pickinvoice-step4/node_modules/next/dist/compiled/@next/font/dist/google'
npm warn tar TAR_ENTRY_ERROR ENOENT: no such file or directory, lstat '/mnt/data/pickinvoice/pickinvoice-step4/node_modules/next/dist/compiled/@next/font/dist/local'
npm warn tar TAR_ENTRY_ERROR ENOENT: no such file or directory, open '/mnt/data/pickinvoice/pickinvoice-step4/node_modules/next/dist/lib/get-files-in-dir.d.ts'
npm warn tar TAR_ENTRY_ERROR ENOENT: no such file or directory, lstat '/mnt/data/pickinvoice/pickinvoice-step4/node_modules/next/dist/compiled/@next/font/dist/google'
npm warn tar TAR_ENTRY_ERROR ENOENT: no such file or directory, lstat '/mnt/data/pickinvoice/pickinvoice-step4/node_modules/next/dist/compiled/@next/font/dist/google'
npm warn tar TAR_ENTRY_ERROR ENOENT: no such file or directory, lstat '/mnt/data/pickinvoice/pickinvoice-step4/node_modules/next/dist/compiled/@next/font/dist/google'
npm warn tar TAR_ENTRY_ERROR ENOENT: no such file or directory, open '/mnt/data/pickinvoice/pickinvoice-step4/node_modules/next/dist/shared/lib/get-hostname.d.ts'
npm warn tar TAR_ENTRY_ERROR ENOENT: no such file or directory, open '/mnt/data/pickinvoice/pickinvoice-step4/node_modules/next/dist/shared/lib/get-hostname.test.d.ts'
npm warn tar TAR_ENTRY_ERROR ENOENT: no such file or directory, open '/mnt/data/pickinvoice/pickinvoice-step4/node_modules/next/dist/shared/lib/get-img-props.d.ts'
npm warn tar TAR_ENTRY_ERROR ENOENT: no such file or directory, open '/mnt/data/pickinvoice/pickinvoice-step4/node_modules/next/dist/server/app-render/get-layer-assets.d.ts'
npm warn tar TAR_ENTRY_ERROR ENOENT: no such file or directory, lstat '/mnt/data/pickinvoice/pickinvoice-step4/node_modules/next/dist/shared/lib/i18n'
npm warn tar TAR_ENTRY_ERROR ENOENT: no such file or directory, open '/mnt/data/pickinvoice/pickinvoice-step4/node_modules/next/dist/lib/metadata/get-metadata-route.d.ts'
npm warn tar TAR_ENTRY_ERROR ENOENT: no such file or directory, lstat '/mnt/data/pickinvoice/pickinvoice-step4/node_modules/next/dist/build/webpack'
npm warn tar TAR_ENTRY_ERROR ENOENT: no such file or directory, open '/mnt/data/pickinvoice/pickinvoice-step4/node_modules/next/dist/shared/lib/router/utils/get-next-pathname-info.d.ts'
npm warn tar TAR_ENTRY_ERROR ENOENT: no such file or directory, lstat '/mnt/data/pickinvoice/pickinvoice-step4/node_modules/next/dist/lib/helpers'
npm warn tar TAR_ENTRY_ERROR ENOENT: no such file or directory, lstat '/mnt/data/pickinvoice/pickinvoice-step4/node_modules/next/dist/lib/helpers'
npm warn tar TAR_ENTRY_ERROR ENOENT: no such file or directory, open '/mnt/data/pickinvoice/pickinvoice-step4/node_modules/next/dist/lib/get-package-version.d.ts'
npm warn tar TAR_ENTRY_ERROR ENOENT: no such file or directory, open '/mnt/data/pickinvoice/pickinvoice-step4/node_modules/next/dist/server/get-page-files.d.ts'
npm warn tar TAR_ENTRY_ERROR ENOENT: no such file or directory, open '/mnt/data/pickinvoice/pickinvoice-step4/node_modules/next/dist/shared/lib/page-path/get-page-paths.d.ts'
npm warn tar TAR_ENTRY_ERROR ENOENT: no such file or directory, lstat '/mnt/data/pickinvoice/pickinvoice-step4/node_modules/next/dist/build/analysis'
npm warn tar TAR_ENTRY_ERROR ENOENT: no such file or directory, open '/mnt/data/pickinvoice/pickinvoice-step4/node_modules/next/dist/export/helpers/get-params.d.ts'
npm warn tar TAR_ENTRY_ERROR ENOENT: no such file or directory, open '/mnt/data/pickinvoice/pickinvoice-step4/node_modules/next/dist/server/future/route-modules/app-route/helpers/get-pathname-from-absolute-path.d.ts'
npm warn tar TAR_ENTRY_ERROR ENOENT: no such file or directory, lstat '/mnt/data/pickinvoice/pickinvoice-step4/node_modules/next/dist/lib/helpers'
npm warn tar TAR_ENTRY_ERROR ENOENT: no such file or directory, open '/mnt/data/pickinvoice/pickinvoice-step4/node_modules/next/dist/server/app-render/get-preloadable-fonts.d.ts'
npm warn tar TAR_ENTRY_ERROR ENOENT: no such file or directory, open '/mnt/data/pickinvoice/pickinvoice-step4/node_modules/next/dist/lib/get-project-dir.d.ts'
npm warn tar TAR_ENTRY_ERROR ENOENT: no such file or directory, lstat '/mnt/data/pickinvoice/pickinvoice-step4/node_modules/next/dist/compiled/@next/font/dist/google'
npm warn tar TAR_ENTRY_ERROR ENOENT: no such file or directory, lstat '/mnt/data/pickinvoice/pickinvoice-step4/node_modules/next/dist/lib/helpers'
npm warn tar TAR_ENTRY_ERROR ENOENT: no such file or directory, lstat '/mnt/data/pickinvoice/pickinvoice-step4/node_modules/next/dist/lib/helpers'
npm warn tar TAR_ENTRY_ERROR ENOENT: no such file or directory, open '/mnt/data/pickinvoice/pickinvoice-step4/node_modules/next/dist/shared/lib/router/utils/get-route-from-asset-path.d.ts'
npm warn tar TAR_ENTRY_ERROR ENOENT: no such file or directory, open '/mnt/data/pickinvoice/pickinvoice-step4/node_modules/next/dist/server/get-route-from-entrypoint.d.ts'
npm warn tar TAR_ENTRY_ERROR ENOENT: no such file or directory, open '/mnt/data/pickinvoice/pickinvoice-step4/node_modules/next/dist/server/app-render/get-script-nonce-from-header.d.ts'
npm warn tar TAR_ENTRY_ERROR ENOENT: no such file or directory, open '/mnt/data/pickinvoice/pickinvoice-step4/node_modules/next/dist/server/app-render/get-segment-param.d.ts'
npm warn tar TAR_ENTRY_ERROR ENOENT: no such file or directory, lstat '/mnt/data/pickinvoice/pickinvoice-step4/node_modules/next/dist/client/components/router-reducer/reducers'
npm warn tar TAR_ENTRY_ERROR ENOENT: no such file or directory, open '/mnt/data/pickinvoice/pickinvoice-step4/node_modules/next/dist/client/components/router-reducer/get-segment-value.test.d.ts'
npm warn tar TAR_ENTRY_ERROR ENOENT: no such file or directory, open '/mnt/data/pickinvoice/pickinvoice-step4/node_modules/next/dist/server/app-render/get-short-dynamic-param-type.d.ts'
npm warn tar TAR_ENTRY_ERROR ENOENT: no such file or directory, lstat '/mnt/data/pickinvoice/pickinvoice-step4/node_modules/next/dist/client/components/react-dev-overlay'
npm warn tar TAR_ENTRY_ERROR ENOENT: no such file or directory, open '/mnt/data/pickinvoice/pickinvoice-step4/node_modules/next/dist/build/webpack/config/blocks/css/loaders/getCssModuleLocalIdent.d.ts'
npm warn tar TAR_ENTRY_ERROR ENOENT: no such file or directory, lstat '/mnt/data/pickinvoice/pickinvoice-step4/node_modules/next/dist/client/components/react-dev-overlay'
npm warn tar TAR_ENTRY_ERROR ENOENT: no such file or directory, lstat '/mnt/data/pickinvoice/pickinvoice-step4/node_modules/next/dist/lib/eslint'
npm warn tar TAR_ENTRY_ERROR ENOENT: no such file or directory, lstat '/mnt/data/pickinvoice/pickinvoice-step4/node_modules/next/dist/build/webpack'
npm warn tar TAR_ENTRY_ERROR ENOENT: no such file or directory, lstat '/mnt/data/pickinvoice/pickinvoice-step4/node_modules/next/dist/client/components/react-dev-overlay'
npm warn tar TAR_ENTRY_ERROR ENOENT: no such file or directory, lstat '/mnt/data/pickinvoice/pickinvoice-step4/node_modules/next/dist/client/components/react-dev-overlay'
npm warn tar TAR_ENTRY_ERROR ENOENT: no such file or directory, lstat '/mnt/data/pickinvoice/pickinvoice-step4/node_modules/next/dist/lib/typescript'
npm warn tar TAR_ENTRY_ERROR ENOENT: no such file or directory, lstat '/mnt/data/pickinvoice/pickinvoice-step4/node_modules/next/dist/lib/typescript'
npm warn tar TAR_ENTRY_ERROR ENOENT: no such file or directory, open '/mnt/data/pickinvoice/pickinvoice-step4/node_modules/next/dist/build/webpack/loaders/css-loader/src/runtime/getUrl.d.ts'
npm warn tar TAR_ENTRY_ERROR ENOENT: no such file or directory, open '/mnt/data/pickinvoice/pickinvoice-step4/node_modules/next/dist/build/webpack/config/blocks/css/loaders/global.d.ts'
npm warn tar TAR_ENTRY_ERROR ENOENT: no such file or directory, open '/mnt/data/pickinvoice/pickinvoice-step4/node_modules/next/dist/server/web/globals.d.ts'
npm warn tar TAR_ENTRY_ERROR ENOENT: no such file or directory, lstat '/mnt/data/pickinvoice/pickinvoice-step4/node_modules/next/dist/compiled/@next/font/dist/google'
npm warn tar TAR_ENTRY_ERROR ENOENT: no such file or directory, lstat '/mnt/data/pickinvoice/pickinvoice-step4/node_modules/next/dist/client/components/react-dev-overlay'
npm warn tar TAR_ENTRY_ERROR ENOENT: no such file or directory, open '/mnt/data/pickinvoice/pickinvoice-step4/node_modules/next/dist/client/components/react-dev-overlay/internal/container/RuntimeError/GroupedStackFrames.d.ts'
npm warn tar TAR_ENTRY_ERROR ENOENT: no such file or directory, open '/mnt/data/pickinvoice/pickinvoice-step4/node_modules/next/dist/build/handle-externals.d.ts'
npm warn tar TAR_ENTRY_ERROR ENOENT: no such file or directory, open '/mnt/data/pickinvoice/pickinvoice-step4/node_modules/next/dist/client/components/router-reducer/handle-mutable.d.ts'
npm warn tar TAR_ENTRY_ERROR ENOENT: no such file or directory, open '/mnt/data/pickinvoice/pickinvoice-step4/node_modules/next/dist/client/components/router-reducer/handle-segment-mismatch.d.ts'
npm warn tar TAR_ENTRY_ERROR ENOENT: no such file or directory, open '/mnt/data/pickinvoice/pickinvoice-step4/node_modules/next/dist/shared/lib/router/utils/handle-smooth-scroll.d.ts'
npm warn tar TAR_ENTRY_ERROR ENOENT: no such file or directory, open '/mnt/data/pickinvoice/pickinvoice-step4/node_modules/next/dist/client/has-base-path.d.ts'
npm warn tar TAR_ENTRY_ERROR ENOENT: no such file or directory, lstat '/mnt/data/pickinvoice/pickinvoice-step4/node_modules/next/dist/client/components/router-reducer/reducers'
npm warn tar TAR_ENTRY_ERROR ENOENT: no such file or directory, open '/mnt/data/pickinvoice/pickinvoice-step4/node_modules/next/dist/server/app-render/has-loading-component-in-tree.d.ts'
npm warn tar TAR_ENTRY_ERROR ENOENT: no such file or directory, open '/mnt/data/pickinvoice/pickinvoice-step4/node_modules/next/dist/lib/has-necessary-dependencies.d.ts'
npm warn tar TAR_ENTRY_ERROR ENOENT: no such file or directory, lstat '/mnt/data/pickinvoice/pickinvoice-step4/node_modules/next/dist/lib/eslint'
npm warn tar TAR_ENTRY_ERROR ENOENT: no such file or directory, open '/mnt/data/pickinvoice/pickinvoice-step4/node_modules/next/dist/shared/lib/hash.d.ts'
npm warn tar TAR_ENTRY_ERROR ENOENT: no such file or directory, open '/mnt/data/pickinvoice/pickinvoice-step4/node_modules/next/dist/server/future/route-modules/app-page/vendored/contexts/head-manager-context.d.ts'
npm warn tar TAR_ENTRY_ERROR ENOENT: no such file or directory, open '/mnt/data/pickinvoice/pickinvoice-step4/node_modules/next/dist/server/future/route-modules/pages/vendored/contexts/head-manager-context.d.ts'
npm warn tar TAR_ENTRY_ERROR ENOENT: no such file or directory, open '/mnt/data/pickinvoice/pickinvoice-step4/node_modules/next/dist/shared/lib/head-manager-context.shared-runtime.d.ts'
npm warn tar TAR_ENTRY_ERROR ENOENT: no such file or directory, open '/mnt/data/pickinvoice/pickinvoice-step4/node_modules/next/dist/client/head-manager.d.ts'
npm warn tar TAR_ENTRY_ERROR ENOENT: no such file or directory, open '/mnt/data/pickinvoice/pickinvoice-step4/node_modules/next/dist/api/head.d.ts'
npm warn tar TAR_ENTRY_ERROR ENOENT: no such file or directory, open '/mnt/data/pickinvoice/pickinvoice-step4/node_modules/next/dist/shared/lib/head.d.ts'
npm warn tar TAR_ENTRY_ERROR ENOENT: no such file or directory, open '/mnt/data/pickinvoice/pickinvoice-step4/node_modules/next/dist/api/headers.d.ts'
npm warn tar TAR_ENTRY_ERROR ENOENT: no such file or directory, open '/mnt/data/pickinvoice/pickinvoice-step4/node_modules/next/dist/client/components/headers.d.ts'
npm warn tar TAR_ENTRY_ERROR ENOENT: no such file or directory, lstat '/mnt/data/pickinvoice/pickinvoice-step4/node_modules/next/dist/server/web/spec-extension/adapters'
npm warn tar TAR_ENTRY_ERROR ENOENT: no such file or directory, lstat '/mnt/data/pickinvoice/pickinvoice-step4/node_modules/next/dist/server/web/spec-extension/adapters'
npm warn tar TAR_ENTRY_ERROR ENOENT: no such file or directory, lstat '/mnt/data/pickinvoice/pickinvoice-step4/node_modules/next/dist/build/swc'
npm warn tar TAR_ENTRY_ERROR ENOENT: no such file or directory, open '/mnt/data/pickinvoice/pickinvoice-step4/node_modules/next/dist/build/templates/helpers.d.ts'
npm warn tar TAR_ENTRY_ERROR ENOENT: no such file or directory, lstat '/mnt/data/pickinvoice/pickinvoice-step4/node_modules/next/dist/build/turborepo-access-trace'
npm warn tar TAR_ENTRY_ERROR ENOENT: no such file or directory, lstat '/mnt/data/pickinvoice/pickinvoice-step4/node_modules/next/dist/build/webpack'
npm warn tar TAR_ENTRY_ERROR ENOENT: no such file or directory, open '/mnt/data/pickinvoice/pickinvoice-step4/node_modules/next/dist/server/future/route-modules/app-page/vendored/contexts/hooks-client-context.d.ts'
npm warn tar TAR_ENTRY_ERROR ENOENT: no such file or directory, open '/mnt/data/pickinvoice/pickinvoice-step4/node_modules/next/dist/server/future/route-modules/pages/vendored/contexts/hooks-client-context.d.ts'
npm warn tar TAR_ENTRY_ERROR ENOENT: no such file or directory, open '/mnt/data/pickinvoice/pickinvoice-step4/node_modules/next/dist/shared/lib/hooks-client-context.shared-runtime.d.ts'
npm warn tar TAR_ENTRY_ERROR ENOENT: no such file or directory, open '/mnt/data/pickinvoice/pickinvoice-step4/node_modules/next/dist/client/components/hooks-server-context.d.ts'
npm warn tar TAR_ENTRY_ERROR ENOENT: no such file or directory, open '/mnt/data/pickinvoice/pickinvoice-step4/node_modules/next/dist/client/dev/hot-middleware-client.d.ts'
npm warn tar TAR_ENTRY_ERROR ENOENT: no such file or directory, lstat '/mnt/data/pickinvoice/pickinvoice-step4/node_modules/next/dist/server/dev'
npm warn tar TAR_ENTRY_ERROR ENOENT: no such file or directory, lstat '/mnt/data/pickinvoice/pickinvoice-step4/node_modules/next/dist/client/components/react-dev-overlay'
npm warn tar TAR_ENTRY_ERROR ENOENT: no such file or directory, open '/mnt/data/pickinvoice/pickinvoice-step4/node_modules/next/dist/client/components/react-dev-overlay/pages/hot-reloader-client.d.ts'
npm warn tar TAR_ENTRY_ERROR ENOENT: no such file or directory, lstat '/mnt/data/pickinvoice/pickinvoice-step4/node_modules/next/dist/server/dev'
npm warn tar TAR_ENTRY_ERROR ENOENT: no such file or directory, lstat '/mnt/data/pickinvoice/pickinvoice-step4/node_modules/next/dist/server/dev'
npm warn tar TAR_ENTRY_ERROR ENOENT: no such file or directory, lstat '/mnt/data/pickinvoice/pickinvoice-step4/node_modules/next/dist/server/dev'
npm warn tar TAR_ENTRY_ERROR ENOENT: no such file or directory, open '/mnt/data/pickinvoice/pickinvoice-step4/node_modules/next/dist/server/future/route-modules/app-page/vendored/contexts/html-context.d.ts'
npm warn tar TAR_ENTRY_ERROR ENOENT: no such file or directory, open '/mnt/data/pickinvoice/pickinvoice-step4/node_modules/next/dist/server/future/route-modules/pages/vendored/contexts/html-context.d.ts'
npm warn tar TAR_ENTRY_ERROR ENOENT: no such file or directory, open '/mnt/data/pickinvoice/pickinvoice-step4/node_modules/next/dist/shared/lib/html-context.shared-runtime.d.ts'
npm warn tar TAR_ENTRY_ERROR ENOENT: no such file or directory, open '/mnt/data/pickinvoice/pickinvoice-step4/node_modules/next/dist/server/htmlescape.d.ts'
npm warn tar TAR_ENTRY_ERROR ENOENT: no such file or directory, open '/mnt/data/pickinvoice/pickinvoice-step4/node_modules/next/dist/server/web/http.d.ts'
npm warn tar TAR_ENTRY_ERROR ENOENT: no such file or directory, open '/mnt/data/pickinvoice/pickinvoice-step4/node_modules/next/dist/experimental/testmode/httpget.d.ts'
npm warn tar TAR_ENTRY_ERROR ENOENT: no such file or directory, lstat '/mnt/data/pickinvoice/pickinvoice-step4/node_modules/next/dist/client/components/react-dev-overlay'
npm warn tar TAR_ENTRY_ERROR ENOENT: no such file or directory, lstat '/mnt/data/pickinvoice/pickinvoice-step4/node_modules/next/dist/server/future'
npm warn tar TAR_ENTRY_ERROR ENOENT: no such file or directory, lstat '/mnt/data/pickinvoice/pickinvoice-step4/node_modules/next/dist/server/future'
npm warn tar TAR_ENTRY_ERROR ENOENT: no such file or directory, open '/mnt/data/pickinvoice/pickinvoice-step4/node_modules/next/dist/lib/metadata/generate/icons.d.ts'
npm warn tar TAR_ENTRY_ERROR ENOENT: no such file or directory, open '/mnt/data/pickinvoice/pickinvoice-step4/node_modules/next/dist/lib/metadata/types/icons.d.ts'
npm warn tar TAR_ENTRY_ERROR ENOENT: no such file or directory, open '/mnt/data/pickinvoice/pickinvoice-step4/node_modules/next/dist/server/lib/squoosh/image_data.d.ts'
npm warn tar TAR_ENTRY_ERROR ENOENT: no such file or directory, open '/mnt/data/pickinvoice/pickinvoice-step4/node_modules/next/dist/shared/lib/image-blur-svg.d.ts'
npm warn tar TAR_ENTRY_ERROR ENOENT: no such file or directory, open '/mnt/data/pickinvoice/pickinvoice-step4/node_modules/next/dist/client/image-component.d.ts'
npm warn tar TAR_ENTRY_ERROR ENOENT: no such file or directory, open '/mnt/data/pickinvoice/pickinvoice-step4/node_modules/next/dist/server/future/route-modules/app-page/vendored/contexts/image-config-context.d.ts'
npm warn tar TAR_ENTRY_ERROR ENOENT: no such file or directory, open '/mnt/data/pickinvoice/pickinvoice-step4/node_modules/next/dist/server/future/route-modules/pages/vendored/contexts/image-config-context.d.ts'
npm warn tar TAR_ENTRY_ERROR ENOENT: no such file or directory, open '/mnt/data/pickinvoice/pickinvoice-step4/node_modules/next/dist/shared/lib/image-config-context.shared-runtime.d.ts'
npm warn tar TAR_ENTRY_ERROR ENOENT: no such file or directory, open '/mnt/data/pickinvoice/pickinvoice-step4/node_modules/next/dist/shared/lib/image-config.d.ts'
npm warn tar TAR_ENTRY_ERROR ENOENT: no such file or directory, open '/mnt/data/pickinvoice/pickinvoice-step4/node_modules/next/dist/shared/lib/image-external.d.ts'
npm warn tar TAR_ENTRY_ERROR ENOENT: no such file or directory, open '/mnt/data/pickinvoice/pickinvoice-step4/node_modules/next/dist/shared/lib/image-loader.d.ts'
npm warn tar TAR_ENTRY_ERROR ENOENT: no such file or directory, open '/mnt/data/pickinvoice/pickinvoice-step4/node_modules/next/dist/server/image-optimizer.d.ts'
npm warn tar TAR_ENTRY_ERROR ENOENT: no such file or directory, lstat '/mnt/data/pickinvoice/pickinvoice-step4/node_modules/next/dist/server/og'
npm warn tar TAR_ENTRY_ERROR ENOENT: no such file or directory, open '/mnt/data/pickinvoice/pickinvoice-step4/node_modules/next/dist/server/web/spec-extension/image-response.d.ts'
npm warn tar TAR_ENTRY_ERROR ENOENT: no such file or directory, open '/mnt/data/pickinvoice/pickinvoice-step4/node_modules/next/dist/api/image.d.ts'
npm warn tar TAR_ENTRY_ERROR ENOENT: no such file or directory, lstat '/mnt/data/pickinvoice/pickinvoice-step4/node_modules/next/dist/client/legacy'
npm warn tar TAR_ENTRY_ERROR ENOENT: no such file or directory, lstat '/mnt/data/pickinvoice/pickinvoice-step4/node_modules/next/dist/build/webpack-build'
npm warn tar TAR_ENTRY_ERROR ENOENT: no such file or directory, open '/mnt/data/pickinvoice/pickinvoice-step4/node_modules/next/dist/server/lib/squoosh/impl.d.ts'
npm warn tar TAR_ENTRY_ERROR ENOENT: no such file or directory, open '/mnt/data/pickinvoice/pickinvoice-step4/node_modules/next/dist/build/polyfills/object.assign/implementation.d.ts'
npm warn tar TAR_ENTRY_ERROR ENOENT: no such file or directory, open '/mnt/data/pickinvoice/pickinvoice-step4/node_modules/next/dist/lib/import-next-warning.d.ts'
npm warn tar TAR_ENTRY_ERROR ENOENT: no such file or directory, open '/mnt/data/pickinvoice/pickinvoice-step4/node_modules/next/dist/server/lib/incremental-cache-server.d.ts'
npm warn tar TAR_ENTRY_ERROR ENOENT: no such file or directory, lstat '/mnt/data/pickinvoice/pickinvoice-step4/node_modules/next/dist/build/babel'
npm warn tar TAR_ENTRY_ERROR ENOENT: no such file or directory, open '/mnt/data/pickinvoice/pickinvoice-step4/node_modules/next/dist/build/index.d.ts'
npm warn tar TAR_ENTRY_ERROR ENOENT: no such file or directory, lstat '/mnt/data/pickinvoice/pickinvoice-step4/node_modules/next/dist/build/output'
npm warn tar TAR_ENTRY_ERROR ENOENT: no such file or directory, lstat '/mnt/data/pickinvoice/pickinvoice-step4/node_modules/next/dist/build/polyfills'
npm warn tar TAR_ENTRY_ERROR ENOENT: no such file or directory, open '/mnt/data/pickinvoice/pickinvoice-step4/node_modules/next/dist/build/polyfills/object.assign/index.d.ts'
npm warn tar TAR_ENTRY_ERROR ENOENT: no such file or directory, lstat '/mnt/data/pickinvoice/pickinvoice-step4/node_modules/next/dist/build/swc'
npm warn tar TAR_ENTRY_ERROR ENOENT: no such file or directory, lstat '/mnt/data/pickinvoice/pickinvoice-step4/node_modules/next/dist/build/turborepo-access-trace'
npm warn tar TAR_ENTRY_ERROR ENOENT: no such file or directory, lstat '/mnt/data/pickinvoice/pickinvoice-step4/node_modules/next/dist/build/webpack-build'
npm warn tar TAR_ENTRY_ERROR ENOENT: no such file or directory, lstat '/mnt/data/pickinvoice/pickinvoice-step4/node_modules/next/dist/build/webpack'
npm warn tar TAR_ENTRY_ERROR ENOENT: no such file or directory, open '/mnt/data/pickinvoice/pickinvoice-step4/node_modules/next/dist/build/webpack/config/blocks/css/loaders/index.d.ts'
npm warn tar TAR_ENTRY_ERROR ENOENT: no such file or directory, lstat '/mnt/data/pickinvoice/pickinvoice-step4/node_modules/next/dist/build/webpack'
npm warn tar TAR_ENTRY_ERROR ENOENT: no such file or directory, lstat '/mnt/data/pickinvoice/pickinvoice-step4/node_modules/next/dist/build/webpack'
npm warn tar TAR_ENTRY_ERROR ENOENT: no such file or directory, open '/mnt/data/pickinvoice/pickinvoice-step4/node_modules/next/dist/build/webpack/loaders/css-loader/src/index.d.ts'
npm warn tar TAR_ENTRY_ERROR ENOENT: no such file or directory, lstat '/mnt/data/pickinvoice/pickinvoice-step4/node_modules/next/dist/build/webpack'
npm warn tar TAR_ENTRY_ERROR ENOENT: no such file or directory, open '/mnt/data/pickinvoice/pickinvoice-step4/node_modules/next/dist/build/webpack/loaders/lightningcss-loader/src/index.d.ts'
npm warn tar TAR_ENTRY_ERROR ENOENT: no such file or directory, lstat '/mnt/data/pickinvoice/pickinvoice-step4/node_modules/next/dist/build/webpack'
npm warn tar TAR_ENTRY_ERROR ENOENT: no such file or directory, lstat '/mnt/data/pickinvoice/pickinvoice-step4/node_modules/next/dist/build/webpack'
npm warn tar TAR_ENTRY_ERROR ENOENT: no such file or directory, open '/mnt/data/pickinvoice/pickinvoice-step4/node_modules/next/dist/build/webpack/loaders/next-flight-loader/index.d.ts'
npm warn tar TAR_ENTRY_ERROR ENOENT: no such file or directory, lstat '/mnt/data/pickinvoice/pickinvoice-step4/node_modules/next/dist/build/webpack'
npm warn tar TAR_ENTRY_ERROR ENOENT: no such file or directory, open '/mnt/data/pickinvoice/pickinvoice-step4/node_modules/next/dist/build/webpack/loaders/next-image-loader/index.d.ts'
npm warn tar TAR_ENTRY_ERROR ENOENT: no such file or directory, lstat '/mnt/data/pickinvoice/pickinvoice-step4/node_modules/next/dist/build/webpack'
npm warn tar TAR_ENTRY_ERROR ENOENT: no such file or directory, lstat '/mnt/data/pickinvoice/pickinvoice-step4/node_modules/next/dist/build/webpack'
npm warn tar TAR_ENTRY_ERROR ENOENT: no such file or directory, lstat '/mnt/data/pickinvoice/pickinvoice-step4/node_modules/next/dist/build/webpack'
npm warn tar TAR_ENTRY_ERROR ENOENT: no such file or directory, lstat '/mnt/data/pickinvoice/pickinvoice-step4/node_modules/next/dist/build/webpack'
npm warn tar TAR_ENTRY_ERROR ENOENT: no such file or directory, lstat '/mnt/data/pickinvoice/pickinvoice-step4/node_modules/next/dist/build/webpack'
npm warn tar TAR_ENTRY_ERROR ENOENT: no such file or directory, lstat '/mnt/data/pickinvoice/pickinvoice-step4/node_modules/next/dist/build/webpack'
npm warn tar TAR_ENTRY_ERROR ENOENT: no such file or directory, lstat '/mnt/data/pickinvoice/pickinvoice-step4/node_modules/next/dist/build/webpack'
npm warn tar TAR_ENTRY_ERROR ENOENT: no such file or directory, open '/mnt/data/pickinvoice/pickinvoice-step4/node_modules/next/dist/client/components/react-dev-overlay/internal/components/CodeFrame/index.d.ts'
npm warn tar TAR_ENTRY_ERROR ENOENT: no such file or directory, lstat '/mnt/data/pickinvoice/pickinvoice-step4/node_modules/next/dist/client/components/react-dev-overlay'
npm warn tar TAR_ENTRY_ERROR ENOENT: no such file or directory, lstat '/mnt/data/pickinvoice/pickinvoice-step4/node_modules/next/dist/client/components/react-dev-overlay'
npm warn tar TAR_ENTRY_ERROR ENOENT: no such file or directory, lstat '/mnt/data/pickinvoice/pickinvoice-step4/node_modules/next/dist/client/components/react-dev-overlay'
npm warn tar TAR_ENTRY_ERROR ENOENT: no such file or directory, open '/mnt/data/pickinvoice/pickinvoice-step4/node_modules/next/dist/client/components/react-dev-overlay/internal/components/Overlay/index.d.ts'
npm warn tar TAR_ENTRY_ERROR ENOENT: no such file or directory, lstat '/mnt/data/pickinvoice/pickinvoice-step4/node_modules/next/dist/client/components/react-dev-overlay'
npm warn tar TAR_ENTRY_ERROR ENOENT: no such file or directory, lstat '/mnt/data/pickinvoice/pickinvoice-step4/node_modules/next/dist/client/components/react-dev-overlay'
npm warn tar TAR_ENTRY_ERROR ENOENT: no such file or directory, lstat '/mnt/data/pickinvoice/pickinvoice-step4/node_modules/next/dist/client/components/react-dev-overlay'
npm warn tar TAR_ENTRY_ERROR ENOENT: no such file or directory, open '/mnt/data/pickinvoice/pickinvoice-step4/node_modules/next/dist/client/components/react-dev-overlay/internal/container/RuntimeError/index.d.ts'
npm warn tar TAR_ENTRY_ERROR ENOENT: no such file or directory, open '/mnt/data/pickinvoice/pickinvoice-step4/node_modules/next/dist/client/index.d.ts'
npm warn tar TAR_ENTRY_ERROR ENOENT: no such file or directory, lstat '/mnt/data/pickinvoice/pickinvoice-step4/node_modules/next/dist/client/portal'
npm warn tar TAR_ENTRY_ERROR ENOENT: no such file or directory, open '/mnt/data/pickinvoice/pickinvoice-step4/node_modules/next/dist/compiled/@edge-runtime/primitives/index.d.ts'
npm warn tar TAR_ENTRY_ERROR ENOENT: no such file or directory, lstat '/mnt/data/pickinvoice/pickinvoice-step4/node_modules/next/dist/compiled/@next/font/dist/google'
npm warn tar TAR_ENTRY_ERROR ENOENT: no such file or directory, lstat '/mnt/data/pickinvoice/pickinvoice-step4/node_modules/next/dist/compiled/@next/font/dist/local'
npm warn tar TAR_ENTRY_ERROR ENOENT: no such file or directory, lstat '/mnt/data/pickinvoice/pickinvoice-step4/node_modules/next/dist/compiled/@vercel/og/emoji'
npm warn tar TAR_ENTRY_ERROR ENOENT: no such file or directory, lstat '/mnt/data/pickinvoice/pickinvoice-step4/node_modules/next/dist/compiled/@vercel/og/figma'
npm warn tar TAR_ENTRY_ERROR ENOENT: no such file or directory, lstat '/mnt/data/pickinvoice/pickinvoice-step4/node_modules/next/dist/compiled/@vercel/og/language'
npm warn tar TAR_ENTRY_ERROR ENOENT: no such file or directory, open '/mnt/data/pickinvoice/pickinvoice-step4/node_modules/next/dist/compiled/@vercel/og/satori/index.d.ts'
npm warn tar TAR_ENTRY_ERROR ENOENT: no such file or directory, lstat '/mnt/data/pickinvoice/pickinvoice-step4/node_modules/next/dist/experimental/testmode/playwright'
npm warn tar TAR_ENTRY_ERROR ENOENT: no such file or directory, lstat '/mnt/data/pickinvoice/pickinvoice-step4/node_modules/next/dist/experimental/testmode/proxy'
npm warn tar TAR_ENTRY_ERROR ENOENT: no such file or directory, lstat '/mnt/data/pickinvoice/pickinvoice-step4/node_modules/next/dist/server/api-utils'
npm warn tar TAR_ENTRY_ERROR ENOENT: no such file or directory, lstat '/mnt/data/pickinvoice/pickinvoice-step4/node_modules/next/dist/server/base-http'
npm warn tar TAR_ENTRY_ERROR ENOENT: no such file or directory, open '/mnt/data/pickinvoice/pickinvoice-step4/node_modules/next/dist/server/future/normalizers/built/app/index.d.ts'
npm warn tar TAR_ENTRY_ERROR ENOENT: no such file or directory, lstat '/mnt/data/pickinvoice/pickinvoice-step4/node_modules/next/dist/server/future'
npm warn tar TAR_ENTRY_ERROR ENOENT: no such file or directory, lstat '/mnt/data/pickinvoice/pickinvoice-step4/node_modules/next/dist/server/lib/incremental-cache'
npm warn tar TAR_ENTRY_ERROR ENOENT: no such file or directory, lstat '/mnt/data/pickinvoice/pickinvoice-step4/node_modules/next/dist/server/lib/server-ipc'
npm warn tar TAR_ENTRY_ERROR ENOENT: no such file or directory, lstat '/mnt/data/pickinvoice/pickinvoice-step4/node_modules/next/dist/server/response-cache'
npm warn tar TAR_ENTRY_ERROR ENOENT: no such file or directory, open '/mnt/data/pickinvoice/pickinvoice-step4/node_modules/next/dist/server/typescript/index.d.ts'
npm warn tar TAR_ENTRY_ERROR ENOENT: no such file or directory, lstat '/mnt/data/pickinvoice/pickinvoice-step4/node_modules/next/dist/server/web/exports'
npm warn tar TAR_ENTRY_ERROR ENOENT: no such file or directory, open '/mnt/data/pickinvoice/pickinvoice-step4/node_modules/next/dist/server/web/sandbox/index.d.ts'
npm warn tar TAR_ENTRY_ERROR ENOENT: no such file or directory, open '/mnt/data/pickinvoice/pickinvoice-step4/node_modules/next/dist/shared/lib/router/utils/index.d.ts'
npm warn tar TAR_ENTRY_ERROR ENOENT: no such file or directory, open '/mnt/data/pickinvoice/pickinvoice-step4/node_modules/next/dist/telemetry/events/index.d.ts'
npm warn tar TAR_ENTRY_ERROR ENOENT: no such file or directory, open '/mnt/data/pickinvoice/pickinvoice-step4/node_modules/next/font/google/index.d.ts'
npm warn tar TAR_ENTRY_ERROR ENOENT: no such file or directory, open '/mnt/data/pickinvoice/pickinvoice-step4/node_modules/next/font/local/index.d.ts'
npm warn tar TAR_ENTRY_ERROR ENOENT: no such file or directory, open '/mnt/data/pickinvoice/pickinvoice-step4/node_modules/next/dist/compiled/@vercel/og/index.edge.d.ts'
npm warn tar TAR_ENTRY_ERROR ENOENT: no such file or directory, open '/mnt/data/pickinvoice/pickinvoice-step4/node_modules/next/dist/compiled/@vercel/og/index.node.d.ts'
npm warn tar TAR_ENTRY_ERROR ENOENT: no such file or directory, lstat '/mnt/data/pickinvoice/pickinvoice-step4/node_modules/next/dist/build/webpack'
npm warn tar TAR_ENTRY_ERROR ENOENT: no such file or directory, lstat '/mnt/data/pickinvoice/pickinvoice-step4/node_modules/next/dist/build/webpack'
npm warn tar TAR_ENTRY_ERROR ENOENT: no such file or directory, lstat '/mnt/data/pickinvoice/pickinvoice-step4/node_modules/next/dist/build/webpack'
npm warn tar TAR_ENTRY_ERROR ENOENT: no such file or directory, open '/mnt/data/pickinvoice/pickinvoice-step4/node_modules/next/dist/lib/install-dependencies.d.ts'
npm warn tar TAR_ENTRY_ERROR ENOENT: no such file or directory, lstat '/mnt/data/pickinvoice/pickinvoice-step4/node_modules/next/dist/lib/helpers'
npm warn tar TAR_ENTRY_ERROR ENOENT: no such file or directory, lstat '/mnt/data/pickinvoice/pickinvoice-step4/node_modules/next/dist/server/future'
npm warn tar TAR_ENTRY_ERROR ENOENT: no such file or directory, lstat '/mnt/data/pickinvoice/pickinvoice-step4/node_modules/next/dist/server/future'
npm warn tar TAR_ENTRY_ERROR ENOENT: no such file or directory, open '/mnt/data/pickinvoice/pickinvoice-step4/node_modules/next/dist/build/webpack/loaders/lightningcss-loader/src/interface.d.ts'
npm warn tar TAR_ENTRY_ERROR ENOENT: no such file or directory, open '/mnt/data/pickinvoice/pickinvoice-step4/node_modules/next/dist/server/web/internal-edge-wait-until.d.ts'
npm warn tar TAR_ENTRY_ERROR ENOENT: no such file or directory, open '/mnt/data/pickinvoice/pickinvoice-step4/node_modules/next/dist/server/internal-utils.d.ts'
npm warn tar TAR_ENTRY_ERROR ENOENT: no such file or directory, open '/mnt/data/pickinvoice/pickinvoice-step4/node_modules/next/dist/lib/interop-default.d.ts'
npm warn tar TAR_ENTRY_ERROR ENOENT: no such file or directory, open '/mnt/data/pickinvoice/pickinvoice-step4/node_modules/next/dist/server/app-render/interop-default.d.ts'
npm warn tar TAR_ENTRY_ERROR ENOENT: no such file or directory, open '/mnt/data/pickinvoice/pickinvoice-step4/node_modules/next/dist/shared/lib/router/utils/interpolate-as.d.ts'
npm warn tar TAR_ENTRY_ERROR ENOENT: no such file or directory, open '/mnt/data/pickinvoice/pickinvoice-step4/node_modules/next/dist/client/components/router-reducer/invalidate-cache-below-flight-segmentpath.d.ts'
npm warn tar TAR_ENTRY_ERROR ENOENT: no such file or directory, open '/mnt/data/pickinvoice/pickinvoice-step4/node_modules/next/dist/client/components/router-reducer/invalidate-cache-below-flight-segmentpath.test.d.ts'
npm warn tar TAR_ENTRY_ERROR ENOENT: no such file or directory, open '/mnt/data/pickinvoice/pickinvoice-step4/node_modules/next/dist/client/components/router-reducer/invalidate-cache-by-router-state.d.ts'
npm warn tar TAR_ENTRY_ERROR ENOENT: no such file or directory, open '/mnt/data/pickinvoice/pickinvoice-step4/node_modules/next/dist/client/components/router-reducer/invalidate-cache-by-router-state.test.d.ts'
npm warn tar TAR_ENTRY_ERROR ENOENT: no such file or directory, lstat '/mnt/data/pickinvoice/pickinvoice-step4/node_modules/next/dist/server/lib/server-ipc'
npm warn tar TAR_ENTRY_ERROR ENOENT: no such file or directory, open '/mnt/data/pickinvoice/pickinvoice-step4/node_modules/next/dist/lib/is-api-route.d.ts'
npm warn tar TAR_ENTRY_ERROR ENOENT: no such file or directory, open '/mnt/data/pickinvoice/pickinvoice-step4/node_modules/next/dist/lib/is-app-page-route.d.ts'
npm warn tar TAR_ENTRY_ERROR ENOENT: no such file or directory, open '/mnt/data/pickinvoice/pickinvoice-step4/node_modules/next/dist/lib/is-app-route-route.d.ts'
npm warn tar TAR_ENTRY_ERROR ENOENT: no such file or directory, open '/mnt/data/pickinvoice/pickinvoice-step4/node_modules/next/dist/shared/lib/router/utils/is-bot.d.ts'
npm warn tar TAR_ENTRY_ERROR ENOENT: no such file or directory, open '/mnt/data/pickinvoice/pickinvoice-step4/node_modules/next/dist/export/helpers/is-dynamic-usage-error.d.ts'
npm warn tar TAR_ENTRY_ERROR ENOENT: no such file or directory, open '/mnt/data/pickinvoice/pickinvoice-step4/node_modules/next/dist/shared/lib/router/utils/is-dynamic.d.ts'
npm warn tar TAR_ENTRY_ERROR ENOENT: no such file or directory, open '/mnt/data/pickinvoice/pickinvoice-step4/node_modules/next/dist/lib/is-edge-runtime.d.ts'
npm warn tar TAR_ENTRY_ERROR ENOENT: no such file or directory, open '/mnt/data/pickinvoice/pickinvoice-step4/node_modules/next/dist/lib/is-error.d.ts'
npm warn tar TAR_ENTRY_ERROR ENOENT: no such file or directory, open '/mnt/data/pickinvoice/pickinvoice-step4/node_modules/next/dist/client/components/is-hydration-error.d.ts'
npm warn tar TAR_ENTRY_ERROR ENOENT: no such file or directory, open '/mnt/data/pickinvoice/pickinvoice-step4/node_modules/next/dist/lib/is-internal-component.d.ts'
npm warn tar TAR_ENTRY_ERROR ENOENT: no such file or directory, open '/mnt/data/pickinvoice/pickinvoice-step4/node_modules/next/dist/server/lib/is-ipv6.d.ts'
npm warn tar TAR_ENTRY_ERROR ENOENT: no such file or directory, open '/mnt/data/pickinvoice/pickinvoice-step4/node_modules/next/dist/shared/lib/router/utils/is-local-url.d.ts'
npm warn tar TAR_ENTRY_ERROR ENOENT: no such file or directory, open '/mnt/data/pickinvoice/pickinvoice-step4/node_modules/next/dist/lib/metadata/is-metadata-route.d.ts'
npm warn tar TAR_ENTRY_ERROR ENOENT: no such file or directory, open '/mnt/data/pickinvoice/pickinvoice-step4/node_modules/next/dist/client/components/router-reducer/is-navigating-to-new-root-layout.d.ts'
npm warn tar TAR_ENTRY_ERROR ENOENT: no such file or directory, open '/mnt/data/pickinvoice/pickinvoice-step4/node_modules/next/dist/client/components/router-reducer/is-navigating-to-new-root-layout.test.d.ts'
npm warn tar TAR_ENTRY_ERROR ENOENT: no such file or directory, open '/mnt/data/pickinvoice/pickinvoice-step4/node_modules/next/dist/export/helpers/is-navigation-signal-error.d.ts'
npm warn tar TAR_ENTRY_ERROR ENOENT: no such file or directory, open '/mnt/data/pickinvoice/pickinvoice-step4/node_modules/next/dist/client/components/is-next-router-error.d.ts'
npm warn tar TAR_ENTRY_ERROR ENOENT: no such file or directory, open '/mnt/data/pickinvoice/pickinvoice-step4/node_modules/next/dist/shared/lib/is-plain-object.d.ts'
npm warn tar TAR_ENTRY_ERROR ENOENT: no such file or directory, open '/mnt/data/pickinvoice/pickinvoice-step4/node_modules/next/dist/server/lib/router-utils/is-postpone.d.ts'
npm warn tar TAR_ENTRY_ERROR ENOENT: no such file or directory, open '/mnt/data/pickinvoice/pickinvoice-step4/node_modules/next/dist/lib/is-serializable-props.d.ts'
npm warn tar TAR_ENTRY_ERROR ENOENT: no such file or directory, open '/mnt/data/pickinvoice/pickinvoice-step4/node_modules/next/dist/build/is-writeable.d.ts'
npm warn tar TAR_ENTRY_ERROR ENOENT: no such file or directory, lstat '/mnt/data/pickinvoice/pickinvoice-step4/node_modules/next/dist/build/webpack'
npm warn tar TAR_ENTRY_ERROR ENOENT: no such file or directory, lstat '/mnt/data/pickinvoice/pickinvoice-step4/node_modules/next/dist/build/swc'
npm warn tar TAR_ENTRY_ERROR ENOENT: no such file or directory, lstat '/mnt/data/pickinvoice/pickinvoice-step4/node_modules/next/dist/build/jest'
npm warn tar TAR_ENTRY_ERROR ENOENT: no such file or directory, lstat '/mnt/data/pickinvoice/pickinvoice-step4/node_modules/next/dist/build/webpack'
npm warn tar TAR_ENTRY_ERROR ENOENT: no such file or directory, open '/mnt/data/pickinvoice/pickinvoice-step4/node_modules/next/dist/build/webpack/plugins/jsconfig-paths-plugin.d.ts'
npm warn tar TAR_ENTRY_ERROR ENOENT: no such file or directory, open '/mnt/data/pickinvoice/pickinvoice-step4/node_modules/next/dist/build/babel/plugins/jsx-pragma.d.ts'
npm warn tar TAR_ENTRY_ERROR ENOENT: no such file or directory, lstat '/mnt/data/pickinvoice/pickinvoice-step4/node_modules/next/dist/client/components/react-dev-overlay'
npm warn tar TAR_ENTRY_ERROR ENOENT: no such file or directory, open '/mnt/data/pickinvoice/pickinvoice-step4/node_modules/next/dist/client/components/layout-router.d.ts'
npm warn tar TAR_ENTRY_ERROR ENOENT: no such file or directory, lstat '/mnt/data/pickinvoice/pickinvoice-step4/node_modules/next/dist/client/components/react-dev-overlay'
npm warn tar TAR_ENTRY_ERROR ENOENT: no such file or directory, open '/mnt/data/pickinvoice/pickinvoice-step4/node_modules/next/dist/api/link.d.ts'
npm warn tar TAR_ENTRY_ERROR ENOENT: no such file or directory, open '/mnt/data/pickinvoice/pickinvoice-step4/node_modules/next/dist/client/link.d.ts'
npm warn tar TAR_ENTRY_ERROR ENOENT: no such file or directory, open '/mnt/data/pickinvoice/pickinvoice-step4/node_modules/next/dist/server/load-components.d.ts'
npm warn tar TAR_ENTRY_ERROR ENOENT: no such file or directory, open '/mnt/data/pickinvoice/pickinvoice-step4/node_modules/next/dist/lib/load-custom-routes.d.ts'
npm warn tar TAR_ENTRY_ERROR ENOENT: no such file or directory, open '/mnt/data/pickinvoice/pickinvoice-step4/node_modules/next/dist/server/load-default-error-components.d.ts'
npm warn tar TAR_ENTRY_ERROR ENOENT: no such file or directory, open '/mnt/data/pickinvoice/pickinvoice-step4/node_modules/next/dist/build/load-entrypoint.d.ts'
npm warn tar TAR_ENTRY_ERROR ENOENT: no such file or directory, open '/mnt/data/pickinvoice/pickinvoice-step4/node_modules/next/dist/build/load-jsconfig.d.ts'
npm warn tar TAR_ENTRY_ERROR ENOENT: no such file or directory, open '/mnt/data/pickinvoice/pickinvoice-step4/node_modules/next/dist/server/load-manifest.d.ts'
npm warn tar TAR_ENTRY_ERROR ENOENT: no such file or directory, open '/mnt/data/pickinvoice/pickinvoice-step4/node_modules/next/dist/server/load-manifest.test.d.ts'
npm warn tar TAR_ENTRY_ERROR ENOENT: no such file or directory, open '/mnt/data/pickinvoice/pickinvoice-step4/node_modules/next/dist/compiled/@edge-runtime/primitives/load.d.ts'
npm warn tar TAR_ENTRY_ERROR ENOENT: no such file or directory, open '/mnt/data/pickinvoice/pickinvoice-step4/node_modules/next/dist/server/future/route-modules/app-page/vendored/contexts/loadable-context.d.ts'
npm warn tar TAR_ENTRY_ERROR ENOENT: no such file or directory, open '/mnt/data/pickinvoice/pickinvoice-step4/node_modules/next/dist/server/future/route-modules/pages/vendored/contexts/loadable-context.d.ts'
npm warn tar TAR_ENTRY_ERROR ENOENT: no such file or directory, open '/mnt/data/pickinvoice/pickinvoice-step4/node_modules/next/dist/shared/lib/loadable-context.shared-runtime.d.ts'
npm warn tar TAR_ENTRY_ERROR ENOENT: no such file or directory, open '/mnt/data/pickinvoice/pickinvoice-step4/node_modules/next/dist/server/future/route-modules/app-page/vendored/contexts/loadable.d.ts'
npm warn tar TAR_ENTRY_ERROR ENOENT: no such file or directory, open '/mnt/data/pickinvoice/pickinvoice-step4/node_modules/next/dist/server/future/route-modules/pages/vendored/contexts/loadable.d.ts'
npm warn tar TAR_ENTRY_ERROR ENOENT: no such file or directory, open '/mnt/data/pickinvoice/pickinvoice-step4/node_modules/next/dist/shared/lib/lazy-dynamic/loadable.d.ts'
npm warn tar TAR_ENTRY_ERROR ENOENT: no such file or directory, open '/mnt/data/pickinvoice/pickinvoice-step4/node_modules/next/dist/shared/lib/loadable.shared-runtime.d.ts'
npm warn tar TAR_ENTRY_ERROR ENOENT: no such file or directory, open '/mnt/data/pickinvoice/pickinvoice-step4/node_modules/next/dist/build/webpack/loaders/lightningcss-loader/src/loader.d.ts'
npm warn tar TAR_ENTRY_ERROR ENOENT: no such file or directory, lstat '/mnt/data/pickinvoice/pickinvoice-step4/node_modules/next/dist/compiled/@next/font/dist/google'
npm warn tar TAR_ENTRY_ERROR ENOENT: no such file or directory, lstat '/mnt/data/pickinvoice/pickinvoice-step4/node_modules/next/dist/compiled/@next/font/dist/local'
npm warn tar TAR_ENTRY_ERROR ENOENT: no such file or directory, lstat '/mnt/data/pickinvoice/pickinvoice-step4/node_modules/next/dist/compiled/@next/font/dist/google'
npm warn tar TAR_ENTRY_ERROR ENOENT: no such file or directory, lstat '/mnt/data/pickinvoice/pickinvoice-step4/node_modules/next/dist/compiled/@next/font/dist/local'
npm warn tar TAR_ENTRY_ERROR ENOENT: no such file or directory, open '/mnt/data/pickinvoice/pickinvoice-step4/node_modules/next/dist/server/future/route-definitions/locale-route-definition.d.ts'
npm warn tar TAR_ENTRY_ERROR ENOENT: no such file or directory, open '/mnt/data/pickinvoice/pickinvoice-step4/node_modules/next/dist/server/future/route-matches/locale-route-match.d.ts'
npm warn tar TAR_ENTRY_ERROR ENOENT: no such file or directory, open '/mnt/data/pickinvoice/pickinvoice-step4/node_modules/next/dist/server/future/route-matchers/locale-route-matcher.d.ts'
npm warn tar TAR_ENTRY_ERROR ENOENT: no such file or directory, open '/mnt/data/pickinvoice/pickinvoice-step4/node_modules/next/dist/server/future/normalizers/locale-route-normalizer.d.ts'
npm warn tar TAR_ENTRY_ERROR ENOENT: no such file or directory, lstat '/mnt/data/pickinvoice/pickinvoice-step4/node_modules/next/dist/server/dev'
npm warn tar TAR_ENTRY_ERROR ENOENT: no such file or directory, lstat '/mnt/data/pickinvoice/pickinvoice-step4/node_modules/next/dist/build/output'
npm warn tar TAR_ENTRY_ERROR ENOENT: no such file or directory, open '/mnt/data/pickinvoice/pickinvoice-step4/node_modules/next/dist/shared/lib/magic-identifier.d.ts'
npm warn tar TAR_ENTRY_ERROR ENOENT: no such file or directory, open '/mnt/data/pickinvoice/pickinvoice-step4/node_modules/next/dist/server/lib/squoosh/main.d.ts'
npm warn tar TAR_ENTRY_ERROR ENOENT: no such file or directory, open '/mnt/data/pickinvoice/pickinvoice-step4/node_modules/next/dist/client/components/react-dev-overlay/internal/components/Overlay/maintain--tab-focus.d.ts'
npm warn tar TAR_ENTRY_ERROR ENOENT: no such file or directory, open '/mnt/data/pickinvoice/pickinvoice-step4/node_modules/next/dist/server/app-render/make-get-server-inserted-html.d.ts'
npm warn tar TAR_ENTRY_ERROR ENOENT: no such file or directory, lstat '/mnt/data/pickinvoice/pickinvoice-step4/node_modules/next/dist/server/dev'
npm warn tar TAR_ENTRY_ERROR ENOENT: no such file or directory, lstat '/mnt/data/pickinvoice/pickinvoice-step4/node_modules/next/dist/server/future'
npm warn tar TAR_ENTRY_ERROR ENOENT: no such file or directory, open '/mnt/data/pickinvoice/pickinvoice-step4/node_modules/next/dist/server/future/route-matcher-providers/manifest-route-matcher-provider.d.ts'
npm warn tar TAR_ENTRY_ERROR ENOENT: no such file or directory, open '/mnt/data/pickinvoice/pickinvoice-step4/node_modules/next/dist/lib/metadata/types/manifest-types.d.ts'
npm warn tar TAR_ENTRY_ERROR ENOENT: no such file or directory, open '/mnt/data/pickinvoice/pickinvoice-step4/node_modules/next/dist/server/match-bundle.d.ts'
npm warn tar TAR_ENTRY_ERROR ENOENT: no such file or directory, open '/mnt/data/pickinvoice/pickinvoice-step4/node_modules/next/dist/shared/lib/match-local-pattern.d.ts'
npm warn tar TAR_ENTRY_ERROR ENOENT: no such file or directory, open '/mnt/data/pickinvoice/pickinvoice-step4/node_modules/next/dist/server/lib/match-next-data-pathname.d.ts'
npm warn tar TAR_ENTRY_ERROR ENOENT: no such file or directory, open '/mnt/data/pickinvoice/pickinvoice-step4/node_modules/next/dist/shared/lib/match-remote-pattern.d.ts'
npm warn tar TAR_ENTRY_ERROR ENOENT: no such file or directory, open '/mnt/data/pickinvoice/pickinvoice-step4/node_modules/next/dist/client/components/match-segments.d.ts'
npm warn tar TAR_ENTRY_ERROR ENOENT: no such file or directory, open '/mnt/data/pickinvoice/pickinvoice-step4/node_modules/next/dist/build/webpack/plugins/memory-with-gc-cache-plugin.d.ts'
npm warn tar TAR_ENTRY_ERROR ENOENT: no such file or directory, lstat '/mnt/data/pickinvoice/pickinvoice-step4/node_modules/next/dist/build/webpack'
npm warn tar TAR_ENTRY_ERROR ENOENT: no such file or directory, lstat '/mnt/data/pickinvoice/pickinvoice-step4/node_modules/next/dist/build/webpack'
npm warn tar TAR_ENTRY_ERROR ENOENT: no such file or directory, lstat '/mnt/data/pickinvoice/pickinvoice-step4/node_modules/next/dist/server/dev'
npm warn tar TAR_ENTRY_ERROR ENOENT: no such file or directory, open '/mnt/data/pickinvoice/pickinvoice-step4/node_modules/next/dist/lib/metadata/generate/meta.d.ts'
npm warn tar TAR_ENTRY_ERROR ENOENT: no such file or directory, open '/mnt/data/pickinvoice/pickinvoice-step4/node_modules/next/dist/lib/metadata/types/metadata-interface.d.ts'
npm warn tar TAR_ENTRY_ERROR ENOENT: no such file or directory, open '/mnt/data/pickinvoice/pickinvoice-step4/node_modules/next/dist/lib/metadata/types/metadata-types.d.ts'
npm warn tar TAR_ENTRY_ERROR ENOENT: no such file or directory, open '/mnt/data/pickinvoice/pickinvoice-step4/node_modules/next/dist/lib/metadata/metadata.d.ts'
npm warn tar TAR_ENTRY_ERROR ENOENT: no such file or directory, open '/mnt/data/pickinvoice/pickinvoice-step4/node_modules/next/dist/server/typescript/rules/metadata.d.ts'
npm warn tar TAR_ENTRY_ERROR ENOENT: no such file or directory, open '/mnt/data/pickinvoice/pickinvoice-step4/node_modules/next/dist/build/webpack/plugins/middleware-plugin.d.ts'
npm warn tar TAR_ENTRY_ERROR ENOENT: no such file or directory, open '/mnt/data/pickinvoice/pickinvoice-step4/node_modules/next/dist/shared/lib/router/utils/middleware-route-matcher.d.ts'
npm warn tar TAR_ENTRY_ERROR ENOENT: no such file or directory, lstat '/mnt/data/pickinvoice/pickinvoice-step4/node_modules/next/dist/client/components/react-dev-overlay'
npm warn tar TAR_ENTRY_ERROR ENOENT: no such file or directory, open '/mnt/data/pickinvoice/pickinvoice-step4/node_modules/next/dist/build/templates/middleware.d.ts'
npm warn tar TAR_ENTRY_ERROR ENOENT: no such file or directory, lstat '/mnt/data/pickinvoice/pickinvoice-step4/node_modules/next/dist/client/components/react-dev-overlay'
npm warn tar TAR_ENTRY_ERROR ENOENT: no such file or directory, open '/mnt/data/pickinvoice/pickinvoice-step4/node_modules/next/dist/lib/mime-type.d.ts'
npm warn tar TAR_ENTRY_ERROR ENOENT: no such file or directory, open '/mnt/data/pickinvoice/pickinvoice-step4/node_modules/next/dist/build/webpack/plugins/mini-css-extract-plugin.d.ts'
npm warn tar TAR_ENTRY_ERROR ENOENT: no such file or directory, open '/mnt/data/pickinvoice/pickinvoice-step4/node_modules/next/dist/build/webpack/loaders/lightningcss-loader/src/minify.d.ts'
npm warn tar TAR_ENTRY_ERROR ENOENT: no such file or directory, lstat '/mnt/data/pickinvoice/pickinvoice-step4/node_modules/next/dist/build/webpack'
npm warn tar TAR_ENTRY_ERROR ENOENT: no such file or directory, lstat '/mnt/data/pickinvoice/pickinvoice-step4/node_modules/next/dist/lib/typescript'
npm warn tar TAR_ENTRY_ERROR ENOENT: no such file or directory, open '/mnt/data/pickinvoice/pickinvoice-step4/node_modules/next/dist/shared/lib/mitt.d.ts'
npm warn tar TAR_ENTRY_ERROR ENOENT: no such file or directory, open '/mnt/data/pickinvoice/pickinvoice-step4/node_modules/next/dist/lib/mkcert.d.ts'
npm warn tar TAR_ENTRY_ERROR ENOENT: no such file or directory, open '/mnt/data/pickinvoice/pickinvoice-step4/node_modules/next/dist/server/lib/mock-request.d.ts'
npm warn tar TAR_ENTRY_ERROR ENOENT: no such file or directory, open '/mnt/data/pickinvoice/pickinvoice-step4/node_modules/next/dist/server/lib/mock-request.test.d.ts'
npm warn tar TAR_ENTRY_ERROR ENOENT: no such file or directory, open '/mnt/data/pickinvoice/pickinvoice-step4/node_modules/next/dist/esm/shared/lib/modern-browserslist-target.d.ts'
npm warn tar TAR_ENTRY_ERROR ENOENT: no such file or directory, open '/mnt/data/pickinvoice/pickinvoice-step4/node_modules/next/dist/shared/lib/modern-browserslist-target.d.ts'
npm warn tar TAR_ENTRY_ERROR ENOENT: no such file or directory, lstat '/mnt/data/pickinvoice/pickinvoice-step4/node_modules/next/dist/build/webpack'
npm warn tar TAR_ENTRY_ERROR ENOENT: no such file or directory, lstat '/mnt/data/pickinvoice/pickinvoice-step4/node_modules/next/dist/server/future'
npm warn tar TAR_ENTRY_ERROR ENOENT: no such file or directory, open '/mnt/data/pickinvoice/pickinvoice-step4/node_modules/next/dist/build/webpack/loaders/next-flight-loader/module-proxy.d.ts'
npm warn tar TAR_ENTRY_ERROR ENOENT: no such file or directory, lstat '/mnt/data/pickinvoice/pickinvoice-step4/node_modules/next/dist/esm/server/future'
npm warn tar TAR_ENTRY_ERROR ENOENT: no such file or directory, lstat '/mnt/data/pickinvoice/pickinvoice-step4/node_modules/next/dist/esm/server/future'
npm warn tar TAR_ENTRY_ERROR ENOENT: no such file or directory, lstat '/mnt/data/pickinvoice/pickinvoice-step4/node_modules/next/dist/esm/server/future'
npm warn tar TAR_ENTRY_ERROR ENOENT: no such file or directory, lstat '/mnt/data/pickinvoice/pickinvoice-step4/node_modules/next/dist/esm/server/future'
npm warn tar TAR_ENTRY_ERROR ENOENT: no such file or directory, lstat '/mnt/data/pickinvoice/pickinvoice-step4/node_modules/next/dist/server/future'
npm warn tar TAR_ENTRY_ERROR ENOENT: no such file or directory, lstat '/mnt/data/pickinvoice/pickinvoice-step4/node_modules/next/dist/server/future'
npm warn tar TAR_ENTRY_ERROR ENOENT: no such file or directory, lstat '/mnt/data/pickinvoice/pickinvoice-step4/node_modules/next/dist/server/future'
npm warn tar TAR_ENTRY_ERROR ENOENT: no such file or directory, lstat '/mnt/data/pickinvoice/pickinvoice-step4/node_modules/next/dist/server/future'
npm warn tar TAR_ENTRY_ERROR ENOENT: no such file or directory, lstat '/mnt/data/pickinvoice/pickinvoice-step4/node_modules/next/dist/server/future'
npm warn tar TAR_ENTRY_ERROR ENOENT: no such file or directory, lstat '/mnt/data/pickinvoice/pickinvoice-step4/node_modules/next/dist/server/future'
npm warn tar TAR_ENTRY_ERROR ENOENT: no such file or directory, lstat '/mnt/data/pickinvoice/pickinvoice-step4/node_modules/next/dist/server/future'
npm warn tar TAR_ENTRY_ERROR ENOENT: no such file or directory, lstat '/mnt/data/pickinvoice/pickinvoice-step4/node_modules/next/dist/server/future'
npm warn tar TAR_ENTRY_ERROR ENOENT: no such file or directory, lstat '/mnt/data/pickinvoice/pickinvoice-step4/node_modules/next/dist/server/future'
npm warn tar TAR_ENTRY_ERROR ENOENT: no such file or directory, lstat '/mnt/data/pickinvoice/pickinvoice-step4/node_modules/next/dist/server/future'
npm warn tar TAR_ENTRY_ERROR ENOENT: no such file or directory, open '/mnt/data/pickinvoice/pickinvoice-step4/node_modules/next/dist/build/webpack/config/blocks/css/loaders/modules.d.ts'
npm warn tar TAR_ENTRY_ERROR ENOENT: no such file or directory, lstat '/mnt/data/pickinvoice/pickinvoice-step4/node_modules/next/dist/esm/server/lib/squoosh/mozjpeg'
npm warn tar TAR_ENTRY_ERROR ENOENT: no such file or directory, lstat '/mnt/data/pickinvoice/pickinvoice-step4/node_modules/next/dist/server/lib/squoosh/mozjpeg'
npm warn tar TAR_ENTRY_ERROR ENOENT: no such file or directory, lstat '/mnt/data/pickinvoice/pickinvoice-step4/node_modules/next/dist/experimental/testmode/playwright'
npm warn tar TAR_ENTRY_ERROR ENOENT: no such file or directory, lstat '/mnt/data/pickinvoice/pickinvoice-step4/node_modules/next/dist/client/components/router-reducer/reducers'
npm warn tar TAR_ENTRY_ERROR ENOENT: no such file or directory, open '/mnt/data/pickinvoice/pickinvoice-step4/node_modules/next/dist/api/navigation.d.ts'
npm warn tar TAR_ENTRY_ERROR ENOENT: no such file or directory, open '/mnt/data/pickinvoice/pickinvoice-step4/node_modules/next/dist/client/components/navigation.d.ts'
npm warn tar TAR_ENTRY_ERROR ENOENT: no such file or directory, open '/mnt/data/pickinvoice/pickinvoice-step4/node_modules/next/dist/api/navigation.react-server.d.ts'
npm warn tar TAR_ENTRY_ERROR ENOENT: no such file or directory, open '/mnt/data/pickinvoice/pickinvoice-step4/node_modules/next/dist/client/components/navigation.react-server.d.ts'
npm warn tar TAR_ENTRY_ERROR ENOENT: no such file or directory, open '/mnt/data/pickinvoice/pickinvoice-step4/node_modules/next/dist/client/components/navigation.test.d.ts'
npm warn tar TAR_ENTRY_ERROR ENOENT: no such file or directory, open '/mnt/data/pickinvoice/pickinvoice-step4/node_modules/next/dist/lib/needs-experimental-react.d.ts'
npm warn tar TAR_ENTRY_ERROR ENOENT: no such file or directory, lstat '/mnt/data/pickinvoice/pickinvoice-step4/node_modules/next/dist/build/webpack'
npm warn tar TAR_ENTRY_ERROR ENOENT: no such file or directory, lstat '/mnt/data/pickinvoice/pickinvoice-step4/node_modules/next/dist/build/webpack'
npm warn tar TAR_ENTRY_ERROR ENOENT: no such file or directory, lstat '/mnt/data/pickinvoice/pickinvoice-step4/node_modules/next/dist/build/webpack'
npm warn tar TAR_ENTRY_ERROR ENOENT: no such file or directory, open '/mnt/data/pickinvoice/pickinvoice-step4/node_modules/next/dist/server/future/normalizers/request/next-data.d.ts'
npm warn tar TAR_ENTRY_ERROR ENOENT: no such file or directory, open '/mnt/data/pickinvoice/pickinvoice-step4/node_modules/next/dist/server/future/normalizers/request/next-data.test.d.ts'
npm warn tar TAR_ENTRY_ERROR ENOENT: no such file or directory, lstat '/mnt/data/pickinvoice/pickinvoice-step4/node_modules/next/dist/server/dev'
npm warn tar TAR_ENTRY_ERROR ENOENT: no such file or directory, open '/mnt/data/pickinvoice/pickinvoice-step4/node_modules/next/dist/client/next-dev-turbopack.d.ts'
npm warn tar TAR_ENTRY_ERROR ENOENT: no such file or directory, open '/mnt/data/pickinvoice/pickinvoice-step4/node_modules/next/dist/client/next-dev.d.ts'
npm warn tar TAR_ENTRY_ERROR ENOENT: no such file or directory, open '/mnt/data/pickinvoice/pickinvoice-step4/node_modules/next/dist/build/webpack/plugins/next-drop-client-page-plugin.d.ts'
npm warn tar TAR_ENTRY_ERROR ENOENT: no such file or directory, lstat '/mnt/data/pickinvoice/pickinvoice-step4/node_modules/next/dist/build/webpack'
npm warn tar TAR_ENTRY_ERROR ENOENT: no such file or directory, lstat '/mnt/data/pickinvoice/pickinvoice-step4/node_modules/next/dist/build/webpack'
npm warn tar TAR_ENTRY_ERROR ENOENT: no such file or directory, lstat '/mnt/data/pickinvoice/pickinvoice-step4/node_modules/next/dist/experimental/testmode/playwright'
npm warn tar TAR_ENTRY_ERROR ENOENT: no such file or directory, lstat '/mnt/data/pickinvoice/pickinvoice-step4/node_modules/next/dist/build/webpack'
npm warn tar TAR_ENTRY_ERROR ENOENT: no such file or directory, lstat '/mnt/data/pickinvoice/pickinvoice-step4/node_modules/next/dist/build/webpack'
npm warn tar TAR_ENTRY_ERROR ENOENT: no such file or directory, lstat '/mnt/data/pickinvoice/pickinvoice-step4/node_modules/next/dist/build/webpack'
npm warn tar TAR_ENTRY_ERROR ENOENT: no such file or directory, lstat '/mnt/data/pickinvoice/pickinvoice-step4/node_modules/next/dist/build/webpack'
npm warn tar TAR_ENTRY_ERROR ENOENT: no such file or directory, open '/mnt/data/pickinvoice/pickinvoice-step4/node_modules/next/dist/compiled/@next/font/dist/next-font-error.d.ts'
npm warn tar TAR_ENTRY_ERROR ENOENT: no such file or directory, open '/mnt/data/pickinvoice/pickinvoice-step4/node_modules/next/dist/build/webpack/plugins/next-font-manifest-plugin.d.ts'
npm warn tar TAR_ENTRY_ERROR ENOENT: no such file or directory, open '/mnt/data/pickinvoice/pickinvoice-step4/node_modules/next/dist/build/babel/plugins/next-font-unsupported.d.ts'
npm warn tar TAR_ENTRY_ERROR ENOENT: no such file or directory, open '/mnt/data/pickinvoice/pickinvoice-step4/node_modules/next/dist/build/webpack/config/blocks/css/loaders/next-font.d.ts'
npm warn tar TAR_ENTRY_ERROR ENOENT: no such file or directory, lstat '/mnt/data/pickinvoice/pickinvoice-step4/node_modules/next/dist/build/webpack'
npm warn tar TAR_ENTRY_ERROR ENOENT: no such file or directory, lstat '/mnt/data/pickinvoice/pickinvoice-step4/node_modules/next/dist/build/webpack'
npm warn tar TAR_ENTRY_ERROR ENOENT: no such file or directory, lstat '/mnt/data/pickinvoice/pickinvoice-step4/node_modules/next/dist/build/webpack'
npm warn tar TAR_ENTRY_ERROR ENOENT: no such file or directory, lstat '/mnt/data/pickinvoice/pickinvoice-step4/node_modules/next/dist/build/webpack'
npm warn tar TAR_ENTRY_ERROR ENOENT: no such file or directory, lstat '/mnt/data/pickinvoice/pickinvoice-step4/node_modules/next/dist/build/webpack'
npm warn tar TAR_ENTRY_ERROR ENOENT: no such file or directory, lstat '/mnt/data/pickinvoice/pickinvoice-step4/node_modules/next/dist/build/webpack'
npm warn tar TAR_ENTRY_ERROR ENOENT: no such file or directory, lstat '/mnt/data/pickinvoice/pickinvoice-step4/node_modules/next/dist/experimental/testmode/playwright'
npm warn tar TAR_ENTRY_ERROR ENOENT: no such file or directory, open '/mnt/data/pickinvoice/pickinvoice-step4/node_modules/next/dist/build/babel/plugins/next-page-config.d.ts'
npm warn tar TAR_ENTRY_ERROR ENOENT: no such file or directory, open '/mnt/data/pickinvoice/pickinvoice-step4/node_modules/next/dist/build/babel/plugins/next-page-disallow-re-export-all-exports.d.ts'
npm warn tar TAR_ENTRY_ERROR ENOENT: no such file or directory, lstat '/mnt/data/pickinvoice/pickinvoice-step4/node_modules/next/dist/server/web/spec-extension/adapters'
npm warn tar TAR_ENTRY_ERROR ENOENT: no such file or directory, open '/mnt/data/pickinvoice/pickinvoice-step4/node_modules/next/dist/server/next-server.d.ts'
npm warn tar TAR_ENTRY_ERROR ENOENT: no such file or directory, open '/mnt/data/pickinvoice/pickinvoice-step4/node_modules/next/dist/build/babel/plugins/next-ssg-transform.d.ts'
npm warn tar TAR_ENTRY_ERROR ENOENT: no such file or directory, lstat '/mnt/data/pickinvoice/pickinvoice-step4/node_modules/next/dist/build/webpack'
npm warn tar TAR_ENTRY_ERROR ENOENT: no such file or directory, open '/mnt/data/pickinvoice/pickinvoice-step4/node_modules/next/dist/build/webpack/plugins/next-trace-entrypoints-plugin.d.ts'
npm warn tar TAR_ENTRY_ERROR ENOENT: no such file or directory, open '/mnt/data/pickinvoice/pickinvoice-step4/node_modules/next/dist/server/next-typescript.d.ts'
npm warn tar TAR_ENTRY_ERROR ENOENT: no such file or directory, open '/mnt/data/pickinvoice/pickinvoice-step4/node_modules/next/dist/server/web/next-url.d.ts'
npm warn tar TAR_ENTRY_ERROR ENOENT: no such file or directory, lstat '/mnt/data/pickinvoice/pickinvoice-step4/node_modules/next/dist/experimental/testmode/playwright'
npm warn tar TAR_ENTRY_ERROR ENOENT: no such file or directory, open '/mnt/data/pickinvoice/pickinvoice-step4/node_modules/next/dist/bin/next.d.ts'
npm warn tar TAR_ENTRY_ERROR ENOENT: no such file or directory, open '/mnt/data/pickinvoice/pickinvoice-step4/node_modules/next/dist/client/next.d.ts'
npm warn tar TAR_ENTRY_ERROR ENOENT: no such file or directory, open '/mnt/data/pickinvoice/pickinvoice-step4/node_modules/next/dist/server/next.d.ts'
npm warn tar TAR_ENTRY_ERROR ENOENT: no such file or directory, lstat '/mnt/data/pickinvoice/pickinvoice-step4/node_modules/next/dist/build/jest'
npm warn tar TAR_ENTRY_ERROR ENOENT: no such file or directory, open '/mnt/data/pickinvoice/pickinvoice-step4/node_modules/next/dist/build/webpack/plugins/nextjs-require-cache-hot-reloader.d.ts'
npm warn tar TAR_ENTRY_ERROR ENOENT: no such file or directory, open '/mnt/data/pickinvoice/pickinvoice-step4/node_modules/next/dist/server/node-environment.d.ts'
npm warn tar TAR_ENTRY_ERROR ENOENT: no such file or directory, open '/mnt/data/pickinvoice/pickinvoice-step4/node_modules/next/dist/server/lib/node-fs-methods.d.ts'
npm warn tar TAR_ENTRY_ERROR ENOENT: no such file or directory, lstat '/mnt/data/pickinvoice/pickinvoice-step4/node_modules/next/dist/server/future'
npm warn tar TAR_ENTRY_ERROR ENOENT: no such file or directory, lstat '/mnt/data/pickinvoice/pickinvoice-step4/node_modules/next/dist/server/future'
npm warn tar TAR_ENTRY_ERROR ENOENT: no such file or directory, open '/mnt/data/pickinvoice/pickinvoice-step4/node_modules/next/dist/server/node-polyfill-crypto.d.ts'
npm warn tar TAR_ENTRY_ERROR ENOENT: no such file or directory, open '/mnt/data/pickinvoice/pickinvoice-step4/node_modules/next/dist/server/node-polyfill-crypto.test.d.ts'
npm warn tar TAR_ENTRY_ERROR ENOENT: no such file or directory, lstat '/mnt/data/pickinvoice/pickinvoice-step4/node_modules/next/dist/server/stream-utils'
npm warn tar TAR_ENTRY_ERROR ENOENT: no such file or directory, lstat '/mnt/data/pickinvoice/pickinvoice-step4/node_modules/next/dist/server/base-http'
npm warn tar TAR_ENTRY_ERROR ENOENT: no such file or directory, lstat '/mnt/data/pickinvoice/pickinvoice-step4/node_modules/next/dist/client/components/react-dev-overlay'
npm warn tar TAR_ENTRY_ERROR ENOENT: no such file or directory, open '/mnt/data/pickinvoice/pickinvoice-step4/node_modules/next/dist/lib/non-nullable.d.ts'
npm warn tar TAR_ENTRY_ERROR ENOENT: no such file or directory, open '/mnt/data/pickinvoice/pickinvoice-step4/node_modules/next/dist/client/components/noop-head.d.ts'
npm warn tar TAR_ENTRY_ERROR ENOENT: no such file or directory, lstat '/mnt/data/pickinvoice/pickinvoice-step4/node_modules/next/dist/client/components/react-dev-overlay'
npm warn tar TAR_ENTRY_ERROR ENOENT: no such file or directory, open '/mnt/data/pickinvoice/pickinvoice-step4/node_modules/next/dist/client/dev/noop-turbopack-hmr.d.ts'
npm warn tar TAR_ENTRY_ERROR ENOENT: no such file or directory, open '/mnt/data/pickinvoice/pickinvoice-step4/node_modules/next/dist/build/normalize-catchall-routes.d.ts'
npm warn tar TAR_ENTRY_ERROR ENOENT: no such file or directory, open '/mnt/data/pickinvoice/pickinvoice-step4/node_modules/next/dist/build/normalize-catchall-routes.test.d.ts'
npm warn tar TAR_ENTRY_ERROR ENOENT: no such file or directory, open '/mnt/data/pickinvoice/pickinvoice-step4/node_modules/next/dist/client/normalize-locale-path.d.ts'
npm warn tar TAR_ENTRY_ERROR ENOENT: no such file or directory, lstat '/mnt/data/pickinvoice/pickinvoice-step4/node_modules/next/dist/shared/lib/i18n'
npm warn tar TAR_ENTRY_ERROR ENOENT: no such file or directory, open '/mnt/data/pickinvoice/pickinvoice-step4/node_modules/next/dist/shared/lib/page-path/normalize-page-path.d.ts'
npm warn tar TAR_ENTRY_ERROR ENOENT: no such file or directory, open '/mnt/data/pickinvoice/pickinvoice-step4/node_modules/next/dist/shared/lib/page-path/normalize-path-sep.d.ts'
npm warn tar TAR_ENTRY_ERROR ENOENT: no such file or directory, open '/mnt/data/pickinvoice/pickinvoice-step4/node_modules/next/dist/client/normalize-trailing-slash.d.ts'
npm warn tar TAR_ENTRY_ERROR ENOENT: no such file or directory, open '/mnt/data/pickinvoice/pickinvoice-step4/node_modules/next/dist/shared/lib/normalized-asset-prefix.d.ts'
npm warn tar TAR_ENTRY_ERROR ENOENT: no such file or directory, open '/mnt/data/pickinvoice/pickinvoice-step4/node_modules/next/dist/shared/lib/normalized-asset-prefix.test.d.ts'
npm warn tar TAR_ENTRY_ERROR ENOENT: no such file or directory, open '/mnt/data/pickinvoice/pickinvoice-step4/node_modules/next/dist/server/future/normalizers/normalizer.d.ts'
npm warn tar TAR_ENTRY_ERROR ENOENT: no such file or directory, open '/mnt/data/pickinvoice/pickinvoice-step4/node_modules/next/dist/server/future/normalizers/normalizers.d.ts'
npm warn tar TAR_ENTRY_ERROR ENOENT: no such file or directory, open '/mnt/data/pickinvoice/pickinvoice-step4/node_modules/next/dist/client/components/not-found-boundary.d.ts'
npm warn tar TAR_ENTRY_ERROR ENOENT: no such file or directory, open '/mnt/data/pickinvoice/pickinvoice-step4/node_modules/next/dist/client/components/not-found-error.d.ts'
npm warn tar TAR_ENTRY_ERROR ENOENT: no such file or directory, open '/mnt/data/pickinvoice/pickinvoice-step4/node_modules/next/dist/client/components/not-found.d.ts'
npm warn tar TAR_ENTRY_ERROR ENOENT: no such file or directory, lstat '/mnt/data/pickinvoice/pickinvoice-step4/node_modules/next/dist/build/polyfills'
npm warn tar TAR_ENTRY_ERROR ENOENT: no such file or directory, lstat '/mnt/data/pickinvoice/pickinvoice-step4/node_modules/next/dist/build/jest'
npm warn tar TAR_ENTRY_ERROR ENOENT: no such file or directory, open '/mnt/data/pickinvoice/pickinvoice-step4/node_modules/next/dist/api/og.d.ts'
npm warn tar TAR_ENTRY_ERROR ENOENT: no such file or directory, open '/mnt/data/pickinvoice/pickinvoice-step4/node_modules/next/dist/compiled/@vercel/og/og.d.ts'
npm warn tar TAR_ENTRY_ERROR ENOENT: no such file or directory, open '/mnt/data/pickinvoice/pickinvoice-step4/node_modules/next/dist/shared/lib/router/utils/omit.d.ts'
npm warn tar TAR_ENTRY_ERROR ENOENT: no such file or directory, open '/mnt/data/pickinvoice/pickinvoice-step4/node_modules/next/dist/client/dev/on-demand-entries-client.d.ts'
npm warn tar TAR_ENTRY_ERROR ENOENT: no such file or directory, lstat '/mnt/data/pickinvoice/pickinvoice-step4/node_modules/next/dist/server/dev'
npm warn tar TAR_ENTRY_ERROR ENOENT: no such file or directory, open '/mnt/data/pickinvoice/pickinvoice-step4/node_modules/next/dist/client/on-recoverable-error.d.ts'
npm warn tar TAR_ENTRY_ERROR ENOENT: no such file or directory, open '/mnt/data/pickinvoice/pickinvoice-step4/node_modules/next/dist/lib/metadata/types/opengraph-types.d.ts'
npm warn tar TAR_ENTRY_ERROR ENOENT: no such file or directory, open '/mnt/data/pickinvoice/pickinvoice-step4/node_modules/next/dist/lib/metadata/generate/opengraph.d.ts'
npm warn tar TAR_ENTRY_ERROR ENOENT: no such file or directory, open '/mnt/data/pickinvoice/pickinvoice-step4/node_modules/next/dist/server/optimize-amp.d.ts'
npm warn tar TAR_ENTRY_ERROR ENOENT: no such file or directory, open '/mnt/data/pickinvoice/pickinvoice-step4/node_modules/next/dist/build/babel/plugins/optimize-hook-destructuring.d.ts'
npm warn tar TAR_ENTRY_ERROR ENOENT: no such file or directory, open '/mnt/data/pickinvoice/pickinvoice-step4/node_modules/next/dist/build/webpack/plugins/optional-peer-dependency-resolve-plugin.d.ts'
npm warn tar TAR_ENTRY_ERROR ENOENT: no such file or directory, lstat '/mnt/data/pickinvoice/pickinvoice-step4/node_modules/next/dist/build/swc'
npm warn tar TAR_ENTRY_ERROR ENOENT: no such file or directory, open '/mnt/data/pickinvoice/pickinvoice-step4/node_modules/next/dist/client/components/react-dev-overlay/internal/components/Overlay/Overlay.d.ts'
npm warn tar TAR_ENTRY_ERROR ENOENT: no such file or directory, open '/mnt/data/pickinvoice/pickinvoice-step4/node_modules/next/dist/lib/oxford-comma-list.d.ts'
npm warn tar TAR_ENTRY_ERROR ENOENT: no such file or directory, open '/mnt/data/pickinvoice/pickinvoice-step4/node_modules/next/dist/client/page-bootstrap.d.ts'
npm warn tar TAR_ENTRY_ERROR ENOENT: no such file or directory, open '/mnt/data/pickinvoice/pickinvoice-step4/node_modules/next/dist/build/page-extensions-type.d.ts'
npm warn tar TAR_ENTRY_ERROR ENOENT: no such file or directory, open '/mnt/data/pickinvoice/pickinvoice-step4/node_modules/next/dist/client/page-loader.d.ts'
npm warn tar TAR_ENTRY_ERROR ENOENT: no such file or directory, lstat '/mnt/data/pickinvoice/pickinvoice-step4/node_modules/next/dist/experimental/testmode/playwright'
npm warn tar TAR_ENTRY_ERROR ENOENT: no such file or directory, open '/mnt/data/pickinvoice/pickinvoice-step4/node_modules/next/dist/lib/page-types.d.ts'
npm warn tar TAR_ENTRY_ERROR ENOENT: no such file or directory, open '/mnt/data/pickinvoice/pickinvoice-step4/node_modules/next/dist/server/future/route-definitions/pages-api-route-definition.d.ts'
npm warn tar TAR_ENTRY_ERROR ENOENT: no such file or directory, open '/mnt/data/pickinvoice/pickinvoice-step4/node_modules/next/dist/server/future/route-matches/pages-api-route-match.d.ts'
npm warn tar TAR_ENTRY_ERROR ENOENT: no such file or directory, open '/mnt/data/pickinvoice/pickinvoice-step4/node_modules/next/dist/server/future/route-matcher-providers/pages-api-route-matcher-provider.d.ts'
npm warn tar TAR_ENTRY_ERROR ENOENT: no such file or directory, open '/mnt/data/pickinvoice/pickinvoice-step4/node_modules/next/dist/server/future/route-matcher-providers/pages-api-route-matcher-provider.test.d.ts'
npm warn tar TAR_ENTRY_ERROR ENOENT: no such file or directory, open '/mnt/data/pickinvoice/pickinvoice-step4/node_modules/next/dist/server/future/route-matchers/pages-api-route-matcher.d.ts'
npm warn tar TAR_ENTRY_ERROR ENOENT: no such file or directory, open '/mnt/data/pickinvoice/pickinvoice-step4/node_modules/next/dist/build/templates/pages-api.d.ts'
npm warn tar TAR_ENTRY_ERROR ENOENT: no such file or directory, lstat '/mnt/data/pickinvoice/pickinvoice-step4/node_modules/next/dist/server/future'
npm warn tar TAR_ENTRY_ERROR ENOENT: no such file or directory, open '/mnt/data/pickinvoice/pickinvoice-step4/node_modules/next/dist/build/templates/pages-edge-api.d.ts'
npm warn tar TAR_ENTRY_ERROR ENOENT: no such file or directory, lstat '/mnt/data/pickinvoice/pickinvoice-step4/node_modules/next/dist/server/future'
npm warn tar TAR_ENTRY_ERROR ENOENT: no such file or directory, open '/mnt/data/pickinvoice/pickinvoice-step4/node_modules/next/dist/build/webpack/plugins/pages-manifest-plugin.d.ts'
npm warn tar TAR_ENTRY_ERROR ENOENT: no such file or directory, lstat '/mnt/data/pickinvoice/pickinvoice-step4/node_modules/next/dist/server/future'
npm warn tar TAR_ENTRY_ERROR ENOENT: no such file or directory, lstat '/mnt/data/pickinvoice/pickinvoice-step4/node_modules/next/dist/server/future'
npm warn tar TAR_ENTRY_ERROR ENOENT: no such file or directory, open '/mnt/data/pickinvoice/pickinvoice-step4/node_modules/next/dist/server/future/route-definitions/pages-route-definition.d.ts'
npm warn tar TAR_ENTRY_ERROR ENOENT: no such file or directory, open '/mnt/data/pickinvoice/pickinvoice-step4/node_modules/next/dist/server/future/route-matches/pages-route-match.d.ts'
npm warn tar TAR_ENTRY_ERROR ENOENT: no such file or directory, open '/mnt/data/pickinvoice/pickinvoice-step4/node_modules/next/dist/server/future/route-matcher-providers/pages-route-matcher-provider.d.ts'
npm warn tar TAR_ENTRY_ERROR ENOENT: no such file or directory, open '/mnt/data/pickinvoice/pickinvoice-step4/node_modules/next/dist/server/future/route-matcher-providers/pages-route-matcher-provider.test.d.ts'
npm warn tar TAR_ENTRY_ERROR ENOENT: no such file or directory, open '/mnt/data/pickinvoice/pickinvoice-step4/node_modules/next/dist/server/future/route-matchers/pages-route-matcher.d.ts'
npm warn tar TAR_ENTRY_ERROR ENOENT: no such file or directory, open '/mnt/data/pickinvoice/pickinvoice-step4/node_modules/next/dist/build/templates/pages.d.ts'
npm warn tar TAR_ENTRY_ERROR ENOENT: no such file or directory, open '/mnt/data/pickinvoice/pickinvoice-step4/node_modules/next/dist/export/routes/pages.d.ts'
npm warn tar TAR_ENTRY_ERROR ENOENT: no such file or directory, open '/mnt/data/pickinvoice/pickinvoice-step4/node_modules/next/dist/client/components/parallel-route-default.d.ts'
npm warn tar TAR_ENTRY_ERROR ENOENT: no such file or directory, open '/mnt/data/pickinvoice/pickinvoice-step4/node_modules/next/dist/server/app-render/parse-and-validate-flight-router-state.d.ts'
npm warn tar TAR_ENTRY_ERROR ENOENT: no such file or directory, open '/mnt/data/pickinvoice/pickinvoice-step4/node_modules/next/dist/server/api-utils/node/parse-body.d.ts'
npm warn tar TAR_ENTRY_ERROR ENOENT: no such file or directory, lstat '/mnt/data/pickinvoice/pickinvoice-step4/node_modules/next/dist/client/components/react-dev-overlay'
npm warn tar TAR_ENTRY_ERROR ENOENT: no such file or directory, lstat '/mnt/data/pickinvoice/pickinvoice-step4/node_modules/next/dist/build/webpack'
npm warn tar TAR_ENTRY_ERROR ENOENT: no such file or directory, open '/mnt/data/pickinvoice/pickinvoice-step4/node_modules/next/dist/server/app-render/parse-loader-tree.d.ts'
npm warn tar TAR_ENTRY_ERROR ENOENT: no such file or directory, lstat '/mnt/data/pickinvoice/pickinvoice-step4/node_modules/next/dist/build/analysis'
npm warn tar TAR_ENTRY_ERROR ENOENT: no such file or directory, open '/mnt/data/pickinvoice/pickinvoice-step4/node_modules/next/dist/shared/lib/router/utils/parse-path.d.ts'
npm warn tar TAR_ENTRY_ERROR ENOENT: no such file or directory, open '/mnt/data/pickinvoice/pickinvoice-step4/node_modules/next/dist/shared/lib/router/utils/parse-relative-url.d.ts'
npm warn tar TAR_ENTRY_ERROR ENOENT: no such file or directory, open '/mnt/data/pickinvoice/pickinvoice-step4/node_modules/next/dist/shared/lib/router/utils/parse-url.d.ts'
npm warn tar TAR_ENTRY_ERROR ENOENT: no such file or directory, lstat '/mnt/data/pickinvoice/pickinvoice-step4/node_modules/next/dist/server/dev'
npm warn tar TAR_ENTRY_ERROR ENOENT: no such file or directory, lstat '/mnt/data/pickinvoice/pickinvoice-step4/node_modules/next/dist/server/dev'
npm warn tar TAR_ENTRY_ERROR ENOENT: no such file or directory, lstat '/mnt/data/pickinvoice/pickinvoice-step4/node_modules/next/dist/build/webpack'
npm warn tar TAR_ENTRY_ERROR ENOENT: no such file or directory, lstat '/mnt/data/pickinvoice/pickinvoice-step4/node_modules/next/dist/build/webpack'
npm warn tar TAR_ENTRY_ERROR ENOENT: no such file or directory, open '/mnt/data/pickinvoice/pickinvoice-step4/node_modules/next/dist/server/future/route-modules/app-route/helpers/parsed-url-query-to-params.d.ts'
npm warn tar TAR_ENTRY_ERROR ENOENT: no such file or directory, lstat '/mnt/data/pickinvoice/pickinvoice-step4/node_modules/next/dist/build/webpack'
npm warn tar TAR_ENTRY_ERROR ENOENT: no such file or directory, lstat '/mnt/data/pickinvoice/pickinvoice-step4/node_modules/next/dist/build/webpack'
npm warn tar TAR_ENTRY_ERROR ENOENT: no such file or directory, lstat '/mnt/data/pickinvoice/pickinvoice-step4/node_modules/next/dist/build/webpack'
npm warn tar TAR_ENTRY_ERROR ENOENT: no such file or directory, lstat '/mnt/data/pickinvoice/pickinvoice-step4/node_modules/next/dist/build/webpack'
npm warn tar TAR_ENTRY_ERROR ENOENT: no such file or directory, lstat '/mnt/data/pickinvoice/pickinvoice-step4/node_modules/next/dist/build/webpack'
npm warn tar TAR_ENTRY_ERROR ENOENT: no such file or directory, lstat '/mnt/data/pickinvoice/pickinvoice-step4/node_modules/next/dist/build/webpack'
npm warn tar TAR_ENTRY_ERROR ENOENT: no such file or directory, lstat '/mnt/data/pickinvoice/pickinvoice-step4/node_modules/next/dist/client/components/react-dev-overlay'
npm warn tar TAR_ENTRY_ERROR ENOENT: no such file or directory, open '/mnt/data/pickinvoice/pickinvoice-step4/node_modules/next/dist/server/lib/patch-fetch.d.ts'
npm warn tar TAR_ENTRY_ERROR ENOENT: no such file or directory, open '/mnt/data/pickinvoice/pickinvoice-step4/node_modules/next/dist/lib/patch-incorrect-lockfile.d.ts'
npm warn tar TAR_ENTRY_ERROR ENOENT: no such file or directory, open '/mnt/data/pickinvoice/pickinvoice-step4/node_modules/next/dist/shared/lib/router/utils/path-has-prefix.d.ts'
npm warn tar TAR_ENTRY_ERROR ENOENT: no such file or directory, open '/mnt/data/pickinvoice/pickinvoice-step4/node_modules/next/dist/shared/lib/router/utils/path-match.d.ts'
npm warn tar TAR_ENTRY_ERROR ENOENT: no such file or directory, lstat '/mnt/data/pickinvoice/pickinvoice-step4/node_modules/next/dist/esm/shared/lib/isomorphic'
npm warn tar TAR_ENTRY_ERROR ENOENT: no such file or directory, lstat '/mnt/data/pickinvoice/pickinvoice-step4/node_modules/next/dist/shared/lib/isomorphic'
npm warn tar TAR_ENTRY_ERROR ENOENT: no such file or directory, open '/mnt/data/pickinvoice/pickinvoice-step4/node_modules/next/dist/server/future/normalizers/request/pathname-normalizer.d.ts'
npm warn tar TAR_ENTRY_ERROR ENOENT: no such file or directory, open '/mnt/data/pickinvoice/pickinvoice-step4/node_modules/next/dist/client/performance-relayer-app.d.ts'
npm warn tar TAR_ENTRY_ERROR ENOENT: no such file or directory, open '/mnt/data/pickinvoice/pickinvoice-step4/node_modules/next/dist/client/performance-relayer.d.ts'
npm warn tar TAR_ENTRY_ERROR ENOENT: no such file or directory, lstat '/mnt/data/pickinvoice/pickinvoice-step4/node_modules/next/dist/compiled/@next/font/dist/local'
npm warn tar TAR_ENTRY_ERROR ENOENT: no such file or directory, lstat '/mnt/data/pickinvoice/pickinvoice-step4/node_modules/next/dist/compiled/@next/font/dist/local'
npm warn tar TAR_ENTRY_ERROR ENOENT: no such file or directory, open '/mnt/data/pickinvoice/pickinvoice-step4/node_modules/next/dist/lib/pick.d.ts'
npm warn tar TAR_ENTRY_ERROR ENOENT: no such file or directory, open '/mnt/data/pickinvoice/pickinvoice-step4/node_modules/next/dist/lib/picocolors.d.ts'
npm warn tar TAR_ENTRY_ERROR ENOENT: no such file or directory, open '/mnt/data/pickinvoice/pickinvoice-step4/node_modules/next/dist/server/pipe-readable.d.ts'
npm warn tar TAR_ENTRY_ERROR ENOENT: no such file or directory, lstat '/mnt/data/pickinvoice/pickinvoice-step4/node_modules/next/dist/build/webpack'
npm warn tar TAR_ENTRY_ERROR ENOENT: no such file or directory, open '/mnt/data/pickinvoice/pickinvoice-step4/node_modules/next/dist/telemetry/events/plugins.d.ts'
npm warn tar TAR_ENTRY_ERROR ENOENT: no such file or directory, open '/mnt/data/pickinvoice/pickinvoice-step4/node_modules/next/dist/build/polyfills/object.assign/polyfill.d.ts'
npm warn tar TAR_ENTRY_ERROR ENOENT: no such file or directory, open '/mnt/data/pickinvoice/pickinvoice-step4/node_modules/next/dist/telemetry/post-payload.d.ts'
npm warn tar TAR_ENTRY_ERROR ENOENT: no such file or directory, open '/mnt/data/pickinvoice/pickinvoice-step4/node_modules/next/dist/server/post-process.d.ts'
npm warn tar TAR_ENTRY_ERROR ENOENT: no such file or directory, lstat '/mnt/data/pickinvoice/pickinvoice-step4/node_modules/next/dist/build/webpack'
npm warn tar TAR_ENTRY_ERROR ENOENT: no such file or directory, lstat '/mnt/data/pickinvoice/pickinvoice-step4/node_modules/next/dist/build/webpack'
npm warn tar TAR_ENTRY_ERROR ENOENT: no such file or directory, lstat '/mnt/data/pickinvoice/pickinvoice-step4/node_modules/next/dist/build/webpack'
npm warn tar TAR_ENTRY_ERROR ENOENT: no such file or directory, lstat '/mnt/data/pickinvoice/pickinvoice-step4/node_modules/next/dist/build/webpack'
npm warn tar TAR_ENTRY_ERROR ENOENT: no such file or directory, lstat '/mnt/data/pickinvoice/pickinvoice-step4/node_modules/next/dist/build/webpack'
npm warn tar TAR_ENTRY_ERROR ENOENT: no such file or directory, lstat '/mnt/data/pickinvoice/pickinvoice-step4/node_modules/next/dist/server/app-render/rsc'
npm warn tar TAR_ENTRY_ERROR ENOENT: no such file or directory, open '/mnt/data/pickinvoice/pickinvoice-step4/node_modules/next/dist/server/future/normalizers/request/postponed.d.ts'
npm warn tar TAR_ENTRY_ERROR ENOENT: no such file or directory, open '/mnt/data/pickinvoice/pickinvoice-step4/node_modules/next/dist/server/future/normalizers/request/postponed.test.d.ts'
npm warn tar TAR_ENTRY_ERROR ENOENT: no such file or directory, open '/mnt/data/pickinvoice/pickinvoice-step4/node_modules/next/dist/client/components/router-reducer/ppr-navigations.d.ts'
npm warn tar TAR_ENTRY_ERROR ENOENT: no such file or directory, open '/mnt/data/pickinvoice/pickinvoice-step4/node_modules/next/dist/client/components/router-reducer/prefetch-cache-utils.d.ts'
npm warn tar TAR_ENTRY_ERROR ENOENT: no such file or directory, lstat '/mnt/data/pickinvoice/pickinvoice-step4/node_modules/next/dist/client/components/router-reducer/reducers'
npm warn tar TAR_ENTRY_ERROR ENOENT: no such file or directory, open '/mnt/data/pickinvoice/pickinvoice-step4/node_modules/next/dist/server/future/normalizers/request/prefetch-rsc.d.ts'
npm warn tar TAR_ENTRY_ERROR ENOENT: no such file or directory, open '/mnt/data/pickinvoice/pickinvoice-step4/node_modules/next/dist/server/future/normalizers/request/prefix.d.ts'
npm warn tar TAR_ENTRY_ERROR ENOENT: no such file or directory, open '/mnt/data/pickinvoice/pickinvoice-step4/node_modules/next/dist/server/future/normalizers/request/prefix.test.d.ts'
npm warn tar TAR_ENTRY_ERROR ENOENT: no such file or directory, open '/mnt/data/pickinvoice/pickinvoice-step4/node_modules/next/dist/server/future/normalizers/prefixing-normalizer.d.ts'
npm warn tar TAR_ENTRY_ERROR ENOENT: no such file or directory, open '/mnt/data/pickinvoice/pickinvoice-step4/node_modules/next/dist/shared/lib/lazy-dynamic/preload-css.d.ts'
npm warn tar TAR_ENTRY_ERROR ENOENT: no such file or directory, lstat '/mnt/data/pickinvoice/pickinvoice-step4/node_modules/next/dist/server/app-render/rsc'
npm warn tar TAR_ENTRY_ERROR ENOENT: no such file or directory, open '/mnt/data/pickinvoice/pickinvoice-step4/node_modules/next/dist/shared/lib/router/utils/prepare-destination.d.ts'
npm warn tar TAR_ENTRY_ERROR ENOENT: no such file or directory, lstat '/mnt/data/pickinvoice/pickinvoice-step4/node_modules/next/dist/build/babel'
npm warn tar TAR_ENTRY_ERROR ENOENT: no such file or directory, open '/mnt/data/pickinvoice/pickinvoice-step4/node_modules/next/dist/lib/pretty-bytes.d.ts'
npm warn tar TAR_ENTRY_ERROR ENOENT: no such file or directory, lstat '/mnt/data/pickinvoice/pickinvoice-step4/node_modules/next/dist/build/polyfills'
npm warn tar TAR_ENTRY_ERROR ENOENT: no such file or directory, open '/mnt/data/pickinvoice/pickinvoice-step4/node_modules/next/dist/build/webpack/plugins/profiling-plugin.d.ts'
npm warn tar TAR_ENTRY_ERROR ENOENT: no such file or directory, open '/mnt/data/pickinvoice/pickinvoice-step4/node_modules/next/dist/build/progress.d.ts'
npm warn tar TAR_ENTRY_ERROR ENOENT: no such file or directory, open '/mnt/data/pickinvoice/pickinvoice-step4/node_modules/next/dist/telemetry/project-id.d.ts'
npm warn tar TAR_ENTRY_ERROR ENOENT: no such file or directory, open '/mnt/data/pickinvoice/pickinvoice-step4/node_modules/next/dist/client/components/promise-queue.d.ts'
npm warn tar TAR_ENTRY_ERROR ENOENT: no such file or directory, open '/mnt/data/pickinvoice/pickinvoice-step4/node_modules/next/dist/client/components/promise-queue.test.d.ts'
npm warn tar TAR_ENTRY_ERROR ENOENT: no such file or directory, open '/mnt/data/pickinvoice/pickinvoice-step4/node_modules/next/dist/server/lib/router-utils/proxy-request.d.ts'
npm warn tar TAR_ENTRY_ERROR ENOENT: no such file or directory, open '/mnt/data/pickinvoice/pickinvoice-step4/node_modules/next/dist/shared/lib/router/utils/querystring.d.ts'
npm warn tar TAR_ENTRY_ERROR ENOENT: no such file or directory, lstat '/mnt/data/pickinvoice/pickinvoice-step4/node_modules/next/dist/server/future'
npm warn tar TAR_ENTRY_ERROR ENOENT: no such file or directory, lstat '/mnt/data/pickinvoice/pickinvoice-step4/node_modules/next/dist/server/future'
npm warn tar TAR_ENTRY_ERROR ENOENT: no such file or directory, lstat '/mnt/data/pickinvoice/pickinvoice-step4/node_modules/next/dist/server/future'
npm warn tar TAR_ENTRY_ERROR ENOENT: no such file or directory, lstat '/mnt/data/pickinvoice/pickinvoice-step4/node_modules/next/dist/server/future'
npm warn tar TAR_ENTRY_ERROR ENOENT: no such file or directory, lstat '/mnt/data/pickinvoice/pickinvoice-step4/node_modules/next/dist/server/future'
npm warn tar TAR_ENTRY_ERROR ENOENT: no such file or directory, lstat '/mnt/data/pickinvoice/pickinvoice-step4/node_modules/next/dist/server/future'
npm warn tar TAR_ENTRY_ERROR ENOENT: no such file or directory, lstat '/mnt/data/pickinvoice/pickinvoice-step4/node_modules/next/dist/server/future'
npm warn tar TAR_ENTRY_ERROR ENOENT: no such file or directory, open '/mnt/data/pickinvoice/pickinvoice-step4/node_modules/next/dist/build/babel/plugins/react-loadable-plugin.d.ts'
npm warn tar TAR_ENTRY_ERROR ENOENT: no such file or directory, open '/mnt/data/pickinvoice/pickinvoice-step4/node_modules/next/dist/build/webpack/plugins/react-loadable-plugin.d.ts'
npm warn tar TAR_ENTRY_ERROR ENOENT: no such file or directory, lstat '/mnt/data/pickinvoice/pickinvoice-step4/node_modules/next/dist/server/future'
npm warn tar TAR_ENTRY_ERROR ENOENT: no such file or directory, lstat '/mnt/data/pickinvoice/pickinvoice-step4/node_modules/next/dist/server/future'
npm warn tar TAR_ENTRY_ERROR ENOENT: no such file or directory, lstat '/mnt/data/pickinvoice/pickinvoice-step4/node_modules/next/dist/server/future'
npm warn tar TAR_ENTRY_ERROR ENOENT: no such file or directory, lstat '/mnt/data/pickinvoice/pickinvoice-step4/node_modules/next/dist/server/future'
npm warn tar TAR_ENTRY_ERROR ENOENT: no such file or directory, lstat '/mnt/data/pickinvoice/pickinvoice-step4/node_modules/next/dist/server/future'
npm warn tar TAR_ENTRY_ERROR ENOENT: no such file or directory, lstat '/mnt/data/pickinvoice/pickinvoice-step4/node_modules/next/dist/server/future'
npm warn tar TAR_ENTRY_ERROR ENOENT: no such file or directory, open '/mnt/data/pickinvoice/pickinvoice-step4/node_modules/next/dist/server/app-render/react-server.node.d.ts'
npm warn tar TAR_ENTRY_ERROR ENOENT: no such file or directory, lstat '/mnt/data/pickinvoice/pickinvoice-step4/node_modules/next/dist/server/future'
npm warn tar TAR_ENTRY_ERROR ENOENT: no such file or directory, lstat '/mnt/data/pickinvoice/pickinvoice-step4/node_modules/next/dist/server/future'
npm warn tar TAR_ENTRY_ERROR ENOENT: no such file or directory, lstat '/mnt/data/pickinvoice/pickinvoice-step4/node_modules/next/dist/client/components/react-dev-overlay'
npm warn tar TAR_ENTRY_ERROR ENOENT: no such file or directory, open '/mnt/data/pickinvoice/pickinvoice-step4/node_modules/next/dist/client/components/react-dev-overlay/pages/ReactDevOverlay.d.ts'
npm warn tar TAR_ENTRY_ERROR ENOENT: no such file or directory, open '/mnt/data/pickinvoice/pickinvoice-step4/node_modules/next/dist/lib/realpath.d.ts'
npm warn tar TAR_ENTRY_ERROR ENOENT: no such file or directory, open '/mnt/data/pickinvoice/pickinvoice-step4/node_modules/next/dist/lib/recursive-copy.d.ts'
npm warn tar TAR_ENTRY_ERROR ENOENT: no such file or directory, open '/mnt/data/pickinvoice/pickinvoice-step4/node_modules/next/dist/lib/recursive-delete.d.ts'
npm warn tar TAR_ENTRY_ERROR ENOENT: no such file or directory, open '/mnt/data/pickinvoice/pickinvoice-step4/node_modules/next/dist/lib/recursive-readdir.d.ts'
npm warn tar TAR_ENTRY_ERROR ENOENT: no such file or directory, open '/mnt/data/pickinvoice/pickinvoice-step4/node_modules/next/dist/client/components/redirect-boundary.d.ts'
npm warn tar TAR_ENTRY_ERROR ENOENT: no such file or directory, open '/mnt/data/pickinvoice/pickinvoice-step4/node_modules/next/dist/client/components/redirect-status-code.d.ts'
npm warn tar TAR_ENTRY_ERROR ENOENT: no such file or directory, open '/mnt/data/pickinvoice/pickinvoice-step4/node_modules/next/dist/lib/redirect-status.d.ts'
npm warn tar TAR_ENTRY_ERROR ENOENT: no such file or directory, open '/mnt/data/pickinvoice/pickinvoice-step4/node_modules/next/dist/client/components/redirect.d.ts'
npm warn tar TAR_ENTRY_ERROR ENOENT: no such file or directory, open '/mnt/data/pickinvoice/pickinvoice-step4/node_modules/next/dist/client/components/redirect.test.d.ts'
npm warn tar TAR_ENTRY_ERROR ENOENT: no such file or directory, open '/mnt/data/pickinvoice/pickinvoice-step4/node_modules/next/dist/client/components/router-reducer/refetch-inactive-parallel-segments.d.ts'
npm warn tar TAR_ENTRY_ERROR ENOENT: no such file or directory, lstat '/mnt/data/pickinvoice/pickinvoice-step4/node_modules/next/dist/server/web/spec-extension/adapters'
npm warn tar TAR_ENTRY_ERROR ENOENT: no such file or directory, lstat '/mnt/data/pickinvoice/pickinvoice-step4/node_modules/next/dist/client/components/router-reducer/reducers'
npm warn tar TAR_ENTRY_ERROR ENOENT: no such file or directory, open '/mnt/data/pickinvoice/pickinvoice-step4/node_modules/next/dist/shared/lib/router/utils/relativize-url.d.ts'
npm warn tar TAR_ENTRY_ERROR ENOENT: no such file or directory, open '/mnt/data/pickinvoice/pickinvoice-step4/node_modules/next/dist/client/remove-base-path.d.ts'
npm warn tar TAR_ENTRY_ERROR ENOENT: no such file or directory, open '/mnt/data/pickinvoice/pickinvoice-step4/node_modules/next/dist/client/remove-locale.d.ts'
npm warn tar TAR_ENTRY_ERROR ENOENT: no such file or directory, open '/mnt/data/pickinvoice/pickinvoice-step4/node_modules/next/dist/shared/lib/page-path/remove-page-path-tail.d.ts'
npm warn tar TAR_ENTRY_ERROR ENOENT: no such file or directory, open '/mnt/data/pickinvoice/pickinvoice-step4/node_modules/next/dist/shared/lib/router/utils/remove-path-prefix.d.ts'
npm warn tar TAR_ENTRY_ERROR ENOENT: no such file or directory, open '/mnt/data/pickinvoice/pickinvoice-step4/node_modules/next/dist/shared/lib/router/utils/remove-trailing-slash.d.ts'
npm warn tar TAR_ENTRY_ERROR ENOENT: no such file or directory, lstat '/mnt/data/pickinvoice/pickinvoice-step4/node_modules/next/dist/lib/fs'
npm warn tar TAR_ENTRY_ERROR ENOENT: no such file or directory, open '/mnt/data/pickinvoice/pickinvoice-step4/node_modules/next/dist/client/components/render-from-template-context.d.ts'
npm warn tar TAR_ENTRY_ERROR ENOENT: no such file or directory, open '/mnt/data/pickinvoice/pickinvoice-step4/node_modules/next/dist/server/render-result.d.ts'
npm warn tar TAR_ENTRY_ERROR ENOENT: no such file or directory, open '/mnt/data/pickinvoice/pickinvoice-step4/node_modules/next/dist/server/lib/render-server.d.ts'
npm warn tar TAR_ENTRY_ERROR ENOENT: no such file or directory, open '/mnt/data/pickinvoice/pickinvoice-step4/node_modules/next/dist/server/app-render/render-to-string.d.ts'
npm warn tar TAR_ENTRY_ERROR ENOENT: no such file or directory, lstat '/mnt/data/pickinvoice/pickinvoice-step4/node_modules/next/dist/build/webpack'
npm warn tar TAR_ENTRY_ERROR ENOENT: no such file or directory, open '/mnt/data/pickinvoice/pickinvoice-step4/node_modules/next/dist/server/render.d.ts'
npm warn tar TAR_ENTRY_ERROR ENOENT: no such file or directory, lstat '/mnt/data/pickinvoice/pickinvoice-step4/node_modules/next/dist/client/tracing'
npm warn tar TAR_ENTRY_ERROR ENOENT: no such file or directory, lstat '/mnt/data/pickinvoice/pickinvoice-step4/node_modules/next/dist/experimental/testmode/playwright'
npm warn tar TAR_ENTRY_ERROR ENOENT: no such file or directory, open '/mnt/data/pickinvoice/pickinvoice-step4/node_modules/next/dist/client/components/request-async-storage-instance.d.ts'
npm warn tar TAR_ENTRY_ERROR ENOENT: no such file or directory, open '/mnt/data/pickinvoice/pickinvoice-step4/node_modules/next/dist/server/async-storage/request-async-storage-wrapper.d.ts'
npm warn tar TAR_ENTRY_ERROR ENOENT: no such file or directory, open '/mnt/data/pickinvoice/pickinvoice-step4/node_modules/next/dist/client/components/request-async-storage.external.d.ts'
npm warn tar TAR_ENTRY_ERROR ENOENT: no such file or directory, lstat '/mnt/data/pickinvoice/pickinvoice-step4/node_modules/next/dist/server/web/spec-extension/adapters'
npm warn tar TAR_ENTRY_ERROR ENOENT: no such file or directory, lstat '/mnt/data/pickinvoice/pickinvoice-step4/node_modules/next/dist/server/web/spec-extension/adapters'
npm warn tar TAR_ENTRY_ERROR ENOENT: no such file or directory, open '/mnt/data/pickinvoice/pickinvoice-step4/node_modules/next/dist/client/request-idle-callback.d.ts'
npm warn tar TAR_ENTRY_ERROR ENOENT: no such file or directory, open '/mnt/data/pickinvoice/pickinvoice-step4/node_modules/next/dist/server/request-meta.d.ts'
npm warn tar TAR_ENTRY_ERROR ENOENT: no such file or directory, lstat '/mnt/data/pickinvoice/pickinvoice-step4/node_modules/next/dist/server/lib/server-ipc'
npm warn tar TAR_ENTRY_ERROR ENOENT: no such file or directory, open '/mnt/data/pickinvoice/pickinvoice-step4/node_modules/next/dist/server/web/spec-extension/request.d.ts'
npm warn tar TAR_ENTRY_ERROR ENOENT: no such file or directory, open '/mnt/data/pickinvoice/pickinvoice-step4/node_modules/next/dist/server/require-hook.d.ts'
npm warn tar TAR_ENTRY_ERROR ENOENT: no such file or directory, open '/mnt/data/pickinvoice/pickinvoice-step4/node_modules/next/dist/server/require.d.ts'
npm warn tar TAR_ENTRY_ERROR ENOENT: no such file or directory, open '/mnt/data/pickinvoice/pickinvoice-step4/node_modules/next/dist/server/app-render/required-scripts.d.ts'
npm warn tar TAR_ENTRY_ERROR ENOENT: no such file or directory, lstat '/mnt/data/pickinvoice/pickinvoice-step4/node_modules/next/dist/lib/metadata/resolvers'
npm warn tar TAR_ENTRY_ERROR ENOENT: no such file or directory, open '/mnt/data/pickinvoice/pickinvoice-step4/node_modules/next/dist/lib/resolve-from.d.ts'
npm warn tar TAR_ENTRY_ERROR ENOENT: no such file or directory, open '/mnt/data/pickinvoice/pickinvoice-step4/node_modules/next/dist/server/future/route-modules/app-route/helpers/resolve-handler-error.d.ts'
npm warn tar TAR_ENTRY_ERROR ENOENT: no such file or directory, open '/mnt/data/pickinvoice/pickinvoice-step4/node_modules/next/dist/client/resolve-href.d.ts'
npm warn tar TAR_ENTRY_ERROR ENOENT: no such file or directory, lstat '/mnt/data/pickinvoice/pickinvoice-step4/node_modules/next/dist/lib/metadata/resolvers'
npm warn tar TAR_ENTRY_ERROR ENOENT: no such file or directory, open '/mnt/data/pickinvoice/pickinvoice-step4/node_modules/next/dist/lib/metadata/resolve-metadata.d.ts'
npm warn tar TAR_ENTRY_ERROR ENOENT: no such file or directory, open '/mnt/data/pickinvoice/pickinvoice-step4/node_modules/next/dist/lib/metadata/resolve-metadata.test.d.ts'
npm warn tar TAR_ENTRY_ERROR ENOENT: no such file or directory, lstat '/mnt/data/pickinvoice/pickinvoice-step4/node_modules/next/dist/lib/metadata/resolvers'
npm warn tar TAR_ENTRY_ERROR ENOENT: no such file or directory, lstat '/mnt/data/pickinvoice/pickinvoice-step4/node_modules/next/dist/lib/metadata/resolvers'
npm warn tar TAR_ENTRY_ERROR ENOENT: no such file or directory, open '/mnt/data/pickinvoice/pickinvoice-step4/node_modules/next/dist/shared/lib/router/utils/resolve-rewrites.d.ts'
npm warn tar TAR_ENTRY_ERROR ENOENT: no such file or directory, lstat '/mnt/data/pickinvoice/pickinvoice-step4/node_modules/next/dist/build/webpack'
npm warn tar TAR_ENTRY_ERROR ENOENT: no such file or directory, lstat '/mnt/data/pickinvoice/pickinvoice-step4/node_modules/next/dist/build/webpack'
npm warn tar TAR_ENTRY_ERROR ENOENT: no such file or directory, open '/mnt/data/pickinvoice/pickinvoice-step4/node_modules/next/dist/server/lib/router-utils/resolve-routes.d.ts'
npm warn tar TAR_ENTRY_ERROR ENOENT: no such file or directory, lstat '/mnt/data/pickinvoice/pickinvoice-step4/node_modules/next/dist/lib/metadata/resolvers'
npm warn tar TAR_ENTRY_ERROR ENOENT: no such file or directory, lstat '/mnt/data/pickinvoice/pickinvoice-step4/node_modules/next/dist/lib/metadata/resolvers'
npm warn tar TAR_ENTRY_ERROR ENOENT: no such file or directory, lstat '/mnt/data/pickinvoice/pickinvoice-step4/node_modules/next/dist/lib/metadata/resolvers'
npm warn tar TAR_ENTRY_ERROR ENOENT: no such file or directory, lstat '/mnt/data/pickinvoice/pickinvoice-step4/node_modules/next/dist/lib/metadata/resolvers'
npm warn tar TAR_ENTRY_ERROR ENOENT: no such file or directory, lstat '/mnt/data/pickinvoice/pickinvoice-step4/node_modules/next/dist/build/webpack-config-rules'
npm warn tar TAR_ENTRY_ERROR ENOENT: no such file or directory, open '/mnt/data/pickinvoice/pickinvoice-step4/node_modules/next/dist/lib/metadata/types/resolvers.d.ts'
npm warn tar TAR_ENTRY_ERROR ENOENT: no such file or directory, open '/mnt/data/pickinvoice/pickinvoice-step4/node_modules/next/dist/server/web/sandbox/resource-managers.d.ts'
npm warn tar TAR_ENTRY_ERROR ENOENT: no such file or directory, lstat '/mnt/data/pickinvoice/pickinvoice-step4/node_modules/next/dist/server/future'
npm warn tar TAR_ENTRY_ERROR ENOENT: no such file or directory, open '/mnt/data/pickinvoice/pickinvoice-step4/node_modules/next/dist/server/web/spec-extension/response.d.ts'
npm warn tar TAR_ENTRY_ERROR ENOENT: no such file or directory, lstat '/mnt/data/pickinvoice/pickinvoice-step4/node_modules/next/dist/client/components/router-reducer/reducers'
npm warn tar TAR_ENTRY_ERROR ENOENT: no such file or directory, lstat '/mnt/data/pickinvoice/pickinvoice-step4/node_modules/next/dist/build/turborepo-access-trace'
npm warn tar TAR_ENTRY_ERROR ENOENT: no such file or directory, lstat '/mnt/data/pickinvoice/pickinvoice-step4/node_modules/next/dist/compiled/@next/font/dist/google'
npm warn tar TAR_ENTRY_ERROR ENOENT: no such file or directory, open '/mnt/data/pickinvoice/pickinvoice-step4/node_modules/next/dist/server/lib/revalidate.d.ts'
npm warn tar TAR_ENTRY_ERROR ENOENT: no such file or directory, open '/mnt/data/pickinvoice/pickinvoice-step4/node_modules/next/dist/server/web/spec-extension/revalidate.d.ts'
npm warn tar TAR_ENTRY_ERROR ENOENT: no such file or directory, open '/mnt/data/pickinvoice/pickinvoice-step4/node_modules/next/dist/client/components/react-dev-overlay/internal/container/root-layout-missing-tags-error.d.ts'
npm warn tar TAR_ENTRY_ERROR ENOENT: no such file or directory, open '/mnt/data/pickinvoice/pickinvoice-step4/node_modules/next/dist/client/route-announcer.d.ts'
npm warn tar TAR_ENTRY_ERROR ENOENT: no such file or directory, open '/mnt/data/pickinvoice/pickinvoice-step4/node_modules/next/dist/server/future/route-definitions/route-definition.d.ts'
npm warn tar TAR_ENTRY_ERROR ENOENT: no such file or directory, lstat '/mnt/data/pickinvoice/pickinvoice-step4/node_modules/next/dist/server/future'
npm warn tar TAR_ENTRY_ERROR ENOENT: no such file or directory, open '/mnt/data/pickinvoice/pickinvoice-step4/node_modules/next/dist/client/route-loader.d.ts'
npm warn tar TAR_ENTRY_ERROR ENOENT: no such file or directory, open '/mnt/data/pickinvoice/pickinvoice-step4/node_modules/next/dist/server/future/route-matches/route-match.d.ts'
npm warn tar TAR_ENTRY_ERROR ENOENT: no such file or directory, lstat '/mnt/data/pickinvoice/pickinvoice-step4/node_modules/next/dist/server/future'
npm warn tar TAR_ENTRY_ERROR ENOENT: no such file or directory, open '/mnt/data/pickinvoice/pickinvoice-step4/node_modules/next/dist/server/future/route-matcher-providers/route-matcher-provider.d.ts'
npm warn tar TAR_ENTRY_ERROR ENOENT: no such file or directory, open '/mnt/data/pickinvoice/pickinvoice-step4/node_modules/next/dist/server/future/route-matchers/route-matcher.d.ts'
npm warn tar TAR_ENTRY_ERROR ENOENT: no such file or directory, open '/mnt/data/pickinvoice/pickinvoice-step4/node_modules/next/dist/shared/lib/router/utils/route-matcher.d.ts'
npm warn tar TAR_ENTRY_ERROR ENOENT: no such file or directory, lstat '/mnt/data/pickinvoice/pickinvoice-step4/node_modules/next/dist/server/future'
npm warn tar TAR_ENTRY_ERROR ENOENT: no such file or directory, open '/mnt/data/pickinvoice/pickinvoice-step4/node_modules/next/dist/server/future/route-modules/route-module.d.ts'
npm warn tar TAR_ENTRY_ERROR ENOENT: no such file or directory, open '/mnt/data/pickinvoice/pickinvoice-step4/node_modules/next/dist/shared/lib/router/utils/route-regex.d.ts'
npm warn tar TAR_ENTRY_ERROR ENOENT: no such file or directory, open '/mnt/data/pickinvoice/pickinvoice-step4/node_modules/next/dist/shared/lib/router/utils/route-regex.test.d.ts'
npm warn tar TAR_ENTRY_ERROR ENOENT: no such file or directory, open '/mnt/data/pickinvoice/pickinvoice-step4/node_modules/next/dist/server/future/route-modules/app-page/vendored/contexts/router-context.d.ts'
npm warn tar TAR_ENTRY_ERROR ENOENT: no such file or directory, open '/mnt/data/pickinvoice/pickinvoice-step4/node_modules/next/dist/server/future/route-modules/pages/vendored/contexts/router-context.d.ts'
npm warn tar TAR_ENTRY_ERROR ENOENT: no such file or directory, open '/mnt/data/pickinvoice/pickinvoice-step4/node_modules/next/dist/shared/lib/router-context.shared-runtime.d.ts'
npm warn tar TAR_ENTRY_ERROR ENOENT: no such file or directory, open '/mnt/data/pickinvoice/pickinvoice-step4/node_modules/next/dist/client/components/router-reducer/router-reducer-types.d.ts'
npm warn tar TAR_ENTRY_ERROR ENOENT: no such file or directory, open '/mnt/data/pickinvoice/pickinvoice-step4/node_modules/next/dist/client/components/router-reducer/router-reducer.d.ts'
npm warn tar TAR_ENTRY_ERROR ENOENT: no such file or directory, open '/mnt/data/pickinvoice/pickinvoice-step4/node_modules/next/dist/server/lib/router-server.d.ts'
npm warn tar TAR_ENTRY_ERROR ENOENT: no such file or directory, open '/mnt/data/pickinvoice/pickinvoice-step4/node_modules/next/dist/api/router.d.ts'
npm warn tar TAR_ENTRY_ERROR ENOENT: no such file or directory, lstat '/mnt/data/pickinvoice/pickinvoice-step4/node_modules/next/dist/client/compat'
npm warn tar TAR_ENTRY_ERROR ENOENT: no such file or directory, open '/mnt/data/pickinvoice/pickinvoice-step4/node_modules/next/dist/client/router.d.ts'
npm warn tar TAR_ENTRY_ERROR ENOENT: no such file or directory, open '/mnt/data/pickinvoice/pickinvoice-step4/node_modules/next/dist/shared/lib/router/router.d.ts'
npm warn tar TAR_ENTRY_ERROR ENOENT: no such file or directory, open '/mnt/data/pickinvoice/pickinvoice-step4/node_modules/next/dist/server/future/normalizers/request/rsc.d.ts'
npm warn tar TAR_ENTRY_ERROR ENOENT: no such file or directory, lstat '/mnt/data/pickinvoice/pickinvoice-step4/node_modules/next/dist/lib/eslint'
npm warn tar TAR_ENTRY_ERROR ENOENT: no such file or directory, open '/mnt/data/pickinvoice/pickinvoice-step4/node_modules/next/dist/shared/lib/runtime-config.external.d.ts'
npm warn tar TAR_ENTRY_ERROR ENOENT: no such file or directory, lstat '/mnt/data/pickinvoice/pickinvoice-step4/node_modules/next/dist/client/components/react-dev-overlay'
npm warn tar TAR_ENTRY_ERROR ENOENT: no such file or directory, lstat '/mnt/data/pickinvoice/pickinvoice-step4/node_modules/next/dist/lib/typescript'
npm warn tar TAR_ENTRY_ERROR ENOENT: no such file or directory, open '/mnt/data/pickinvoice/pickinvoice-step4/node_modules/next/dist/server/web/sandbox/sandbox.d.ts'
npm warn tar TAR_ENTRY_ERROR ENOENT: no such file or directory, open '/mnt/data/pickinvoice/pickinvoice-step4/node_modules/next/dist/lib/scheduler.d.ts'
npm warn tar TAR_ENTRY_ERROR ENOENT: no such file or directory, open '/mnt/data/pickinvoice/pickinvoice-step4/node_modules/next/dist/api/script.d.ts'
npm warn tar TAR_ENTRY_ERROR ENOENT: no such file or directory, open '/mnt/data/pickinvoice/pickinvoice-step4/node_modules/next/dist/client/script.d.ts'
npm warn tar TAR_ENTRY_ERROR ENOENT: no such file or directory, open '/mnt/data/pickinvoice/pickinvoice-step4/node_modules/next/dist/client/components/search-params.d.ts'
npm warn tar TAR_ENTRY_ERROR ENOENT: no such file or directory, open '/mnt/data/pickinvoice/pickinvoice-step4/node_modules/next/dist/shared/lib/segment.d.ts'
npm warn tar TAR_ENTRY_ERROR ENOENT: no such file or directory, open '/mnt/data/pickinvoice/pickinvoice-step4/node_modules/next/dist/lib/semver-noop.d.ts'
npm warn tar TAR_ENTRY_ERROR ENOENT: no such file or directory, open '/mnt/data/pickinvoice/pickinvoice-step4/node_modules/next/dist/server/send-payload.d.ts'
npm warn tar TAR_ENTRY_ERROR ENOENT: no such file or directory, open '/mnt/data/pickinvoice/pickinvoice-step4/node_modules/next/dist/server/send-response.d.ts'
npm warn tar TAR_ENTRY_ERROR ENOENT: no such file or directory, open '/mnt/data/pickinvoice/pickinvoice-step4/node_modules/next/dist/server/serve-static.d.ts'
npm warn tar TAR_ENTRY_ERROR ENOENT: no such file or directory, lstat '/mnt/data/pickinvoice/pickinvoice-step4/node_modules/next/dist/client/components/router-reducer/reducers'
npm warn tar TAR_ENTRY_ERROR ENOENT: no such file or directory, open '/mnt/data/pickinvoice/pickinvoice-step4/node_modules/next/dist/server/lib/server-action-request-meta.d.ts'
npm warn tar TAR_ENTRY_ERROR ENOENT: no such file or directory, open '/mnt/data/pickinvoice/pickinvoice-step4/node_modules/next/dist/server/typescript/rules/server-boundary.d.ts'
npm warn tar TAR_ENTRY_ERROR ENOENT: no such file or directory, open '/mnt/data/pickinvoice/pickinvoice-step4/node_modules/next/dist/experimental/testmode/server-edge.d.ts'
npm warn tar TAR_ENTRY_ERROR ENOENT: no such file or directory, open '/mnt/data/pickinvoice/pickinvoice-step4/node_modules/next/dist/server/app-render/server-inserted-html.d.ts'
npm warn tar TAR_ENTRY_ERROR ENOENT: no such file or directory, open '/mnt/data/pickinvoice/pickinvoice-step4/node_modules/next/dist/server/future/route-modules/app-page/vendored/contexts/server-inserted-html.d.ts'
npm warn tar TAR_ENTRY_ERROR ENOENT: no such file or directory, open '/mnt/data/pickinvoice/pickinvoice-step4/node_modules/next/dist/server/future/route-modules/pages/vendored/contexts/server-inserted-html.d.ts'
npm warn tar TAR_ENTRY_ERROR ENOENT: no such file or directory, open '/mnt/data/pickinvoice/pickinvoice-step4/node_modules/next/dist/shared/lib/server-inserted-html.shared-runtime.d.ts'
npm warn tar TAR_ENTRY_ERROR ENOENT: no such file or directory, lstat '/mnt/data/pickinvoice/pickinvoice-step4/node_modules/next/dist/server/future'
npm warn tar TAR_ENTRY_ERROR ENOENT: no such file or directory, lstat '/mnt/data/pickinvoice/pickinvoice-step4/node_modules/next/dist/client/components/router-reducer/reducers'
npm warn tar TAR_ENTRY_ERROR ENOENT: no such file or directory, open '/mnt/data/pickinvoice/pickinvoice-step4/node_modules/next/dist/build/webpack/loaders/next-flight-loader/server-reference.d.ts'
npm warn tar TAR_ENTRY_ERROR ENOENT: no such file or directory, open '/mnt/data/pickinvoice/pickinvoice-step4/node_modules/next/dist/server/server-route-utils.d.ts'
npm warn tar TAR_ENTRY_ERROR ENOENT: no such file or directory, open '/mnt/data/pickinvoice/pickinvoice-step4/node_modules/next/dist/server/server-utils.d.ts'
npm warn tar TAR_ENTRY_ERROR ENOENT: no such file or directory, open '/mnt/data/pickinvoice/pickinvoice-step4/node_modules/next/dist/api/server.d.ts'
npm warn tar TAR_ENTRY_ERROR ENOENT: no such file or directory, lstat '/mnt/data/pickinvoice/pickinvoice-step4/node_modules/next/dist/experimental/testmode/proxy'
npm warn tar TAR_ENTRY_ERROR ENOENT: no such file or directory, open '/mnt/data/pickinvoice/pickinvoice-step4/node_modules/next/dist/experimental/testmode/server.d.ts'
npm warn tar TAR_ENTRY_ERROR ENOENT: no such file or directory, open '/mnt/data/pickinvoice/pickinvoice-step4/node_modules/next/dist/server/typescript/rules/server.d.ts'
npm warn tar TAR_ENTRY_ERROR ENOENT: no such file or directory, open '/mnt/data/pickinvoice/pickinvoice-step4/node_modules/next/dist/telemetry/events/session-stopped.d.ts'
npm warn tar TAR_ENTRY_ERROR ENOENT: no such file or directory, open '/mnt/data/pickinvoice/pickinvoice-step4/node_modules/next/dist/server/lib/router-utils/setup-dev-bundler.d.ts'
npm warn tar TAR_ENTRY_ERROR ENOENT: no such file or directory, open '/mnt/data/pickinvoice/pickinvoice-step4/node_modules/next/dist/lib/setup-exception-listeners.d.ts'
npm warn tar TAR_ENTRY_ERROR ENOENT: no such file or directory, open '/mnt/data/pickinvoice/pickinvoice-step4/node_modules/next/dist/server/setup-http-agent-env.d.ts'
npm warn tar TAR_ENTRY_ERROR ENOENT: no such file or directory, open '/mnt/data/pickinvoice/pickinvoice-step4/node_modules/next/dist/client/setup-hydration-warning.d.ts'
npm warn tar TAR_ENTRY_ERROR ENOENT: no such file or directory, lstat '/mnt/data/pickinvoice/pickinvoice-step4/node_modules/next/dist/client/components/react-dev-overlay'
npm warn tar TAR_ENTRY_ERROR ENOENT: no such file or directory, lstat '/mnt/data/pickinvoice/pickinvoice-step4/node_modules/next/dist/server/future'
npm warn tar TAR_ENTRY_ERROR ENOENT: no such file or directory, lstat '/mnt/data/pickinvoice/pickinvoice-step4/node_modules/next/dist/server/lib/incremental-cache'
npm warn tar TAR_ENTRY_ERROR ENOENT: no such file or directory, lstat '/mnt/data/pickinvoice/pickinvoice-step4/node_modules/next/dist/server/lib/incremental-cache'
npm warn tar TAR_ENTRY_ERROR ENOENT: no such file or directory, lstat '/mnt/data/pickinvoice/pickinvoice-step4/node_modules/next/dist/build/webpack'
npm warn tar TAR_ENTRY_ERROR ENOENT: no such file or directory, lstat '/mnt/data/pickinvoice/pickinvoice-step4/node_modules/next/dist/client/components/react-dev-overlay'
npm warn tar TAR_ENTRY_ERROR ENOENT: no such file or directory, lstat '/mnt/data/pickinvoice/pickinvoice-step4/node_modules/next/dist/client/components/react-dev-overlay'
npm warn tar TAR_ENTRY_ERROR ENOENT: no such file or directory, open '/mnt/data/pickinvoice/pickinvoice-step4/node_modules/next/dist/build/polyfills/object.assign/shim.d.ts'
npm warn tar TAR_ENTRY_ERROR ENOENT: no such file or directory, open '/mnt/data/pickinvoice/pickinvoice-step4/node_modules/next/dist/client/components/router-reducer/should-hard-navigate.d.ts'
npm warn tar TAR_ENTRY_ERROR ENOENT: no such file or directory, open '/mnt/data/pickinvoice/pickinvoice-step4/node_modules/next/dist/client/components/router-reducer/should-hard-navigate.test.d.ts'
npm warn tar TAR_ENTRY_ERROR ENOENT: no such file or directory, lstat '/mnt/data/pickinvoice/pickinvoice-step4/node_modules/next/dist/lib/memory'
npm warn tar TAR_ENTRY_ERROR ENOENT: no such file or directory, open '/mnt/data/pickinvoice/pickinvoice-step4/node_modules/next/dist/shared/lib/side-effect.d.ts'
npm warn tar TAR_ENTRY_ERROR ENOENT: no such file or directory, lstat '/mnt/data/pickinvoice/pickinvoice-step4/node_modules/next/dist/build/webpack'
npm warn tar TAR_ENTRY_ERROR ENOENT: no such file or directory, lstat '/mnt/data/pickinvoice/pickinvoice-step4/node_modules/next/dist/compiled/@next/font/dist/google'
npm warn tar TAR_ENTRY_ERROR ENOENT: no such file or directory, lstat '/mnt/data/pickinvoice/pickinvoice-step4/node_modules/next/dist/compiled/@next/font/dist/google'
npm warn tar TAR_ENTRY_ERROR ENOENT: no such file or directory, open '/mnt/data/pickinvoice/pickinvoice-step4/node_modules/next/dist/shared/lib/router/utils/sorted-routes.d.ts'
npm warn tar TAR_ENTRY_ERROR ENOENT: no such file or directory, open '/mnt/data/pickinvoice/pickinvoice-step4/node_modules/next/dist/build/spinner.d.ts'
npm warn tar TAR_ENTRY_ERROR ENOENT: no such file or directory, lstat '/mnt/data/pickinvoice/pickinvoice-step4/node_modules/next/dist/client/components/react-dev-overlay'
npm warn tar TAR_ENTRY_ERROR ENOENT: no such file or directory, open '/mnt/data/pickinvoice/pickinvoice-step4/node_modules/next/dist/server/lib/start-server.d.ts'
npm warn tar TAR_ENTRY_ERROR ENOENT: no such file or directory, lstat '/mnt/data/pickinvoice/pickinvoice-step4/node_modules/next/dist/lib/memory'
npm warn tar TAR_ENTRY_ERROR ENOENT: no such file or directory, open '/mnt/data/pickinvoice/pickinvoice-step4/node_modules/next/dist/client/components/static-generation-async-storage-instance.d.ts'
npm warn tar TAR_ENTRY_ERROR ENOENT: no such file or directory, open '/mnt/data/pickinvoice/pickinvoice-step4/node_modules/next/dist/server/async-storage/static-generation-async-storage-wrapper.d.ts'
npm warn tar TAR_ENTRY_ERROR ENOENT: no such file or directory, open '/mnt/data/pickinvoice/pickinvoice-step4/node_modules/next/dist/client/components/static-generation-async-storage.external.d.ts'
npm warn tar TAR_ENTRY_ERROR ENOENT: no such file or directory, open '/mnt/data/pickinvoice/pickinvoice-step4/node_modules/next/dist/client/components/static-generation-bailout.d.ts'
npm warn tar TAR_ENTRY_ERROR ENOENT: no such file or directory, lstat '/mnt/data/pickinvoice/pickinvoice-step4/node_modules/next/dist/server/dev'
npm warn tar TAR_ENTRY_ERROR ENOENT: no such file or directory, lstat '/mnt/data/pickinvoice/pickinvoice-step4/node_modules/next/dist/server/app-render/static'
npm warn tar TAR_ENTRY_ERROR ENOENT: no such file or directory, lstat '/mnt/data/pickinvoice/pickinvoice-step4/node_modules/next/dist/experimental/testmode/playwright'
npm warn tar TAR_ENTRY_ERROR ENOENT: no such file or directory, open '/mnt/data/pickinvoice/pickinvoice-step4/node_modules/next/dist/telemetry/storage.d.ts'
npm warn tar TAR_ENTRY_ERROR ENOENT: no such file or directory, lstat '/mnt/data/pickinvoice/pickinvoice-step4/node_modules/next/dist/build/output'
npm warn tar TAR_ENTRY_ERROR ENOENT: no such file or directory, lstat '/mnt/data/pickinvoice/pickinvoice-step4/node_modules/next/dist/build/webpack'
npm warn tar TAR_ENTRY_ERROR ENOENT: no such file or directory, open '/mnt/data/pickinvoice/pickinvoice-step4/node_modules/next/dist/server/app-render/strip-flight-headers.d.ts'
npm warn tar TAR_ENTRY_ERROR ENOENT: no such file or directory, open '/mnt/data/pickinvoice/pickinvoice-step4/node_modules/next/dist/compiled/@edge-runtime/primitives/structured-clone.d.ts'
npm warn tar TAR_ENTRY_ERROR ENOENT: no such file or directory, open '/mnt/data/pickinvoice/pickinvoice-step4/node_modules/next/dist/esm/shared/lib/styled-jsx.d.ts'
npm warn tar TAR_ENTRY_ERROR ENOENT: no such file or directory, open '/mnt/data/pickinvoice/pickinvoice-step4/node_modules/next/dist/shared/lib/styled-jsx.d.ts'
npm warn tar TAR_ENTRY_ERROR ENOENT: no such file or directory, lstat '/mnt/data/pickinvoice/pickinvoice-step4/node_modules/next/dist/build/jest'
npm warn tar TAR_ENTRY_ERROR ENOENT: no such file or directory, open '/mnt/data/pickinvoice/pickinvoice-step4/node_modules/next/dist/client/components/react-dev-overlay/internal/components/CodeFrame/styles.d.ts'
npm warn tar TAR_ENTRY_ERROR ENOENT: no such file or directory, lstat '/mnt/data/pickinvoice/pickinvoice-step4/node_modules/next/dist/client/components/react-dev-overlay'
npm warn tar TAR_ENTRY_ERROR ENOENT: no such file or directory, lstat '/mnt/data/pickinvoice/pickinvoice-step4/node_modules/next/dist/client/components/react-dev-overlay'
npm warn tar TAR_ENTRY_ERROR ENOENT: no such file or directory, open '/mnt/data/pickinvoice/pickinvoice-step4/node_modules/next/dist/client/components/react-dev-overlay/internal/components/Overlay/styles.d.ts'
npm warn tar TAR_ENTRY_ERROR ENOENT: no such file or directory, lstat '/mnt/data/pickinvoice/pickinvoice-step4/node_modules/next/dist/client/components/react-dev-overlay'
npm warn tar TAR_ENTRY_ERROR ENOENT: no such file or directory, lstat '/mnt/data/pickinvoice/pickinvoice-step4/node_modules/next/dist/client/components/react-dev-overlay'
npm warn tar TAR_ENTRY_ERROR ENOENT: no such file or directory, lstat '/mnt/data/pickinvoice/pickinvoice-step4/node_modules/next/dist/client/components/react-dev-overlay'
npm warn tar TAR_ENTRY_ERROR ENOENT: no such file or directory, open '/mnt/data/pickinvoice/pickinvoice-step4/node_modules/next/dist/build/webpack/plugins/subresource-integrity-plugin.d.ts'
npm warn tar TAR_ENTRY_ERROR ENOENT: no such file or directory, open '/mnt/data/pickinvoice/pickinvoice-step4/node_modules/next/dist/server/future/normalizers/request/suffix.d.ts'
npm warn tar TAR_ENTRY_ERROR ENOENT: no such file or directory, open '/mnt/data/pickinvoice/pickinvoice-step4/node_modules/next/dist/server/future/normalizers/request/suffix.test.d.ts'
npm warn tar TAR_ENTRY_ERROR ENOENT: no such file or directory, open '/mnt/data/pickinvoice/pickinvoice-step4/node_modules/next/dist/telemetry/events/swc-load-failure.d.ts'
npm warn tar TAR_ENTRY_ERROR ENOENT: no such file or directory, open '/mnt/data/pickinvoice/pickinvoice-step4/node_modules/next/dist/telemetry/events/swc-plugins.d.ts'
npm warn tar TAR_ENTRY_ERROR ENOENT: no such file or directory, lstat '/mnt/data/pickinvoice/pickinvoice-step4/node_modules/next/dist/server/app-render/rsc'
npm warn tar TAR_ENTRY_ERROR ENOENT: no such file or directory, lstat '/mnt/data/pickinvoice/pickinvoice-step4/node_modules/next/dist/build/turborepo-access-trace'
npm warn tar TAR_ENTRY_ERROR ENOENT: no such file or directory, open '/mnt/data/pickinvoice/pickinvoice-step4/node_modules/next/dist/build/webpack/plugins/telemetry-plugin.d.ts'
npm warn tar TAR_ENTRY_ERROR ENOENT: no such file or directory, lstat '/mnt/data/pickinvoice/pickinvoice-step4/node_modules/next/dist/client/components/react-dev-overlay'
npm warn tar TAR_ENTRY_ERROR ENOENT: no such file or directory, open '/mnt/data/pickinvoice/pickinvoice-step4/node_modules/next/dist/compiled/@edge-runtime/primitives/timers.d.ts'
npm warn tar TAR_ENTRY_ERROR ENOENT: no such file or directory, open '/mnt/data/pickinvoice/pickinvoice-step4/node_modules/next/dist/server/lib/to-route.d.ts'
npm warn tar TAR_ENTRY_ERROR ENOENT: no such file or directory, open '/mnt/data/pickinvoice/pickinvoice-step4/node_modules/next/dist/server/lib/to-route.test.d.ts'
npm warn tar TAR_ENTRY_ERROR ENOENT: no such file or directory, lstat '/mnt/data/pickinvoice/pickinvoice-step4/node_modules/next/dist/client/components/react-dev-overlay'
npm warn tar TAR_ENTRY_ERROR ENOENT: no such file or directory, lstat '/mnt/data/pickinvoice/pickinvoice-step4/node_modules/next/dist/lib/memory'
npm warn tar TAR_ENTRY_ERROR ENOENT: no such file or directory, lstat '/mnt/data/pickinvoice/pickinvoice-step4/node_modules/next/dist/client/tracing'
npm warn tar TAR_ENTRY_ERROR ENOENT: no such file or directory, open '/mnt/data/pickinvoice/pickinvoice-step4/node_modules/next/dist/server/lib/trace/tracer.d.ts'
npm warn tar TAR_ENTRY_ERROR ENOENT: no such file or directory, lstat '/mnt/data/pickinvoice/pickinvoice-step4/node_modules/next/dist/build/babel'
npm warn tar TAR_ENTRY_ERROR ENOENT: no such file or directory, open '/mnt/data/pickinvoice/pickinvoice-step4/node_modules/next/dist/client/trusted-types.d.ts'
npm warn tar TAR_ENTRY_ERROR ENOENT: no such file or directory, open '/mnt/data/pickinvoice/pickinvoice-step4/node_modules/next/dist/server/api-utils/node/try-get-preview-data.d.ts'
npm warn tar TAR_ENTRY_ERROR ENOENT: no such file or directory, open '/mnt/data/pickinvoice/pickinvoice-step4/node_modules/next/dist/lib/try-to-parse-path.d.ts'
npm warn tar TAR_ENTRY_ERROR ENOENT: no such file or directory, lstat '/mnt/data/pickinvoice/pickinvoice-step4/node_modules/next/dist/server/dev'
npm warn tar TAR_ENTRY_ERROR ENOENT: no such file or directory, open '/mnt/data/pickinvoice/pickinvoice-step4/node_modules/next/dist/lib/turbopack-warning.d.ts'
npm warn tar TAR_ENTRY_ERROR ENOENT: no such file or directory, open '/mnt/data/pickinvoice/pickinvoice-step4/node_modules/next/dist/lib/metadata/types/twitter-types.d.ts'
npm warn tar TAR_ENTRY_ERROR ENOENT: no such file or directory, open '/mnt/data/pickinvoice/pickinvoice-step4/node_modules/next/dist/build/type-check.d.ts'
npm warn tar TAR_ENTRY_ERROR ENOENT: no such file or directory, lstat '/mnt/data/pickinvoice/pickinvoice-step4/node_modules/next/dist/build/babel'
npm warn tar TAR_ENTRY_ERROR ENOENT: no such file or directory, lstat '/mnt/data/pickinvoice/pickinvoice-step4/node_modules/next/dist/build/turborepo-access-trace'
npm warn tar TAR_ENTRY_ERROR ENOENT: no such file or directory, lstat '/mnt/data/pickinvoice/pickinvoice-step4/node_modules/next/dist/build/webpack'
npm warn tar TAR_ENTRY_ERROR ENOENT: no such file or directory, open '/mnt/data/pickinvoice/pickinvoice-step4/node_modules/next/dist/compiled/@next/font/dist/types.d.ts'
npm warn tar TAR_ENTRY_ERROR ENOENT: no such file or directory, open '/mnt/data/pickinvoice/pickinvoice-step4/node_modules/next/dist/compiled/@vercel/og/types.d.ts'
npm warn tar TAR_ENTRY_ERROR ENOENT: no such file or directory, lstat '/mnt/data/pickinvoice/pickinvoice-step4/node_modules/next/dist/esm/build/babel'
npm warn tar TAR_ENTRY_ERROR ENOENT: no such file or directory, lstat '/mnt/data/pickinvoice/pickinvoice-step4/node_modules/next/dist/experimental/testmode/proxy'
npm warn tar TAR_ENTRY_ERROR ENOENT: no such file or directory, open '/mnt/data/pickinvoice/pickinvoice-step4/node_modules/next/dist/export/routes/types.d.ts'
npm warn tar TAR_ENTRY_ERROR ENOENT: no such file or directory, open '/mnt/data/pickinvoice/pickinvoice-step4/node_modules/next/dist/server/app-render/types.d.ts'
npm warn tar TAR_ENTRY_ERROR ENOENT: no such file or directory, lstat '/mnt/data/pickinvoice/pickinvoice-step4/node_modules/next/dist/server/dev'
npm warn tar TAR_ENTRY_ERROR ENOENT: no such file or directory, open '/mnt/data/pickinvoice/pickinvoice-step4/node_modules/next/dist/server/lib/router-utils/types.d.ts'
npm warn tar TAR_ENTRY_ERROR ENOENT: no such file or directory, open '/mnt/data/pickinvoice/pickinvoice-step4/node_modules/next/dist/server/lib/types.d.ts'
npm warn tar TAR_ENTRY_ERROR ENOENT: no such file or directory, lstat '/mnt/data/pickinvoice/pickinvoice-step4/node_modules/next/dist/server/response-cache'
npm warn tar TAR_ENTRY_ERROR ENOENT: no such file or directory, open '/mnt/data/pickinvoice/pickinvoice-step4/node_modules/next/dist/server/web/types.d.ts'
npm warn tar TAR_ENTRY_ERROR ENOENT: no such file or directory, open '/mnt/data/pickinvoice/pickinvoice-step4/node_modules/next/dist/shared/lib/lazy-dynamic/types.d.ts'
npm warn tar TAR_ENTRY_ERROR ENOENT: no such file or directory, open '/mnt/data/pickinvoice/pickinvoice-step4/node_modules/next/dist/server/app-render/types.test.d.ts'
npm warn tar TAR_ENTRY_ERROR ENOENT: no such file or directory, lstat '/mnt/data/pickinvoice/pickinvoice-step4/node_modules/next/dist/server/stream-utils'
npm warn tar TAR_ENTRY_ERROR ENOENT: no such file or directory, open '/mnt/data/pickinvoice/pickinvoice-step4/node_modules/next/dist/server/future/normalizers/underscore-normalizer.d.ts'
npm warn tar TAR_ENTRY_ERROR ENOENT: no such file or directory, open '/mnt/data/pickinvoice/pickinvoice-step4/node_modules/next/dist/client/components/unresolved-thenable.d.ts'
npm warn tar TAR_ENTRY_ERROR ENOENT: no such file or directory, open '/mnt/data/pickinvoice/pickinvoice-step4/node_modules/next/dist/server/web/spec-extension/unstable-cache.d.ts'
npm warn tar TAR_ENTRY_ERROR ENOENT: no such file or directory, open '/mnt/data/pickinvoice/pickinvoice-step4/node_modules/next/dist/server/web/spec-extension/unstable-no-store.d.ts'
npm warn tar TAR_ENTRY_ERROR ENOENT: no such file or directory, open '/mnt/data/pickinvoice/pickinvoice-step4/node_modules/next/dist/server/web/spec-extension/url-pattern.d.ts'
npm warn tar TAR_ENTRY_ERROR ENOENT: no such file or directory, open '/mnt/data/pickinvoice/pickinvoice-step4/node_modules/next/dist/compiled/@edge-runtime/primitives/url.d.ts'
npm warn tar TAR_ENTRY_ERROR ENOENT: no such file or directory, open '/mnt/data/pickinvoice/pickinvoice-step4/node_modules/next/dist/lib/url.d.ts'
npm warn tar TAR_ENTRY_ERROR ENOENT: no such file or directory, lstat '/mnt/data/pickinvoice/pickinvoice-step4/node_modules/next/dist/client/components/react-dev-overlay'
npm warn tar TAR_ENTRY_ERROR ENOENT: no such file or directory, open '/mnt/data/pickinvoice/pickinvoice-step4/node_modules/next/dist/server/app-render/use-flight-response.d.ts'
npm warn tar TAR_ENTRY_ERROR ENOENT: no such file or directory, open '/mnt/data/pickinvoice/pickinvoice-step4/node_modules/next/dist/client/use-intersection.d.ts'
npm warn tar TAR_ENTRY_ERROR ENOENT: no such file or directory, lstat '/mnt/data/pickinvoice/pickinvoice-step4/node_modules/next/dist/client/components/react-dev-overlay'
npm warn tar TAR_ENTRY_ERROR ENOENT: no such file or directory, lstat '/mnt/data/pickinvoice/pickinvoice-step4/node_modules/next/dist/client/components/react-dev-overlay'
npm warn tar TAR_ENTRY_ERROR ENOENT: no such file or directory, open '/mnt/data/pickinvoice/pickinvoice-step4/node_modules/next/dist/client/components/use-reducer-with-devtools.d.ts'
npm warn tar TAR_ENTRY_ERROR ENOENT: no such file or directory, lstat '/mnt/data/pickinvoice/pickinvoice-step4/node_modules/next/dist/client/components/react-dev-overlay'
npm warn tar TAR_ENTRY_ERROR ENOENT: no such file or directory, open '/mnt/data/pickinvoice/pickinvoice-step4/node_modules/next/dist/server/web/spec-extension/user-agent.d.ts'
npm warn tar TAR_ENTRY_ERROR ENOENT: no such file or directory, lstat '/mnt/data/pickinvoice/pickinvoice-step4/node_modules/next/dist/build/babel'
npm warn tar TAR_ENTRY_ERROR ENOENT: no such file or directory, open '/mnt/data/pickinvoice/pickinvoice-step4/node_modules/next/dist/build/utils.d.ts'
npm warn tar TAR_ENTRY_ERROR ENOENT: no such file or directory, lstat '/mnt/data/pickinvoice/pickinvoice-step4/node_modules/next/dist/build/webpack'
npm warn tar TAR_ENTRY_ERROR ENOENT: no such file or directory, open '/mnt/data/pickinvoice/pickinvoice-step4/node_modules/next/dist/build/webpack/loaders/css-loader/src/utils.d.ts'
npm warn tar TAR_ENTRY_ERROR ENOENT: no such file or directory, open '/mnt/data/pickinvoice/pickinvoice-step4/node_modules/next/dist/build/webpack/loaders/lightningcss-loader/src/utils.d.ts'
npm warn tar TAR_ENTRY_ERROR ENOENT: no such file or directory, lstat '/mnt/data/pickinvoice/pickinvoice-step4/node_modules/next/dist/build/webpack'
npm warn tar TAR_ENTRY_ERROR ENOENT: no such file or directory, lstat '/mnt/data/pickinvoice/pickinvoice-step4/node_modules/next/dist/build/webpack'
npm warn tar TAR_ENTRY_ERROR ENOENT: no such file or directory, lstat '/mnt/data/pickinvoice/pickinvoice-step4/node_modules/next/dist/build/webpack'
npm warn tar TAR_ENTRY_ERROR ENOENT: no such file or directory, open '/mnt/data/pickinvoice/pickinvoice-step4/node_modules/next/dist/lib/metadata/generate/utils.d.ts'
npm warn tar TAR_ENTRY_ERROR ENOENT: no such file or directory, lstat '/mnt/data/pickinvoice/pickinvoice-step4/node_modules/next/dist/server/lib/server-ipc'
npm warn tar TAR_ENTRY_ERROR ENOENT: no such file or directory, open '/mnt/data/pickinvoice/pickinvoice-step4/node_modules/next/dist/server/lib/utils.d.ts'
npm warn tar TAR_ENTRY_ERROR ENOENT: no such file or directory, lstat '/mnt/data/pickinvoice/pickinvoice-step4/node_modules/next/dist/server/response-cache'
npm warn tar TAR_ENTRY_ERROR ENOENT: no such file or directory, open '/mnt/data/pickinvoice/pickinvoice-step4/node_modules/next/dist/server/typescript/utils.d.ts'
npm warn tar TAR_ENTRY_ERROR ENOENT: no such file or directory, open '/mnt/data/pickinvoice/pickinvoice-step4/node_modules/next/dist/server/utils.d.ts'
npm warn tar TAR_ENTRY_ERROR ENOENT: no such file or directory, open '/mnt/data/pickinvoice/pickinvoice-step4/node_modules/next/dist/server/web/utils.d.ts'
npm warn tar TAR_ENTRY_ERROR ENOENT: no such file or directory, open '/mnt/data/pickinvoice/pickinvoice-step4/node_modules/next/dist/shared/lib/utils.d.ts'
npm warn tar TAR_ENTRY_ERROR ENOENT: no such file or directory, open '/mnt/data/pickinvoice/pickinvoice-step4/node_modules/next/dist/server/web/utils.test.d.ts'
npm warn tar TAR_ENTRY_ERROR ENOENT: no such file or directory, lstat '/mnt/data/pickinvoice/pickinvoice-step4/node_modules/next/dist/compiled/@next/font/dist/google'
npm warn tar TAR_ENTRY_ERROR ENOENT: no such file or directory, lstat '/mnt/data/pickinvoice/pickinvoice-step4/node_modules/next/dist/compiled/@next/font/dist/google'
npm warn tar TAR_ENTRY_ERROR ENOENT: no such file or directory, lstat '/mnt/data/pickinvoice/pickinvoice-step4/node_modules/next/dist/compiled/@next/font/dist/local'
npm warn tar TAR_ENTRY_ERROR ENOENT: no such file or directory, lstat '/mnt/data/pickinvoice/pickinvoice-step4/node_modules/next/dist/compiled/@next/font/dist/local'
npm warn tar TAR_ENTRY_ERROR ENOENT: no such file or directory, open '/mnt/data/pickinvoice/pickinvoice-step4/node_modules/next/dist/server/app-render/validate-url.d.ts'
npm warn tar TAR_ENTRY_ERROR ENOENT: no such file or directory, lstat '/mnt/data/pickinvoice/pickinvoice-step4/node_modules/next/dist/build/webpack'
npm warn tar TAR_ENTRY_ERROR ENOENT: no such file or directory, open '/mnt/data/pickinvoice/pickinvoice-step4/node_modules/next/dist/lib/verify-partytown-setup.d.ts'
npm warn tar TAR_ENTRY_ERROR ENOENT: no such file or directory, open '/mnt/data/pickinvoice/pickinvoice-step4/node_modules/next/dist/lib/verify-root-layout.d.ts'
npm warn tar TAR_ENTRY_ERROR ENOENT: no such file or directory, open '/mnt/data/pickinvoice/pickinvoice-step4/node_modules/next/dist/lib/verify-typescript-setup.d.ts'
npm warn tar TAR_ENTRY_ERROR ENOENT: no such file or directory, open '/mnt/data/pickinvoice/pickinvoice-step4/node_modules/next/dist/lib/verifyAndLint.d.ts'
npm warn tar TAR_ENTRY_ERROR ENOENT: no such file or directory, open '/mnt/data/pickinvoice/pickinvoice-step4/node_modules/next/dist/telemetry/events/version.d.ts'
npm warn tar TAR_ENTRY_ERROR ENOENT: no such file or directory, lstat '/mnt/data/pickinvoice/pickinvoice-step4/node_modules/next/dist/client/components/react-dev-overlay'
npm warn tar TAR_ENTRY_ERROR ENOENT: no such file or directory, open '/mnt/data/pickinvoice/pickinvoice-step4/node_modules/next/dist/lib/wait.d.ts'
npm warn tar TAR_ENTRY_ERROR ENOENT: no such file or directory, open '/mnt/data/pickinvoice/pickinvoice-step4/node_modules/next/dist/server/app-render/walk-tree-with-flight-router-state.d.ts'
npm warn tar TAR_ENTRY_ERROR ENOENT: no such file or directory, lstat '/mnt/data/pickinvoice/pickinvoice-step4/node_modules/next/dist/shared/lib/utils'
npm warn tar TAR_ENTRY_ERROR ENOENT: no such file or directory, lstat '/mnt/data/pickinvoice/pickinvoice-step4/node_modules/next/dist/build/webpack'
npm warn tar TAR_ENTRY_ERROR ENOENT: no such file or directory, open '/mnt/data/pickinvoice/pickinvoice-step4/node_modules/next/dist/server/web-server.d.ts'
npm warn tar TAR_ENTRY_ERROR ENOENT: no such file or directory, open '/mnt/data/pickinvoice/pickinvoice-step4/node_modules/next/dist/client/web-vitals.d.ts'
npm warn tar TAR_ENTRY_ERROR ENOENT: no such file or directory, lstat '/mnt/data/pickinvoice/pickinvoice-step4/node_modules/next/dist/server/api-utils'
npm warn tar TAR_ENTRY_ERROR ENOENT: no such file or directory, lstat '/mnt/data/pickinvoice/pickinvoice-step4/node_modules/next/dist/server/base-http'
npm warn tar TAR_ENTRY_ERROR ENOENT: no such file or directory, lstat '/mnt/data/pickinvoice/pickinvoice-step4/node_modules/next/dist/server/response-cache'
npm warn tar TAR_ENTRY_ERROR ENOENT: no such file or directory, lstat '/mnt/data/pickinvoice/pickinvoice-step4/node_modules/next/dist/esm/server/lib/squoosh/webp'
npm warn tar TAR_ENTRY_ERROR ENOENT: no such file or directory, lstat '/mnt/data/pickinvoice/pickinvoice-step4/node_modules/next/dist/server/lib/squoosh/webp'
npm warn tar TAR_ENTRY_ERROR ENOENT: no such file or directory, open '/mnt/data/pickinvoice/pickinvoice-step4/node_modules/next/dist/build/webpack-config.d.ts'
npm warn tar TAR_ENTRY_ERROR ENOENT: no such file or directory, open '/mnt/data/pickinvoice/pickinvoice-step4/node_modules/next/dist/client/webpack.d.ts'
npm warn tar TAR_ENTRY_ERROR ENOENT: no such file or directory, open '/mnt/data/pickinvoice/pickinvoice-step4/node_modules/next/dist/compiled/webpack/webpack.d.ts'
npm warn tar TAR_ENTRY_ERROR ENOENT: no such file or directory, lstat '/mnt/data/pickinvoice/pickinvoice-step4/node_modules/next/dist/build/webpack'
npm warn tar TAR_ENTRY_ERROR ENOENT: no such file or directory, open '/mnt/data/pickinvoice/pickinvoice-step4/node_modules/next/dist/client/components/react-dev-overlay/pages/websocket.d.ts'
npm warn tar TAR_ENTRY_ERROR ENOENT: no such file or directory, lstat '/mnt/data/pickinvoice/pickinvoice-step4/node_modules/next/dist/client/dev/error-overlay'
npm warn tar TAR_ENTRY_ERROR ENOENT: no such file or directory, lstat '/mnt/data/pickinvoice/pickinvoice-step4/node_modules/next/dist/build/polyfills'
npm warn tar TAR_ENTRY_ERROR ENOENT: no such file or directory, open '/mnt/data/pickinvoice/pickinvoice-step4/node_modules/next/dist/lib/with-promise-cache.d.ts'
npm warn tar TAR_ENTRY_ERROR ENOENT: no such file or directory, open '/mnt/data/pickinvoice/pickinvoice-step4/node_modules/next/dist/client/with-router.d.ts'
npm warn tar TAR_ENTRY_ERROR ENOENT: no such file or directory, open '/mnt/data/pickinvoice/pickinvoice-step4/node_modules/next/dist/server/lib/worker-utils.d.ts'
npm warn tar TAR_ENTRY_ERROR ENOENT: no such file or directory, open '/mnt/data/pickinvoice/pickinvoice-step4/node_modules/next/dist/build/worker.d.ts'
npm warn tar TAR_ENTRY_ERROR ENOENT: no such file or directory, open '/mnt/data/pickinvoice/pickinvoice-step4/node_modules/next/dist/lib/worker.d.ts'
npm warn tar TAR_ENTRY_ERROR ENOENT: no such file or directory, open '/mnt/data/pickinvoice/pickinvoice-step4/node_modules/next/dist/server/future/normalizers/wrap-normalizer-fn.d.ts'
npm warn tar TAR_ENTRY_ERROR ENOENT: no such file or directory, lstat '/mnt/data/pickinvoice/pickinvoice-step4/node_modules/next/dist/lib/fs'
npm warn tar TAR_ENTRY_ERROR ENOENT: no such file or directory, open '/mnt/data/pickinvoice/pickinvoice-step4/node_modules/next/dist/build/write-build-id.d.ts'
npm warn tar TAR_ENTRY_ERROR ENOENT: no such file or directory, lstat '/mnt/data/pickinvoice/pickinvoice-step4/node_modules/next/dist/lib/typescript'
npm warn tar TAR_ENTRY_ERROR ENOENT: no such file or directory, lstat '/mnt/data/pickinvoice/pickinvoice-step4/node_modules/next/dist/lib/typescript'
npm warn tar TAR_ENTRY_ERROR ENOENT: no such file or directory, lstat '/mnt/data/pickinvoice/pickinvoice-step4/node_modules/next/dist/lib/eslint'
npm warn tar TAR_ENTRY_ERROR ENOENT: no such file or directory, lstat '/mnt/data/pickinvoice/pickinvoice-step4/node_modules/next/dist/lib/eslint'
npm warn tar TAR_ENTRY_ERROR ENOENT: no such file or directory, open '/mnt/data/pickinvoice/pickinvoice-step4/node_modules/next/dist/compiled/@vercel/og/noto-sans-v27-latin-regular.ttf'
npm warn tar TAR_ENTRY_ERROR ENOENT: no such file or directory, open '/mnt/data/pickinvoice/pickinvoice-step4/node_modules/next/dist/compiled/@edge-runtime/primitives/abort-controller.js.LEGAL.txt'
npm warn tar TAR_ENTRY_ERROR ENOENT: no such file or directory, open '/mnt/data/pickinvoice/pickinvoice-step4/node_modules/next/dist/compiled/@edge-runtime/primitives/blob.js.LEGAL.txt'
npm warn tar TAR_ENTRY_ERROR ENOENT: no such file or directory, open '/mnt/data/pickinvoice/pickinvoice-step4/node_modules/next/dist/compiled/@edge-runtime/primitives/console.js.LEGAL.txt'
npm warn tar TAR_ENTRY_ERROR ENOENT: no such file or directory, open '/mnt/data/pickinvoice/pickinvoice-step4/node_modules/next/dist/compiled/@edge-runtime/primitives/crypto.js.LEGAL.txt'
npm warn tar TAR_ENTRY_ERROR ENOENT: no such file or directory, open '/mnt/data/pickinvoice/pickinvoice-step4/node_modules/next/dist/compiled/@edge-runtime/primitives/events.js.LEGAL.txt'
npm warn tar TAR_ENTRY_ERROR ENOENT: no such file or directory, open '/mnt/data/pickinvoice/pickinvoice-step4/node_modules/next/dist/compiled/@edge-runtime/primitives/fetch.js.LEGAL.txt'
npm warn tar TAR_ENTRY_ERROR ENOENT: no such file or directory, open '/mnt/data/pickinvoice/pickinvoice-step4/node_modules/next/dist/compiled/@edge-runtime/primitives/index.js.LEGAL.txt'
npm warn tar TAR_ENTRY_ERROR ENOENT: no such file or directory, open '/mnt/data/pickinvoice/pickinvoice-step4/node_modules/next/dist/compiled/@edge-runtime/primitives/load.js.LEGAL.txt'
npm warn tar TAR_ENTRY_ERROR ENOENT: no such file or directory, open '/mnt/data/pickinvoice/pickinvoice-step4/node_modules/next/dist/compiled/@edge-runtime/primitives/structured-clone.js.LEGAL.txt'
npm warn tar TAR_ENTRY_ERROR ENOENT: no such file or directory, open '/mnt/data/pickinvoice/pickinvoice-step4/node_modules/next/dist/compiled/@edge-runtime/primitives/timers.js.LEGAL.txt'
npm warn tar TAR_ENTRY_ERROR ENOENT: no such file or directory, open '/mnt/data/pickinvoice/pickinvoice-step4/node_modules/next/dist/compiled/@edge-runtime/primitives/url.js.LEGAL.txt'
npm warn tar TAR_ENTRY_ERROR ENOENT: no such file or directory, open '/mnt/data/pickinvoice/pickinvoice-step4/node_modules/next/dist/server/lib/squoosh/avif/avif_node_dec.wasm'
npm warn tar TAR_ENTRY_ERROR ENOENT: no such file or directory, open '/mnt/data/pickinvoice/pickinvoice-step4/node_modules/next/dist/server/lib/squoosh/avif/avif_node_enc.wasm'
npm warn tar TAR_ENTRY_ERROR ENOENT: no such file or directory, open '/mnt/data/pickinvoice/pickinvoice-step4/node_modules/next/dist/compiled/source-map08/mappings.wasm'
npm warn tar TAR_ENTRY_ERROR ENOENT: no such file or directory, lstat '/mnt/data/pickinvoice/pickinvoice-step4/node_modules/next/dist/server/lib/squoosh/mozjpeg'
npm warn tar TAR_ENTRY_ERROR ENOENT: no such file or directory, lstat '/mnt/data/pickinvoice/pickinvoice-step4/node_modules/next/dist/server/lib/squoosh/mozjpeg'
npm warn tar TAR_ENTRY_ERROR ENOENT: no such file or directory, open '/mnt/data/pickinvoice/pickinvoice-step4/node_modules/next/dist/compiled/@vercel/og/resvg.wasm'
npm warn tar TAR_ENTRY_ERROR ENOENT: no such file or directory, lstat '/mnt/data/pickinvoice/pickinvoice-step4/node_modules/next/dist/server/lib/squoosh/rotate'
npm warn tar TAR_ENTRY_ERROR ENOENT: no such file or directory, lstat '/mnt/data/pickinvoice/pickinvoice-step4/node_modules/next/dist/server/lib/squoosh/png'
npm warn tar TAR_ENTRY_ERROR ENOENT: no such file or directory, lstat '/mnt/data/pickinvoice/pickinvoice-step4/node_modules/next/dist/server/lib/squoosh/png'
npm warn tar TAR_ENTRY_ERROR ENOENT: no such file or directory, lstat '/mnt/data/pickinvoice/pickinvoice-step4/node_modules/next/dist/server/lib/squoosh/resize'
npm warn tar TAR_ENTRY_ERROR ENOENT: no such file or directory, lstat '/mnt/data/pickinvoice/pickinvoice-step4/node_modules/next/dist/server/lib/squoosh/webp'
npm warn tar TAR_ENTRY_ERROR ENOENT: no such file or directory, lstat '/mnt/data/pickinvoice/pickinvoice-step4/node_modules/next/dist/server/lib/squoosh/webp'
npm warn tar TAR_ENTRY_ERROR ENOENT: no such file or directory, open '/mnt/data/pickinvoice/pickinvoice-step4/node_modules/next/dist/compiled/@vercel/og/yoga.wasm'
npm error code ENOENT
npm error path /mnt/data/pickinvoice/pickinvoice-step4/node_modules/typescript
npm error enoent ENOENT: Cannot cd into '/mnt/data/pickinvoice/pickinvoice-step4/node_modules/typescript'
npm error enoent This is related to npm not being able to find a file.
npm error enoent
npm error A complete log of this run can be found in: /home/oai/.npm/_logs/2026-05-23T23_21_11_420Z-debug-0.log
